CASE_ID,F_FIRM,F_AD_MEASURE_FIRM,COUNTRY,NOTES,,,,,
CHN-AD-1,Hansol Paper Co Ltd,9,South Korea,,,,,,
CHN-AD-2,Howe Sound Pulp and Paper Limited,61,Canada,,,,,,
CHN-AD-2,Fletcher Challenge Canada Ltd,59,Canada,,,,,,
CHN-AD-2,Pacific Papers Lnc,56.99999999999999,Canada,,,,,,
CHN-AD-2,Avenor Lnc,78,Canada,,,,,,
CHN-AD-2,Fin1Ay Forest Industries Ins,78,Canada,,,,,,
CHN-AD-3,MI,MI,USA,not available,,,,,
CHN-AD-4,Kuibishevazot Joint Stock Company,17,Russia,,,,,,
CHN-AD-4,"Kemerovo Joint Stock Company ""Azot""",9,Russia,,,,,,
CHN-AD-4,Novolipetsk Iron & Steel Works,6,Russia,,,,,,
CHN-AD-4,Viz Stal Ltd,0,Russia,,,,,,
CHN-AD-5,Skc,21,South Korea,,,,,,
CHN-AD-5,Hyosung T&C Co Ltd,72,South Korea,,,,,,
CHN-AD-5,Kolon International Corp,72,South Korea,,,,,,
CHN-AD-5,Saehan Group,72,South Korea,,,,,,
CHN-AD-6,Nippon Steei Co Ltd,24,Japan,,,,,,
CHN-AD-6,Nippon Metal Indus-Try Co Ltd,26,Japan,,,,,,
CHN-AD-6,Nisshin Steel Co Ltd,17,Japan,,,,,,
CHN-AD-6,Sumitomo Metal'Industries  Ltd,26,Japan,,,,,,
CHN-AD-6,Nippon Yakin Kogyo Co Ltd,27,Japan,,,,,,
CHN-AD-6,Nippon Kinzoku Co Ltd,57.99999999999999,Japan,,,,,,
CHN-AD-6,Takasago Tekko K K,57.99999999999999,Japan,,,,,,
CHN-AD-6,Nas Stainless Steel Strip Mfg Co Ltd,57.99999999999999,Japan,,,,,,
CHN-AD-6,Kawasaki Steel Co Ltd,.,Japan,PU,,,,,
CHN-AD-7,Pohang Iron 8L Steel Co Ltd,11,South Korea,PU,,,,,
CHN-AD-7,1Nchoniron & Steel Co Ltd,4,South Korea,PU,,,,,
CHN-AD-7,Sammi Steel Co Ltd,6,South Korea,PU,,,,,
CHN-AD-7,Taihan Lectric Wireco  Ltd,7.000000000000001,South Korea,PU,,,,,
CHN-AD-7,Daiyang Metal Co Ltd,6,South Korea,PU,,,,,
CHN-AD-7,Samwon Precision Metals Co Ltd,9,South Korea,PU,,,,,
CHN-AD-8,MI,MI,Germany,not available,,,,,
CHN-AD-9,MI,MI,Japan,not available,,,,,
CHN-AD-10,MI,MI,USA,not available,,,,,
CHN-AD-11,MI,MI,Germany,not available,,,,,
CHN-AD-12,MI,MI,France,not available,,,,,
CHN-AD-13,MI,MI,Netherlands,not available,,,,,
CHN-AD-14,MI,MI,South Korea,not available,,,,,
CHN-AD-15,MI,MI,UK,not available,,,,,
CHN-AD-16,MI,MI,USA,not available,,,,,
CHN-AD-17,.,.,South Korea,NO injury,,,,,
CHN-AD-18,.,.,Japan,NO injury,,,,,
CHN-AD-19,.,.,Thailand,NO injury,,,,,
CHN-AD-20,.,.,USA,NO injury,,,,,
CHN-AD-21,MI,MI,Indonesia,not available,,,,,
CHN-AD-22,MI,MI,South Korea,not available,,,,,
CHN-AD-23,MI,MI,South Korea,not available,,,,,
CHN-AD-24,MI,MI,South Korea,not available,,,,,
CHN-AD-25,Lg Chem  Ltd,2,South Korea,,,,,,
CHN-AD-26,Basf Petronas Chemicals Sdn Bhd,4,Malaysia,,,,,,
CHN-AD-27,Singapore Acrylic Ester Pte Ltd,30,Singapore,,,,,,
CHN-AD-28,Pt  Nippon Shokubai Indonesia,11,Indonesia,,,,,,
CHN-AD-29,Basf Antwerpen N V,6,Belgium,,,,,,
CHN-AD-30,Domo Caproleuna Gmbh,22,Germany,,,,,,
CHN-AD-31,Kuibishevazot Joint Stock Company,7.000000000000001,Russia,,,,,,
CHN-AD-31,"Kemerovo Joint Stock Company ""Azot""",9,Russia,,,,,,
CHN-AD-32,Dsm Fiber Intermediates B V,6,Netherlands,,,,,,
CHN-AD-33,Sumitomo Chemical Company  Ltd,5,Japan,,,,,,
CHN-AD-33,Ube Industries  Ltd,8,Japan,,,,,,
CHN-AD-33,Mitsubishi Chemical Corporation,10,Japan,,,,,,
CHN-AD-33,Toray Industries Inc,5,Japan,,,,,,
CHN-AD-34,Kye Sung Paper Co Ltd,31,South Korea,,,,,,
CHN-AD-34,Nam Han Paper Co Ltd,31,South Korea,,,,,,
CHN-AD-34,Poong Man Paper Co Ltd,31,South Korea,,,,,,
CHN-AD-34,Hansol Paper Co Ltd,16,South Korea,,,,,,
CHN-AD-34,Shinho Paper Mfg  Co Ltd,9,South Korea,,,,,,
CHN-AD-34,Hankuk Paper Mfg Co Ltd,9,South Korea,,,,,,
CHN-AD-34,Shin Moorim Paper Mfg  Co Ltd,4,South Korea,,,,,,
CHN-AD-34,Moorim Paper Mfg  Co Ltd,4,South Korea,,,,,,
CHN-AD-35,Nippon Paper Industries Co Ltd,9,Japan,,,,,,
CHN-AD-35,Oji Paper Co Ltd,56.00000000000001,Japan,,,,,,
CHN-AD-36,.,.,Finland,investigation terminated,,,,,
CHN-AD-37,.,.,USA,investigation terminated,,,,,
CHN-AD-38,Rhodia Organique Sas,20,France,,,,,,
CHN-AD-38,Borregaard Italia Spa,27,Italy,,,,,,
CHN-AD-38,Borregaard Italia Spa,27,Italy,,,,,,
CHN-AD-38,Borregaard Italia Spa,27,Italy,,,,,,
CHN-AD-39,MI,MI,Japan,not available,,,,,
CHN-AD-40,MI,MI,India,not available,,,,,
CHN-AD-41,MI,MI,South Korea,not available,,,,,
CHN-AD-42,Hyundai Petrochemical Co Ltd,19,South Korea,,,,,,
CHN-AD-42,Kumho Petrochemical Co Ltd,7.000000000000001,South Korea,,,,,,
CHN-AD-43,Zeon Corporation,19,Japan,,,,,,
CHN-AD-43,Jsr Corporation,10,Japan,,,,,,
CHN-AD-43,Asahi Kasei Corporation,0,Japan,,,,,,
CHN-AD-44,Nchz Sterlitamak Corporation,14.000000000000002,Russia,,,,,,
CHN-AD-44,Omsk Kauchuk,23,Russia,,,,,,
CHN-AD-44,Togliatti Kauchuk Ltd,15,Russia,,,,,,
CHN-AD-45,MI,MI,Kazakhstan,not available,,,,,
CHN-AD-46,MI,MI,South Korea,not available,,,,,
CHN-AD-47,MI,MI,Taiwan,not available,,,,,
CHN-AD-48,MI,MI,Ukraine,not available,,,,,
CHN-AD-49,MI,MI,Russia,not available,,,,,
CHN-AD-50,J/S Co  Kaustik,34,Russia,,,,,,
CHN-AD-51,Lg Chem  Ltd,6,South Korea,,,,,,
CHN-AD-51,Hanwha Chemical Corporation,12,South Korea,,,,,,
CHN-AD-52,Shintech Incorporated,83,USA,,,,,,
CHN-AD-52,Formosa Plastics Corporation Texas,11,USA,,,,,,
CHN-AD-53,Shin-Etsu Chemical Co Ltd,17,Japan,,,,,,
CHN-AD-53,V-Tech Corporation,21,Japan,,,,,,
CHN-AD-53,Taiyo Vinyl Corporation,7.000000000000001,Japan,,,,,,
CHN-AD-53,Shin Dai-Ichi Vinyl Corporation,34,Japan,,,,,,
CHN-AD-53,Kaneka Corporation,30,Japan,,,,,,
CHN-AD-54,China General Plastics Corporation,12,Taiwan,,,,,,
CHN-AD-54,Formosa Plastics Corporation,10,Taiwan,,,,,,
CHN-AD-54,Ocean Plastic Co Ltd,22,Taiwan,,,,,,
CHN-AD-55,OCI Company Ltd,3,South Korea,,,,,,
CHN-AD-55,Fine Chemical Co Ltd,3,South Korea,,,,,,
CHN-AD-56,Basf Corporation,28.000000000000004,USA,,,,,,
CHN-AD-56,Bayer Polymers Llc,7.000000000000001,USA,,,,,,
CHN-AD-57,Nippon Polyurethane Industry Co Ltd,5,Japan,,,,,,
CHN-AD-57,Mitsui Takeda Chemicals Inc,4,Japan,,,,,,
CHN-AD-58,Kumho P&B Chemicals  Inc,5,South Korea,,,,,,
CHN-AD-59,Basf Corporation,28.000000000000004,USA,,,,,,
CHN-AD-59,Bayer Polymers Llc,7.000000000000001,USA,,,,,,
CHN-AD-60,Mitsui Chemicals Inc  Japan,6,Japan,,,,,,
CHN-AD-61,Formosa Chemicals&Fibre Corporation,3,Taiwan,,,,,,
CHN-AD-61,Taiwan Prosperity Chemical Corporation,5,Taiwan,,,,,,
CHN-AD-62,.,.,Japan,investigation terminated,,,,,
CHN-AD-63,.,.,South Korea,investigation terminated,,,,,
CHN-AD-64,Ineos Americas Llc,20,USA,,,,,,
CHN-AD-64,The Dow Chemical Company,74,USA,,,,,,
CHN-AD-65,Optimal Chemicals (Malaysia) Sdn Bhd,9,Malaysia,,,,,,
CHN-AD-66,MI,MI,Japan,not available,,,,,
CHN-AD-67,Oriental Union Chemical Corporation,20,Taiwan,,,,,,
CHN-AD-68,Arak Petrochemical Company,26,Iran,,,,,,
CHN-AD-69,Optimal Chemicals (Malaysia) Sdn Bhd）,9,Malaysia,,,,,,
CHN-AD-70,Degussa Corporation,.,Germany,,,,,,
CHN-AD-71,The Dow Chemical Company,.,USA,PU,,,,,
CHN-AD-71,Vulcan Materials Company,.,USA,PU,,,,,
CHN-AD-72,Ineos Chlor Limited,32,UK,,,,,,
CHN-AD-72,Lii Europe Gmbh,.,Germany,PU,,,,,
CHN-AD-72,Arkema,.,France,PU,,,,,
CHN-AD-73,Chemplast Sanmar Limited,96,India,,,,,,
CHN-AD-74,Samsung Fine Chemicals,.,South Korea,PU,,,,,
CHN-AD-75,Ofs Fitel  Llc,46,USA,,,,,,
CHN-AD-75,Corning Incorporated,0,USA,,,,,,
CHN-AD-76,MI,MI,Japan,not available,,,,,
CHN-AD-77,Lg Cable Ltd,7.000000000000001,South Korea,,,,,,
CHN-AD-77,Optomagic Co Ltd,13,South Korea,,,,,,
CHN-AD-78,MI,MI,Taiwan,not available,,,,,
CHN-AD-79,Lanxess Deutschland Gmbh,11,France,,,,,,
CHN-AD-79,Polimeri Europa Elastomères France S A,53,Germany,,,,,,
CHN-AD-80,Denki Kagaku Kogyo Kabushiki Kaisha,3,Japan,,,,,,
CHN-AD-80,Tosoh Corporation,2,Japan,,,,,,
CHN-AD-81,MI,MI,USA,not available,,,,,
CHN-AD-82,Koc Co Ltd,28.000000000000004,South Korea,DPU,,,,,
CHN-AD-83,MI,MI,USA,DPU,,,,,
CHN-AD-84,MI,MI,Japan,DPU,,,,,
CHN-AD-85,Arkema,68,France,DPU,,,,,
CHN-AD-86,Meadwestvaco Corporation,16.6,USA,,,,,,
CHN-AD-86,Weyerhaeuser Company,12.9,USA,,,,,,
CHN-AD-86,Smurfit-Stone Container Enterprise  Inc,22.7,USA,,,,,,
CHN-AD-86,Georgia-Pacific Corporation,17.9,USA,,,,,,
CHN-AD-86,International Paper Company/ International Paper,17.9,USA,,,,,,
CHN-AD-86,Longview Fibre Company,17.9,USA,,,,,,
CHN-AD-86,Packing Corporation of America,17.9,USA,,,,,,
CHN-AD-86,Inland Paperboard and Packaging Inc :,65.2,USA,,,,,,
CHN-AD-87,Yfy Packaging Inc,7.000000000000001,Taiwan,,,,,,
CHN-AD-87,Long Chen Paper Co Ltd,12.1,Taiwan,,,,,,
CHN-AD-87,Cheng Loong Corporation,9,Taiwan,,,,,,
CHN-AD-88,Panjapol Paper Industry Co Ltd,25.1,Thailand,,,,,,
CHN-AD-88,Thai Cane Paper Public Company Limited,13.200000000000001,Thailand,,,,,,
CHN-AD-88,Siam Kraft Industry Company Limited,13.200000000000001,Thailand,,,,,,
CHN-AD-89,Hwaseung Paper Co Ltd,11,South Korea,,,,,,
CHN-AD-89,Shindaeyang Paper Co Ltd,11,South Korea,,,,,,
CHN-AD-89,Choil Paper Mfg  Co Ltd,11,South Korea,,,,,,
CHN-AD-89,Dreampatech Co Ltd ):,11,South Korea,,,,,,
CHN-AD-89,Asia Paper Mfg Co Ltd,11,South Korea,,,,,,
CHN-AD-89,Dong Il Paper Mfg  Co Ltd,11,South Korea,,,,,,
CHN-AD-89,Wolsan Co Ltd,11,South Korea,,,,,,
CHN-AD-91,“Usoliekhimprom” Llc,3,Russia,,,,,,
CHN-AD-92,.,.,South Korea,investigation terminated,,,,,
CHN-AD-93,.,.,Japan,investigation terminated,,,,,
CHN-AD-94,.,.,Taiwan,investigation terminated,,,,,
CHN-AD-95,.,.,Singapore,investigation terminated,,,,,
CHN-AD-96,.,.,Russia,investigation terminated,,,,,
CHN-AD-97,Dow Corning Corporation,13,USA,,,,,,
CHN-AD-98,Ge Toshiba Silicones Co Ltd,14.000000000000002,Japan,,,,,,
CHN-AD-99,Dow Corning Limited,13,UK,,,,,,
CHN-AD-100,Wacker-Chemie Gmbh,22,Germany,,,,,,
CHN-AD-101,.,.,Netherlands,,,,,,
CHN-AD-102,.,.,USA,,,,,,
CHN-AD-103,.,.,South Korea,,,,,,
CHN-AD-104,MI,MI,EU,AVD,,,,,
CHN-AD-105,MI,MI,Japan,DPU,,,,,
CHN-AD-106,Fmc,44,USA,DPU,,,,,
CHN-AD-107,Daesang Corporation,25,South Korea,AVD,,,,,
CHN-AD-108,MI,MI,Japan,AVD,,,,,
CHN-AD-109,Samsung Fine Chemicals Co.Ltd,3.8,South Korea,AVD,,,,,
CHN-AD-109,Han Wha Chemical Corporation,4,South Korea,AVD,,,,,
CHN-AD-110,The Dow Chemical Company,4.3,USA,AVD,,,,,
CHN-AD-111,Kashima Chemical Co Ltd,4.7,Japan,AVD,,,,,
CHN-AD-111,Daiso Co Ltd,0,Japan,AVD,,,,,
CHN-AD-112,The Joint Stock Company Kaustik,17.9,Russia,AVD,,,,,
CHN-AD-112,"Limited Liability Company ""Usoliekhimprom""",5.4,Russia,AVD,,,,,
CHN-AD-113,MI,MI,USA,AVD,,,,,
CHN-AD-114,Opelontex Co Ltd,12.870000000000001,Japan,AVD,,,,,
CHN-AD-115,Formosa Asahi Spandex Co. Ltd,5.19,Taiwan,AVD,,,,,
CHN-AD-116,Invista (Singapore) Fibres Pte Ltd,10.85,Singapore,AVD,,,,,
CHN-AD-117,Hyosung Corporation,0,South Korea,AVD,,,,,
CHN-AD-117,Tongkook Corporation,2.86,South Korea,AVD,,,,,
CHN-AD-117,Taekwang Industrial Co.Ltd,2.31,South Korea,AVD,,,,,
CHN-AD-118,MI,MI,Japan,AVD,,,,,
CHN-AD-119,Rhodia Inc,4,USA,AVD,,,,,
CHN-AD-120,Chang Chun Plastics Co.Ltd,6.239999999999999,Taiwan,AVD,,,,,
CHN-AD-121,MI,MI,Japan,,,,,,
CHN-AD-122,Papierfabrik Schoeller & Hoesch Gmbh & Co. Kg,10,EU,AVD,,,,,
CHN-AD-123,Mw Custom Paper Llc,4.1000000000000005,USA,AVD,,,,,
CHN-AD-124,.,.,EU,,,,,,
CHN-AD-125,.,.,Japan,,,,,,
CHN-AD-126,.,.,Saudi Arabia,,,,,,
CHN-AD-127,.,.,Indonesia,,,,,,
CHN-AD-128,.,.,South Korea,,,,,,
CHN-AD-129,.,.,Malaysia,,,,,,
CHN-AD-130,.,.,USA,,,,,,
CHN-AD-131,.,.,South Africa,,,,,,
CHN-AD-132,.,.,EU,,,,,,
CHN-AD-133,.,.,Japan,,,,,,
CHN-AD-134,.,.,Russia,,,,,,
CHN-AD-135,Si Group­India Limited,12.22,India,AVD,,,,,
CHN-AD-136,Formosan Union Chemical Corporation,6.87,Taiwan,AVD,,,,,
CHN-AD-136,China Man-Made Fiber Corporation,4.08,Taiwan,AVD,,,,,
CHN-AD-137,Avebe U.A. (Netherland),18,EU,AVD,,,,,
CHN-AD-137,Avebe Kartoffelstarkefabrik Prignitz/Wendland Gmbh (Germany),18,EU,AVD,,,,,
CHN-AD-137,Roquette Freres (France),17,EU,AVD,,,,,
CHN-AD-138,Nippon Kodoshi Corporation,22,Japan,AVD,,,,,
CHN-AD-138,Daifuku Seishi Co.Ltd,15,Japan,AVD,,,,,
CHN-AD-139,Virchow Laboratories Limited,10.100000000000001,Japan,AVD,,,,,
CHN-AD-139,Andhra Organics Limited,10.100000000000001,Japan,AVD,,,,,
CHN-AD-140,Mitsui Chemicals Inc,6.1,Japan,AVD,,,,,
CHN-AD-140,Mitsubishi Chemical Corporation,7.9,Japan,AVD,,,,,
CHN-AD-141,Mitsui Phenols Singapore Pte Ltd,5,Singapore,AVD,,,,,
CHN-AD-142,Kumho P&B Chemicals Inc,5.800000000000001,South Korea,AVD,,,,,
CHN-AD-142,Lg Petrochemical Co Ltd,6.4,South Korea,AVD,,,,,
CHN-AD-143,Nan Ya Plastics Corporation,6,Taiwan,AVD,,,,,
CHN-AD-143,Chang Chun Plastics Co Ltd,6,Taiwan,AVD,,,,,
CHN-AD-143,Taiwan Prosperity Chemical Corporation,5.3,Taiwan,AVD,,,,,
CHN-AD-144,Tonen Chemical Corporation,27.3,Japan,AVD,,,,,
CHN-AD-144,Maruzen Petrochemical Co. Ltd .,9.6,Japan,AVD,,,,,
CHN-AD-145,MI,MI,Taiwan,AVD,,,,,
CHN-AD-146,MI,MI,Singapore,AVD,,,,,
CHN-AD-147,Mitsui Chemicals Inc,11.9,Japan,AVD,,,,,
CHN-AD-147,Mitsubishi Chemical Corporation,10.7,Japan,AVD,,,,,
CHN-AD-148,Mitsui Phenols Singapore Pte Ltd,7.8,Singapore,AVD,,,,,
CHN-AD-149,Lg Chem Ltd,5,South Korea,AVD,,,,,
CHN-AD-149,Kumho P&B Chemicals Inc,52.9,South Korea,AVD,,,,,
CHN-AD-150,Formosa Chemicals & Fibre Corporation,6.2,Taiwan,AVD,,,,,
CHN-AD-150,Chang Chun Plastics Co. Ltd,9.4,Taiwan,AVD,,,,,
CHN-AD-150,Taiwan Prosperity Chemical Corporation,6.5,Taiwan,AVD,,,,,
CHN-AD-151,MI,25.1,South Korea,AVD,,,,,
CHN-AD-152,Asia Silicones Monomer Limited,5.4,Thailand,AVD,,,,,
CHN-AD-153,.,.,Japan,,,,,,
CHN-AD-154,International Diol Company,4.5,Saudi Arabia,AVD,,,,,
CHN-AD-155,Dairen Chemical Corporation,4.6,Taiwan,AVD,,,,,
CHN-AD-155,Tcc Chemical Corporation,9.1,Taiwan,AVD,,,,,
CHN-AD-155,Nan Ya Plastics Corporation,4.8,Taiwan,AVD,,,,,
CHN-AD-156,Rhodia Polyamide Co Ltd,5.9,South Korea,AVD,,,,,
CHN-AD-156,Asahi Kasei Chemicals Korea Co.,5,South Korea,AVD,,,,,
CHN-AD-157,Radici Chimica S.P.A,7.4,EU,AVD,,,,,
CHN-AD-157,Radici Chimica Deutshland Gmbh,7.4,EU,AVD,,,,,
CHN-AD-157,Basf Se,9.8,EU,AVD,,,,,
CHN-AD-158,Ascend Performance Material LLC,16.8,USA,AVD,,,,,
CHN-AD-159,Ascend Performance Material LLC,31.4,USA,AVD,,,,,
CHN-AD-159,Invista S.A R.L,25.2,USA,AVD,,,,,
CHN-AD-160,Radici Chimica S.P.A,5.3,Italy,AVD,,,,,
CHN-AD-161,Invista Textiles (U.K.) Limited,20.9,UK,AVD,,,,,
CHN-AD-162,MI,MI,France,AVD,,,,,
CHN-AD-163,MI,MI,Taiwan,AVD,,,,,
CHN-AD-164,KAMAX-Werke Rudolf Kellermann GMBH & Co. KG,6.1,EU,AVD,,,,,
CHN-AD-165,Hyosung Corporation,2.6,South Korea,AVD Preliminary Measure: 2.7,,,,,
CHN-AD-165,Samsung Petrochemical Company Limited,2,South Korea,AVD Preliminary Measure: 3.4,,,,,
CHN-AD-165,SK Petrochemical Co. Ltd,11.2,South Korea,AVD Preliminary Measure: 3.5,,,,,
CHN-AD-165,Samnam Petrochemical Co. Ltd,3.7,South Korea,AVD Preliminary Measure: 4.2,,,,,
CHN-AD-165,KP Chemical Corporation,2,South Korea,AVD Preliminary Measure: 2.9,,,,,
CHN-AD-165,Taekwang Industrial Co. Ltd,2.4,South Korea,AVD Preliminary Measure: 2.4,,,,,
CHN-AD-166,Indorama Petrochem Limited,16.9,Thailand,AVD Preliminary Measure: 18.9,,,,,
CHN-AD-166,Siam Mitsui PTA Co. Ltd,6,Thailand,AVD Preliminary Measure: 12.2,,,,,
CHN-AD-166,TPT Petrochemicals Public Company Limited,12.9,Thailand,AVD Preliminary Measure: 18.5,,,,,
CHN-AD-167,PT. Cheil Jedang Indonesia,6.3,Indonesia,AVD,,,,,
CHN-AD-167,PT. Kirin Miwon Foods,6.9,Indonesia,AVD,,,,,
CHN-AD-168,Ajinomoto Co. (Thailand) Ltd,4.8,Thailand,AVD,,,,,
CHN-AD-169,BASF Corporation,29.3,USA,AVD,,,,,
CHN-AD-169,Honeywell Resins & Chemical LLC,36.2,USA,AVD,,,,,
CHN-AD-170,Zaklady Azotowe w Tarnowie-Mościcach S.A.,9.7,EU,AVD,,,,,
CHN-AD-170,Basf Antwerpen N.V.,8,EU,AVD,,,,,
CHN-AD-170,DOMO Caproleuna GmbH,8.2,EU,AVD,,,,,
CHN-AD-170,DSM Engineering Plastics B.V.,8.2,EU,AVD,,,,,
CHN-AD-171,"""KuibyshevAzot"" Joint Stock Company",5.9,Russia,AVD,,,,,
CHN-AD-172,Formosa Chemicals & Fiber Corporation,4,Taiwan,AVD,,,,,
CHN-AD-172,Li Peng Enterprise Co Ltd,4.3,Taiwan,AVD,,,,,
CHN-AD-172,Zig sheng Industrial Co Ltd,4.2,Taiwan,AVD,,,,,
CHN-AD-172,Hualon Corporation,4.2,Taiwan,AVD,,,,,
CHN-AD-172,China Petrochemical Development Corporation,4.2,Taiwan,AVD,,,,,
CHN-AD-172,Tai-Young Nylon Co. Ltd,4.2,Taiwan,AVD,,,,,
CHN-AD-172,Chain Yarn Co. Ltd,4.2,Taiwan,AVD,,,,,
CHN-AD-173,AK Steel Corporation,7.8,USA,AVD,,,,,
CHN-AD-173,ATI Allegheny Ludlum Corporation,19.9,USA,AVD,,,,,
CHN-AD-174,OJSC “Novolipetsk” Steel (NLMK),6.3,Russia,AVD,,,,,
CHN-AD-174,VIZ-Stal LTD,6.3,Russia,AVD,,,,,
CHN-AD-175,.,.,Saudi Arabia,,,,,,
CHN-AD-176,Petronas Methanol Labuan Sdn.,9.1,Malaysia,AVD,,,,,
CHN-AD-177,Pt Kaltim Methanol Industri,9.1,Indonesia,AVD,,,,,
CHN-AD-178,Mathanex New Zealand Limited.,8.9,New Zealand,AVD,,,,,
CHN-AD-179,Pilgrim's Pride Corporation,53.4,USA,AVD Preliminary Measure: 80.5,,,,,
CHN-AD-179,Tyson Foods Inc,50.3,USA,AVD Preliminary Measure: 43.1,,,,,
CHN-AD-179,Keystone Foods LLC,50.3,USA,AVD Preliminary Measure: 44,,,,,
CHN-AD-179,Sanderson Farms Inc,51.8,USA,AVD Preliminary Measure: 64.5,,,,,
CHN-AD-179,Lamex Foods Inc,51.8,USA,AVD Preliminary Measure: 64.5,,,,,
CHN-AD-179,Mountaire Farms,51.8,USA,AVD Preliminary Measure: 64.5,,,,,
CHN-AD-179,Wayne Farms LLC,51.8,USA,AVD Preliminary Measure: 64.5,,,,,
CHN-AD-179,Koch Foods LLC,51.8,USA,AVD Preliminary Measure: 64.5,,,,,
CHN-AD-179,O.K. Foods Inc,51.8,USA,AVD Preliminary Measure: 64.5,,,,,
CHN-AD-179,Interra International Inc,51.8,USA,AVD Preliminary Measure: 64.5,,,,,
CHN-AD-179,MAR-JAC Poultry Inc,51.8,USA,AVD Preliminary Measure: 64.5,,,,,
CHN-AD-179,Peco Foods Inc,51.8,USA,AVD Preliminary Measure: 64.5,,,,,
CHN-AD-179,House of Raeford Farms Inc,51.8,USA,AVD Preliminary Measure: 64.5,,,,,
CHN-AD-179,Foster Poultry Farms,51.8,USA,AVD Preliminary Measure: 64.5,,,,,
CHN-AD-179,Fieldale Farms Corporation,51.8,USA,AVD Preliminary Measure: 64.5,,,,,
CHN-AD-179,Water Valley Poultry LLC,51.8,USA,AVD Preliminary Measure: 64.5,,,,,
CHN-AD-179,Kralis Brothers Foods LLC,51.8,USA,AVD Preliminary Measure: 64.5,,,,,
CHN-AD-179,Case Farms LLC,51.8,USA,AVD Preliminary Measure: 64.5,,,,,
CHN-AD-179,Perdue Farms Inc,51.8,USA,AVD Preliminary Measure: 64.5,,,,,
CHN-AD-179,Butterfield Foods Company Inc,51.8,USA,AVD Preliminary Measure: 64.5,,,,,
CHN-AD-179,Amick Farms LLC,51.8,USA,AVD Preliminary Measure: 64.5,,,,,
CHN-AD-179,Claxton Poultry Farms,51.8,USA,AVD Preliminary Measure: 64.5,,,,,
CHN-AD-179,Gold'n Plump Farms Limited Partnership LLP,51.8,USA,AVD Preliminary Measure: 64.5,,,,,
CHN-AD-179,Allen Family Foods Inc,51.8,USA,AVD Preliminary Measure: 64.5,,,,,
CHN-AD-179,Metafoods LLC,51.8,USA,AVD Preliminary Measure: 64.5,,,,,
CHN-AD-179,B&B Poultry Co. Inc,51.8,USA,AVD Preliminary Measure: 64.5,,,,,
CHN-AD-179,Harrison Poultry Inc,51.8,USA,AVD Preliminary Measure: 64.5,,,,,
CHN-AD-179,Simmons Prepared Foods,51.8,USA,AVD Preliminary Measure: 64.5,,,,,
CHN-AD-179,Tip Top Poultry Inc,51.8,USA,AVD Preliminary Measure: 64.5,,,,,
CHN-AD-179,Boston Agrex Inc,51.8,USA,AVD Preliminary Measure: 64.5,,,,,
CHN-AD-179,Townsends Inc,51.8,USA,AVD Preliminary Measure: 64.5,,,,,
CHN-AD-179,George's Inc,51.8,USA,AVD Preliminary Measure: 64.5,,,,,
CHN-AD-179,Gerber Poultry Inc,51.8,USA,AVD Preliminary Measure: 64.5,,,,,
CHN-AD-179,Export Packers Co. Ltd,51.8,USA,AVD Preliminary Measure: 64.5,,,,,
CHN-AD-179,Petaluma Acquisition LLC,51.8,USA,AVD Preliminary Measure: 64.5,,,,,
CHN-AD-180,Smiths Heimann Gmbh,33.5,EU,AVD Preliminary Measure: 48.2,,,,,
CHN-AD-181,General Motors,8.9,USA,AVD Preliminary Measure: 9.9,,,,,
CHN-AD-181,Chrysler,8.8,USA,AVD Preliminary Measure: 8.8,,,,,
CHN-AD-181,Mercedes-Benz,2.7,USA,AVD Preliminary Measure: 2.7,,,,,
CHN-AD-181,BMW,2,USA,AVD Preliminary Measure: 2.0,,,,,
CHN-AD-181,Honda,4.1,USA,AVD Preliminary Measure: 4.4,,,,,
CHN-AD-181,Ford,.,USA,,,,,,
CHN-AD-181,All Others,21.5,USA,AVD Preliminary Measure: 21.5,,,,,
CHN-AD-182,Ofs Fitel  LLC,4.7,USA,,,,,,
CHN-AD-182,Corning Incorporated,5.4,USA,,,,,,
CHN-AD-182,Draka Communications Americas Inc,8.5,USA,,,,,,
CHN-AD-182,All Others,18.6,USA,,,,,,
CHN-AD-183,Draka Comteq France SAS,12.9,EU,,,,,,
CHN-AD-183,Draka Comteq Fibre B.V.,12.9,EU,,,,,,
CHN-AD-183,OFS Fitel Denmark ApS,29.1,EU,,,,,,
CHN-AD-183,Fibre Ottiche Sud F.O.S. S.r.l.,24.7,EU,,,,,,
CHN-AD-183,All Others,29.1,EU,,,,,,
CHN-AD-184,DSM Fibre Intermediates B.V.,2.3,EU,,,,,,
CHN-AD-184,LANXESS N.V.,3.4,EU,,,,,,
CHN-AD-184,UBE Chemical Europe S.A.,2.6,EU,,,,,,
CHN-AD-184,BASF Antwerpen N.V.,3.1,EU,,,,,,
CHN-AD-184,DOMO Caproleuna GmbH,3.2,EU,,,,,,
CHN-AD-184,Zaklady Azotowe w Tarnowie-Moscicach S.A.,4.9,EU,,,,,,
CHN-AD-184,"Zaklady Azotowe ""Pulawy"" S.A.",4.4,EU,,,,,,
CHN-AD-184,All Others,25.5,EU,,,,,,
CHN-AD-185,DSM Chemicals North America Inc,2.2,USA,,,,,,
CHN-AD-185,Honeywell Resins & Chemicals LLC,3.6,USA,,,,,,
CHN-AD-185,BASF Corporation,2.5,USA,,,,,,
CHN-AD-185,All Others,24.2,USA,,,,,,
CHN-AD-186,Kodak Limited,19.4,EU,,,,,,
CHN-AD-186,FUJIFILM Manufacturing Europe B.V.,17.5,EU,,,,,,
CHN-AD-186,All Others,19.4,EU,,,,,,
CHN-AD-187,FUJIFILM Manufacturing U.S.A. Inc,16.2,USA,,,,,,
CHN-AD-187,All Others,28.8,USA,,,,,,
CHN-AD-188,All Firms,28.8,Japan,,,,,,
CHN-AD-189,.,.,USA,,,,,,
CHN-AD-190,Sumitomo Metal Industries Ltd,9.2,Japan,,,,,,
CHN-AD-190,Kobe Special Tube Co Ltd,14.4,Japan,,,,,,
CHN-AD-190,All Others,14.4,Japan,,,,,,
CHN-AD-191,Tubacex Tubos Inoxidables S.A.,9.7,EU,,,,,,
CHN-AD-191,Salzgitter Mannesmann Stainless Tubes Italia s.r.l.,11.1,EU,,,,,,
CHN-AD-191,All Others,11.1,EU,,,,,,
CHN-AD-192,Eastman Chemical Company,10.6,USA,,,,,,
CHN-AD-192,The Dow Chemical Company,14.1,USA,,,,,,
CHN-AD-192,Equistar Chemicals LP,10.6,USA,,,,,,
CHN-AD-192,All Others,14.1,USA,,,,,,
CHN-AD-193,Sasol Germany GmbH,10.8,EU,,,,,,
CHN-AD-193,Sasol Solvents Germany GmbH,10.8,EU,,,,,,
CHN-AD-193,INEOS Chemicals Lavera SAS,9.3,EU,,,,,,
CHN-AD-193,BASF SE,18.8,EU,,,,,,
CHN-AD-193,All Others,10.8,EU,,,,,,
CHN-AD-194,.,.,USA,,,,,,
CHN-AD-195,Sumitomo Chemical Company Limited,40.5,Japan,,,,,,
CHN-AD-195,Mitsui Chemicals Inc,40.5,Japan,,,,,,
CHN-AD-195,All Others,40.5,Japan,,,,,,
CHN-AD-196,INDSPEC Chemical Corporation,30.1,USA,,,,,,
CHN-AD-196,All Others,30.1,USA,,,,,,
CHN-AD-197,Bayer Material Science AG,19.2,EU,,,,,,
CHN-AD-197,BorsodchemZrt.,6.6,EU,,,,,,
CHN-AD-197,ZakladyChemiczne ZACHEM S.A.,37.7,EU,,,,,,
CHN-AD-197,Perstorp France,37.7,EU,,,,,,
CHN-AD-197,Dow Chemical Tarragona,37.7,EU,,,,,,
CHN-AD-197,All Others,37.7,EU,,,,,,
CHN-AD-198,LANXESS Deutschland GmbH,19.6,EU,,,,,,
CHN-AD-198,All Others,36.9,EU,,,,,,
CHN-AD-199,Hemlock Semiconductor Corp.,53.3,USA,AVD Preliminary Measure: 53.3,,,,,
CHN-AD-199,SunEdison Inc,53.6,USA,AVD Preliminary Measure: 53.7,,,,,
CHN-AD-199,All Others,57,USA,AVD Preliminary Measure: 57.0,,,,,
CHN-AD-200,KCC Corporation,48.7,South Korea,AVD Preliminary Measure: 48.7,,,,,
CHN-AD-200,Korean Advanced Materials (Seoul) and Innovation Silicon Co Ltd,48.7,South Korea,AVD Preliminary Measure: 48.7,,,,,
CHN-AD-200,Hankook Silicon Co Ltd   (Seoul),2.8,South Korea,AVD Preliminary Measure: 2.8,,,,,
CHN-AD-200,OCI Company Ltd,2.4,South Korea,AVD Preliminary Measure: 2.4,,,,,
CHN-AD-200,Woongjin Polysilicon Co Ltd,12.3,South Korea,AVD Preliminary Measure: 12.3,,,,,
CHN-AD-200,All Others,12.3,South Korea,AVD Preliminary Measure: 12.3,,,,,
CHN-AD-201,Jubilant Life Sciences Limited,24.6,India,AVD Preliminary Measure: 24.6,,,,,
CHN-AD-201,All Others,57.4,India,AVD Preliminary Measure: 57.4,,,,,
CHN-AD-202,Koei Chemical Co Ltd,47.9,Japan,AVD Preliminary Measure: 47.9,,,,,
CHN-AD-202,Daicel Corporation,47.9,Japan,AVD Preliminary Measure: 47.9,,,,,
CHN-AD-202,Nippon Steel Chemical Co. Ltd,47.9,Japan,AVD Preliminary Measure: 47.9,,,,,
CHN-AD-202,All Others,47.9,Japan,AVD Preliminary Measure: 47.9,,,,,
CHN-AD-203,Germany Schmid Group,42,EU,,,,,,
CHN-AD-203,Joint Solar Silicon (JSS),42,EU,,,,,,
CHN-AD-203,Italy MEMC Electronic Materials SpA,42,EU,,,,,,
CHN-AD-203,MEMC Electronic Materials,42,EU,,,,,,
CHN-AD-203,SILFAB S.p.A.,42,EU,,,,,,
CHN-AD-203,Estelux S.r.l.,42,EU,,,,,,
CHN-AD-203,PrimeSolar S.r.l.,42,EU,,,,,,
CHN-AD-203,Spain Siliken Spain,42,EU,,,,,,
CHN-AD-203,All Others,14.3,EU,,,,,,
CHN-AD-204,Bahia Specialty Cellulose S.A.,6.8,Brazil,AVD Preliminary Measure: 6.8,,,,,
CHN-AD-204,All Others,11.5,Brazil,AVD Preliminary Measure: 49.4,,,,,
CHN-AD-205,Neucel Specialty Cellulose Ltd,.,Canada,No preliminary measure,,,,,
CHN-AD-205,Fortress Specialty Cellulose Inc,13,Canada,AVD Preliminary Measure: 13.0,,,,,
CHN-AD-205,AV Nackawic Inc  and AV Cell Inc,13,Canada,AVD Preliminary Measure: 13.0,,,,,
CHN-AD-205,Tembec,13,Canada,AVD Preliminary Measure: 13.0,,,,,
CHN-AD-205,All Others,23.7,Canada,AVD Preliminary Measure: 50.9,,,,,
CHN-AD-206,Cosmo Specialty Fibers Inc,16.9,USA,AVD Preliminary Measure: 18.7,,,,,
CHN-AD-206,Rayonier Performance Fibers LLC,17.2,USA,AVD Preliminary Measure: 21.7,,,,,
CHN-AD-206,Weyerhaeuser NR Company,17,USA,AVD Preliminary Measure: 20.2,,,,,
CHN-AD-206,GP Cellulose LLC,17,USA,AVD Preliminary Measure: 20.2,,,,,
CHN-AD-206,Buckeye Technologies Inc,17,USA,AVD Preliminary Measure: 20.2,,,,,
CHN-AD-206,All Others,33.5,USA,AVD Preliminary Measure: 29.8,,,,,
CHN-AD-207,Vallourec Deutschland GmbH,13,EU,,,,,,
CHN-AD-207,Vallourec Tubes France,13,EU,,,,,,
CHN-AD-207,IBF S.P.A.,13.2,EU,,,,,,
CHN-AD-207,All Others,13.2,EU,,,,,,
CHN-AD-208,.,.,Japan,,,,,,
CHN-AD-209,Wyman-Gordon Forgings Inc,14.1,USA,,,,,,
CHN-AD-209,All Others,14.1,USA,,,,,,
CHN-AD-210,Dow Deutschland Anlagengesellschaft mbH,27.6,EU,,,,,,
CHN-AD-210,Solvay Benvic Europe-France S.A.S.,27.6,EU,,,,,,
CHN-AD-210,All Others,27.6,EU,,,,,,
CHN-AD-211,Occidental Chemical Corporation,71.8,USA,,,,,,
CHN-AD-211,Axiall Corporation,71.8,USA,,,,,,
CHN-AD-211,The Dow Chemical Company,71.8,USA,,,,,,
CHN-AD-211,PPG Industries,71.8,USA,,,,,,
CHN-AD-211,All Others,71.8,USA,,,,,,
CHN-AD-212,.,.,EU,,,,,,
CHN-AD-213,Sterlite Technologies Limited,7.4,India,,,,,,
CHN-AD-213,Birla Furukawa Fibre Optics Limited,11.4,India,,,,,,
CHN-AD-213,Corning Technologies India Private Limited,24.5,India,,,,,,
CHN-AD-213,Aksh Optifibre Limited,30.6,India,,,,,,
CHN-AD-213,Finolex Cables Limited,30.6,India,,,,,,
CHN-AD-213,All Others,24.5,India,,,,,,
CHN-AD-214,Camlin Fine Sciences Limited,49.8,India,,,,,,
CHN-AD-214,Nova International,49.8,India,,,,,,
CHN-AD-214,Milestone Preservatives P Ltd,49.8,India,,,,,,
CHN-AD-214,Shevalyn Pharmachem,49.8,India,,,,,,
CHN-AD-214,All Others,49.8,India,,,,,,
CHN-AD-215,Shin-Etsu Chemical Co Ltd,8,Japan,,,,,,
CHN-AD-215,Sumitomo Electric Industries Ltd,9.1,Japan,,,,,,
CHN-AD-215,Fujikura Ltd,8.5,Japan,,,,,,
CHN-AD-215,Furukawa Electric Co Ltd,8.5,Japan,,,,,,
CHN-AD-215,All Others,9.1,Japan,,,,,,
CHN-AD-216,Corning Incorporated,41.7,USA,,,,,,
CHN-AD-216,OFS Fitel LLC,17.4,USA,,,,,,
CHN-AD-216,All Others,41.7,USA,,,,,,
CHN-AD-217,.,.,Japan,,,,,,
CHN-AD-218,.,.,EU,,,,,,
CHN-AD-219,Lucite International Singapore Pte Ltd,6.7,Singapore,,,,,,
CHN-AD-219,Sumitomo Chemical Singapore Pte Ltd,14.5,Singapore,,,,,,
CHN-AD-219,All Others,14.5,Singapore,,,,,,
CHN-AD-220,THAI MMA Co Ltd,15.2,Thailand,,,,,,
CHN-AD-220,PTT Asahi Chemical Company Limited,11.1,Thailand,,,,,,
CHN-AD-220,All Others,18.4,Thailand,,,,,,
CHN-AD-221,Mitsubishi Rayon Co Ltd,14.6,Japan,,,,,,
CHN-AD-221,Asahi Kasei Chemicals Corporation,12.3,Japan,,,,,,
CHN-AD-221,Sumitomo Chemical Company Limited,13.4,Japan,,,,,,
CHN-AD-221,Kuraray Co Ltd,34.6,Japan,,,,,,
CHN-AD-221,Mitsubishi Gas Chemical Co. Inc,34.6,Japan,,,,,,
CHN-AD-221,Mitsui Chemicals Inc,34.6,Japan,,,,,,
CHN-AD-221,All Others,34.6,Japan,,,,,,
CHN-AD-222,Billerud Korsnäs Sweden AB,23.5,Sweden,,,,,,
CHN-AD-222,Mondi Stambolijski EAD,29,Bulgaria,,,,,,
CHN-AD-222,BillerudKorsnäs Finland Oy,26.2,Finland,,,,,,
CHN-AD-222,Mondi Frantschach GmbH,26.2,Germany,,,,,,
CHN-AD-222,Mondi Steti a. s.,26.2,Czech Republic,,,,,,
CHN-AD-222,Mondi Dynäs Aktiebolag,26.2,Sweden,,,,,,
CHN-AD-222,All Others,29,EU,,,,,,
CHN-AD-223,Kapstone Kraft Paper Corporation,14.9,USA,,,,,,
CHN-AD-223,All Others,14.9,USA,,,,,,
CHN-AD-224,Oji Paper Co Ltd,20.5,Japan,,,,,,
CHN-AD-224,Oji Materia Co Ltd,20.5,Japan,,,,,,
CHN-AD-224,Chuetsu Pulp & Paper Co Ltd,20.5,Japan,,,,,,
CHN-AD-224,Daio Paper Corporation,20.5,Japan,,,,,,
CHN-AD-224,Nippon Paper Industries Co Ltd,20.5,Japan,,,,,,
CHN-AD-224,All Others,20.5,Japan,,,,,,
CHN-AD-225,JAPANEXLAN Co Ltd,16.1,Japan,,,,,,
CHN-AD-225,Mitsubishi Rayon Co Ltd,15.8,Japan,,,,,,
CHN-AD-225,Toray Industries Inc,16.1,Japan,,,,,,
CHN-AD-225,All Others,16.1,Japan,,,,,,
CHN-AD-226,Taekwang Industrial Co Ltd,4.1,South Korea,,,,,,
CHN-AD-226,All Others,16.1,South Korea,,,,,,
CHN-AD-227,Aksa Akrilik Kimya Sanayii A.Ş,8.2,Turkey,,,,,,
CHN-AD-227,All Others,16.1,Turkey,,,,,,
CHN-AD-228,JFE Steel Corporation,39,Japan,,,,,,
CHN-AD-228,Nippon Steel Chemical Co Ltd,45.7,Japan,,,,,,
CHN-AD-228,Sumitomo Metal Corporation,45.7,Japan,,,,,,
CHN-AD-228,All Others,45.7,Japan,,,,,,
CHN-AD-229,POSCO,37.3,South Korea,,,,,,
CHN-AD-229,All Others,37.3,South Korea,,,,,,
CHN-AD-230,All Firms,46.3,EU,,,,,,
CHN-AD-231,Metglas Yasugi Works,25.9,Japan,,,,,,
CHN-AD-231,All Others,25.9,Japan,,,,,,
CHN-AD-232,Metglas Inc,48.5,,,,,,,
CHN-AD-232,All Others,48.5,USA,,,,,,
CHN-AD-233,Poet Research Center,50,USA,,,,,,
CHN-AD-233,Poet Biorefining - Fostoria LLC,50,USA,,,,,,
CHN-AD-233,Northern Lights Ethanol LLC,50,USA,,,,,,
CHN-AD-233,Great Plains Ethanol LLC,50,USA,,,,,,
CHN-AD-233,James Valley Ethanol LLC,50,USA,,,,,,
CHN-AD-233,Sioux River Ethanol LLC,50,USA,,,,,,
CHN-AD-233,Poet Biorefining - Leipsic LLC,50,USA,,,,,,
CHN-AD-233,Poet Biorefining - Marion LLC,50,USA,,,,,,
CHN-AD-233,Prairie Ethanol LLC,50,USA,,,,,,
CHN-AD-233,Poet Biorefining - Alexandria LLC,50,USA,,,,,,
CHN-AD-233,Poet Biorefining - North Manchester LLC,50,USA,,,,,,
CHN-AD-233,Poet Biorefining - Potland LLC,50,USA,,,,,,
CHN-AD-233,Ethanol2000 LLC,50,USA,,,,,,
CHN-AD-233,Northstar Ethanol LLC,50,USA,,,,,,
CHN-AD-233,Pro-Corn LLC,50,USA,,,,,,
CHN-AD-233,Agra Resources LLC,50,USA,,,,,,
CHN-AD-233,Norhteast Missouri Grain LLC,50,USA,,,,,,
CHN-AD-233,Missouri Ethanol LLC,50,USA,,,,,,
CHN-AD-233,Michigan Ethanol LLC,50,USA,,,,,,
CHN-AD-233,TCE LLC,50,USA,,,,,,
CHN-AD-233,Horizon Ethanol LLC,50,USA,,,,,,
CHN-AD-233,Iowa Ethanol LLC,50,USA,,,,,,
CHN-AD-233,Frontier Ethanol LLC,50,USA,,,,,,
CHN-AD-233,Pinnacle Ethanol LLC,50,USA,,,,,,
CHN-AD-233,Otter Creek Ethanol LLC,50,USA,,,,,,
CHN-AD-233,Voyager Ethanol LLC,50,USA,,,,,,
CHN-AD-233,Poet Biorefining - Cloverdale LLC,50,USA,,,,,,
CHN-AD-233,Big River Resources LLC,53.7,USA,,,,,,
CHN-AD-233,Marquis Energy LLC,42.2,USA,,,,,,
CHN-AD-233,Marquis Energy - Wisconsin LLC,42.2,USA,,,,,,
CHN-AD-233,Absolute Energy LLC,49.8,USA,,,,,,
CHN-AD-233,Ace Ethanol LLC,49.8,USA,,,,,,
CHN-AD-233,Archer-Daniels-Midland Company,49.8,USA,,,,,,
CHN-AD-233,Elkhorn Valley Ethanol LLC,49.8,USA,,,,,,
CHN-AD-233,Flint Hills Resources LP,49.8,USA,,,,,,
CHN-AD-233,Golden Grain Energy LLC,49.8,USA,,,,,,
CHN-AD-233,Illinois River Energy LLC,49.8,USA,,,,,,
CHN-AD-233,Louis Dreyfus Commodities Grand Junction LLC,49.8,USA,,,,,,
CHN-AD-233,Patriot Renewable Fuels LLC,49.8,USA,,,,,,
CHN-AD-233,The Andersons Albion Ethanol LLC,49.8,USA,,,,,,
CHN-AD-233,The Andersons Clymers Ethanol LLC,49.8,USA,,,,,,
CHN-AD-233,The Andersons Denison Ethanol LLC,49.8,USA,,,,,,
CHN-AD-233,The Andersons Marathon LLC,49.8,USA,,,,,,
CHN-AD-233,Valero Renewable Fuels Company LLC,49.8,USA,,,,,,
CHN-AD-233,All Others,53.7,USA,,,,,,
CHN-AD-234,MI,47.1,Japan,F_AD_MEASURE souce: China's semi-annual report to the WTO,,,,,
CHN-AD-235,Korea Engineering Plastics Co Ltd,30,South Korea,,,,,,
CHN-AD-235,Kolon Plastics Inc,6.2,South Korea,,,,,,
CHN-AD-235,All Others,30.4,South Korea,,,,,,
CHN-AD-236,Polyplastics Asia Pacific Sdn Bhd,8,Malaysia,,,,,,
CHN-AD-236,All Others,9.5,Malaysia,,,,,,
CHN-AD-237,Thai Polyacetal Co Ltd,18.5,Thailand,,,,,,
CHN-AD-237,All Others,34.9,Thailand,,,,,,
CHN-AD-238,Aarti Industries Ltd,31.4,India,,,,,,
CHN-AD-238,All Others,49.9,India,,,,,,
CHN-AD-239,PTT Phenol Co Ltd,9.7,Thailand,,,,,,
CHN-AD-239,All Others,31,Thailand,,,,,,
CHN-AD-240,Mitsui Chemicals Inc,45,Japan,,,,,,
CHN-AD-240,Mitsubishi Chemical Corporation,47.8,Japan,,,,,,
CHN-AD-240,All Others,190.4,Japan,,,,,,
CHN-AD-241,Kumho P&B Chemicals Inc,18.5,South Korea,,,,,,
CHN-AD-241,All Others,32.3,South Korea,,,,,,
CHN-AD-242,Sasol South Africa (Pty) Ltd,15.9,South Africa,,,,,,
CHN-AD-242,All Others,34.1,South Africa,,,,,,
CHN-AD-243,MI,47.1,Japan,,,,,,
CHN-AD-244,Hanwha Total Petrochemical Co Ltd,6.2,South Korea,,,,,,
CHN-AD-244,Yeochun NCC Co Ltd,6.2,South Korea,,,,,,
CHN-AD-244,Lotte Chemical Corporation,7.5,South Korea,,,,,,
CHN-AD-244,LG Chem. Ltd,6.6,South Korea,,,,,,
CHN-AD-244,SK Global Chemical Co Ltd,6.6,South Korea,,,,,,
CHN-AD-244,All Others,7.5,South Korea,,,,,,
CHN-AD-245,Formosa Chemicals Fiber Corporation,3.8,Taiwan,,,,,,
CHN-AD-245,All Others,4.2,Taiwan,,,,,,
CHN-AD-246,Lyondell Chemical Company,13.9,USA,,,,,,
CHN-AD-246,Westlake Styrene LLC,13.7,USA,,,,,,
CHN-AD-246,Ineos Styrolution America LLC,13.9,USA,,,,,,
CHN-AD-246,Americas Styrenics LLC,13.9,USA,,,,,,
CHN-AD-246,All Others,55.7,USA,,,,,,
CHN-AD-247,Seara  Alimentos Ltda,17.8,Brazil,,,,,,
CHN-AD-247,JBS Aves Ltda,17.8,Brazil,,,,,,
CHN-AD-247,Agricola Jandelle SA,17.8,Brazil,,,,,,
CHN-AD-247,Seara Comercio de Alimentos Ltda,17.8,Brazil,,,,,,
CHN-AD-247,BRF SA,25.8,Brazil,,,,,,
CHN-AD-247,SHB Comercio e Industria de Alimentos Ltda,25.8,Brazil,,,,,,
CHN-AD-247,Companhia Minuano de Alimentos,25.8,Brazil,,,,,,
CHN-AD-247,C Vale - Cooperativa Agroindustrial,32.4,Brazil,,,,,,
CHN-AD-247,Cooperativa Central Aurora de Alimentos,20.2,Brazil,,,,,,
CHN-AD-247,Lar Cooperativa Agroindustrial,20.2,Brazil,,,,,,
CHN-AD-247,Copacol - Cooperativa Agroindustrial Consolata,20.2,Brazil,,,,,,
CHN-AD-247,Coopavel Cooperativa Agroindustrial,20.2,Brazil,,,,,,
CHN-AD-247,São Salvador Alimentos SA,20.2,Brazil,,,,,,
CHN-AD-247,Rivelli Alimentos SA or Nogueira Rivelli Irmaos Ltda,20.2,Brazil,,,,,,
CHN-AD-247,Goncalves & Tortola SA,20.2,Brazil,,,,,,
CHN-AD-247,Cooperativa Agroindustrial Copagril,20.2,Brazil,,,,,,
CHN-AD-247,Vibra Agroindustrial SA,20.2,Brazil,,,,,,
CHN-AD-247,Agrosul Agroavicola Industrial SA,20.2,Brazil,,,,,,
CHN-AD-247,Kaefer Agro Industrial Ltda,20.2,Brazil,,,,,,
CHN-AD-247,Vossko do Brasil Alimentos Congelados Ltda,20.2,Brazil,,,,,,
CHN-AD-247,Avenorte Avicola Cianorte Ltda,20.2,Brazil,,,,,,
CHN-AD-247,Adoro SA,20.2,Brazil,,,,,,
CHN-AD-247,Bonasa Alimentos SA,20.2,Brazil,,,,,,
CHN-AD-247,Flamboia Alimentos Ltda,20.2,Brazil,,,,,,
CHN-AD-247,Frigorifico Nova Araca Ltda,20.2,Brazil,,,,,,
CHN-AD-247,Rio Branco Alimentos SA,20.2,Brazil,,,,,,
CHN-AD-247,Zanchetta Alimentos SA,20.2,Brazil,,,,,,
CHN-AD-247,Agrodanieli Industria e Comercio Ltda,20.2,Brazil,,,,,,
CHN-AD-247,Bello Alimentos Ltda,20.2,Brazil,,,,,,
CHN-AD-247,Coasul Cooperativa Agroindustrial,20.2,Brazil,,,,,,
CHN-AD-247,Cooperativa Languiru Ltda,20.2,Brazil,,,,,,
CHN-AD-247,All Others,32.4,Brazil,,,,,,
CHN-AD-248,ExxonMobil Chemical Limited,71.9,Belgium,,,,,,
CHN-AD-248,ARLANXEO Belgium NV,27.4,Belgium,,,,,,
CHN-AD-248,All Others,71.9,EU,,,,,,
CHN-AD-249,ARLANXEO Singapore Pte Ltd,23.1,Singapore,,,,,,
CHN-AD-249,All Others,45.2,Singapore,,,,,,
CHN-AD-250,Exxon Mobil Corporation,75.5,Germany,,,,,,
CHN-AD-250,All Others,75.5,EU,,,,,,
CHN-AD-251,MI,41.1,Japan,,,,,,
CHN-AD-252,MI,123.4,USA,,,,,,
CHN-AD-253,PetronasChemicals Derivatives Sdn Bhd/ Petronas Chemicals Marketing (Labuan) Ltd,18.3,Malaysia,,,,,,
CHN-AD-253,All Others,20.3,Malaysia,,,,,,
CHN-AD-254,SaudiBasic Industries Corporation,10.1,Saudi Arabia,,,,,,
CHN-AD-254,All Others,27.9,Saudi Arabia,,,,,,
CHN-AD-255,TOC Glycol Company Ltd,37.6,Thailand,,,,,,
CHN-AD-255,All Others,37.6,Thailand,,,,,,
CHN-AD-256,The Dow Chemical Company,76,USA,,,,,,
CHN-AD-256,Ineos Americas LLC,97.1,USA,,,,,,
CHN-AD-256,Huntsman Petrochemical LLC,97.1,USA,,,,,,
CHN-AD-256,All Others,97.1,USA,,,,,,
CHN-AD-257,MI,MI,MI,,,,,,
CHN-AD-258,MI,MI,MI,,,,,,
CHN-AD-259,PetronasChemicals Derivatives Sdn Bhd/ Petronas Chemicals Marketing (Labuan) Ltd,12.7,Malaysia,,,,,,
CHN-AD-259,Basf Petronas Chemicals Sdn Bhd,26.7,Malaysia,,,,,,
CHN-AD-259,Optimal Chemicals Sdn Bhd,26.7,Malaysia,,,,,,
CHN-AD-259,All Others,26.7,Malaysia,,,,,,
CHN-AD-260,Formosa Plastics Corp.,6,Taiwan,,,,,,
CHN-AD-260,All Others,56.1,Taiwan,,,,,,
CHN-AD-261,Oxea Corp.,52.2,USA,,,,,,
CHN-AD-261,Eastman Chemical Company,139.3,USA,,,,,,
CHN-AD-261,The Dow Chemical Company,139.3,USA,,,,,,
CHN-AD-261,BASF Corporation,139.3,USA,,,,,,
CHN-AD-261,All Others,139.3,USA,,,,,,
CHN-AD-262,All Firms,31.9,India,,,,,,
CHN-AD-263,Reiwa Co Ltd (Kureha Corporation),70.4,Japan,,,,,,
CHN-AD-263,All Others,70.4,Japan,,,,,,
CHN-AD-264,.,.,.,,,,,,
CHN-AD-265,All Firms,30.4,EU,,,,,,
CHN-AD-266,Mitsui Chemicals Inc,19.3,Japan,,,,,,
CHN-AD-266,All Others,27,Japan,,,,,,
CHN-AD-267,Kumho P & B Chemicals Inc (or Co Ltd),12.5,South Korea,,,,,,
CHN-AD-267,LG Chem Ltd,12.6,South Korea,,,,,,
CHN-AD-267,All Others,23.7,South Korea,,,,,,
CHN-AD-268,PTT Phenol Co Ltd,10.6,Thailand,,,,,,
CHN-AD-268,All Others,28.6,Thailand,,,,,,
CHN-AD-269,Ineos Americas LLC,287.2,USA,,,,,,
CHN-AD-269,American Lanke Operations Co Ltd (Blue Cube Operations LLC),244.3,USA,,,,,,
CHN-AD-269,All Others,287.2,USA,,,,,,
CHN-AD-270,All Firms,43,EU,,,,,,
CHN-AD-271,All Firms,20.2,Indonesia,,,,,,
CHN-AD-272,Japan Metallurgical Industry Co Ltd,18.1,Japan,,,,,,
CHN-AD-272,All Others,20.2,Japan,,,,,,
CHN-AD-273,POSCO,23.1,South Korea,,,,,,
CHN-AD-273,All Others,103.1,South Korea,,,,,,
CHN-AD-274,.,.,.,,,,,,
CHN-AD-275,.,.,.,,,,,,
CHN-AD-276,The Iluka Trust,73.6,Australia,,,,,,
CHN-AD-276,Kargen Nominees Co Ltd,73.6,Australia,,,,,,
CHN-AD-276,JW & JI McDonald Family Partnership (JW & JI Mconald & sons),73.6,Australia,,,,,,
CHN-AD-276,Wheat Straw Field Co (Haycroft Enterprises),73.6,Australia,,,,,,
CHN-AD-276,All Others,73.6,Australia,,,,,,
CHN-AD-277,MI,MI,MI,,,,,,
CHN-AD-278,MI,MI,MI,,,,,,
CHN-AD-279,MI,MI,MI,,,,,,
CHN-AD-280,MI,MI,MI,,,,,,
CHN-AD-281,"Toray Industries, Inc.",26.9,Japan,,,,,,
CHN-AD-281,DIC Corporation,27.3,Japan,,,,,,
CHN-AD-281,"POLYPLASTICS CO., LTD.",25.2,Japan,,,,,,
CHN-AD-281,Tosoh Corporation,25.6,Japan,,,,,,
CHN-AD-281,"Lion Idemitsu Composites Co., LTD.",33.6,Japan,,,,,,
CHN-AD-281,"Sumitomo Bakelite Co., Ltd.",34.5,Japan,,,,,,
CHN-AD-281,All Others,69.1,Japan,,,,,,
CHN-AD-282,Polyplastics Asia Pacific Sdn. Bhd.,23.3,Malaysia,,,,,,
CHN-AD-282,DIC Compounds(Malaysia) Sdn. Bhd.,40.5,Malaysia,,,,,,
CHN-AD-282,All Others,40.5,Malaysia,,,,,,
CHN-AD-283,Toray Advanced Materials Korea Inc.,26.4,South Korea,,,,,,
CHN-AD-283,"SK Chemicals Co., Ltd.",32.7,South Korea,,,,,,
CHN-AD-283,All Others,46.8,South Korea,,,,,,
CHN-AD-284,"Solvay Specialty Polymers USA, LLC",214.1,USA,,,,,,
CHN-AD-284,Fortron Industries LLC,220.9,USA,,,,,,
CHN-AD-284,All Others,220.9,USA,,,,,,
CHN-AD-285,ARLANXEO Netherlands B.V.,18.1,EUN,,,,,,
CHN-AD-285,ExxonMobil Chemical France (ExxonMobil Chemical France Société par Actions Simplifiée),14.7,EUN,,,,,,
CHN-AD-285,Versalis S.p.A.,16.5,EUN,,,,,,
CHN-AD-285,All Others,31.7,EUN,,,,,,
CHN-AD-286,"KUMHO POLYCHEM Co.,Ltd.",12.5,South Korea,,,,,,
CHN-AD-286,"Lotte Versalis Elastomers Co.,Ltd.",21.1,South Korea,,,,,,
CHN-AD-286,All Others,24.5,South Korea,,,,,,
CHN-AD-287,The Dow Chemical Company,222,USA,,,,,,
CHN-AD-287,Exxon Mobil Corporation,214.9,USA,,,,,,
CHN-AD-287,ARLANXEO USA LLC,219.8,USA,,,,,,
CHN-AD-287,"Lion Copolymer Geismar,LLC",219.8,USA,,,,,,
CHN-AD-287,All Others,222,USA,,,,,,
CHN-AD-288,The Dow Chemical Company,MI,USA,,,,,,
CHN-AD-288,OXEA Corporation,MI,USA,,,,,,
CHN-AD-288,All Others,MI,USA,,,,,,
CHN-AD-289,LANXESS Deutschland GmbH,27.9,EUN,,,,,,
CHN-AD-289,All Others,49.5,EUN,,,,,,
CHN-AD-290,"Mitsui Chemicals, Inc.",54.8,Japan,,,,,,
CHN-AD-290,"Honshu Chemical Industry Co., Ltd.",54.8,Japan,,,,,,
CHN-AD-290,All Others,54.8,Japan,,,,,,
CHN-AD-291,Sasol Chemicals North America LLC,131.7,USA,,,,,,
CHN-AD-291,Sasol Chemicals （USA） LLC,131.7,USA,,,,,,
CHN-AD-291,All Others,131.7,USA,,,,,,
CHN-AD-292,MI,MI,MI,,,,,,
CHN-AD-293,Treasury Wine Estates Vintners Limited,MI,USA,,,,,,
CHN-AD-293,Casella Wines Pty. Limited,MI,USA,,,,,,
CHN-AD-293,Australia Swan Vintage Pty Ltd,MI,USA,,,,,,
CHN-AD-293,AUSTRALIA FARM AND LAND INVESTMENT PTY LTD,MI,USA,,,,,,
CHN-AD-293,Accolade Wines Australia Limited,MI,USA,,,,,,
CHN-AD-293,OCTTAVA WINES PTY LTD,MI,USA,,,,,,
CHN-AD-293,Australian Vintage Limited,MI,USA,,,,,,
CHN-AD-293,Pernod Ricard Winemakers Pty Ltd,MI,USA,,,,,,
CHN-AD-293,Bogdan Investments Pty Ltd,MI,USA,,,,,,
CHN-AD-293,BROWN BROTHERS MILAWA VINEYARD PTY. LIMITED,MI,USA,,,,,,
CHN-AD-293,AGREEN PTY LTD,MI,USA,,,,,,
CHN-AD-293,Dorrien Estate Winery Pty Ltd,MI,USA,,,,,,
CHN-AD-293,FERNGROVE VINEYARDS LTD,MI,USA,,,,,,
CHN-AD-293,FOWLES WINE PTY LTD,MI,USA,,,,,,
CHN-AD-293,FURUNDE WINE CO. PTY LTD,MI,USA,,,,,,
CHN-AD-293,Kilikanoon Wines Pty Ltd,MI,USA,,,,,,
CHN-AD-293,THE RED KANGAROO WINE COMPANY PTY. LTD.,MI,USA,,,,,,
CHN-AD-293,Chapel Hill Winery Pty Ltd,MI,USA,,,,,,
CHN-AD-293,Portia Valley Wines Pty Ltd,MI,USA,,,,,,
CHN-AD-293,ZILZIE WINES PTY LTD,MI,USA,,,,,,
CHN-AD-293,S. SMITH & SON PTY. LIMITED,MI,USA,,,,,,
CHN-AD-293,TERRA FELIX PTY. LTD.,MI,USA,,,,,,
CHN-AD-293,AUSTRALIAN FOOD & BEVERAGE GROUP PTY LTD,MI,USA,,,,,,
CHN-AD-293,WINGARA WINE GROUP PTY. LTD.,MI,USA,,,,,,
CHN-AD-293,All Others,MI,USA,,,,,,