CASE_ID,D_FIRM
CHN-CVD-1,Wuhan Iron and Steel (Group) Corporation
CHN-CVD-1,Shanghai Baosteel Group Corporation
CHN-CVD-2,China Animal Agricultural Association
CHN-CVD-3,China Association of Automobile Manufacturers
CHN-CVD-4,China Potato Starch-Specialized Society
CHN-CVD-5,Jiangsu Zhongneng Silicon Technology Development Co. Ltd.
CHN-CVD-5,Jiangxi Saiwei LDK Photovoltaic Silicon Technology Co. Ltd.
CHN-CVD-5,China Silicon Corporation Ltd.
CHN-CVD-5,Daqo New Energy Co. Ltd.
CHN-CVD-6,Jiangsu Zhongneng Silicon Technology Development Co. Ltd.
CHN-CVD-6,Jiangxi Saiwei LDK Photovoltaic Silicon Technology Co. Ltd.
CHN-CVD-6,China Silicon Corporation Ltd.
CHN-CVD-6,Daqo New Energy Co. Ltd.
CHN-CVD-7,China Alcoholic Drinks Association
CHN-CVD-8,China Alcoholic Drinks Association
CHN-CVD-9,Suzou Luosen Auxiliaries Co. Ltd.
CHN-CVD-10,Government- Initiated
CHN-CVD-11,Ningbo Renjian Pharmaceutical Co. Ltd.
CHN-CVD-12,China Chamber of International Commerce
CHN-CVD-13,Nanjing RongXin Chemical Co Ltd
CHN-CVD-13,Zibo Nalcohol Chemical Co Ltd
CHN-CVD-13,Nanjing Nuoao New Materials Co Ltd
CHN-CVD-14,"Nantong Xingchen Synthetic Material Co., Ltd."
CHN-CVD-15,China Liquor Industry Association
CHN-CVD-16,"Jiangsu Yida Chemical Co., Ltd."
CHN-CVD-16,"Jilin Yida Chemical Co., Ltd."
CHN-CVD-16,"Zhuhai Yida Chemical Co., Ltd."
CHN-CVD-17,"Xinjiang Zhongtai Chemical Co., Ltd."
CHN-CVD-17,"Xinjiang Tianye (Group) Co., Ltd."
CHN-CVD-17,"Shaanxi Beiyuan Chemical Group Co., Ltd."
CHN-CVD-17,"Tianjin Dagu Chemical Co., Ltd."
CHN-CVD-17,"Yibin Tianyuan Group Co., Ltd."