CASE_ID,F_FIRM,F_CVD_MEASURE_FIRM,CASE_ITC,NOTES
USA-CVD-1,MI,MI,753-TA-022,
USA-CVD-2,MI,MI,753-TA-005,
USA-CVD-3,MI,MI,753-TA-033,
USA-CVD-4,MI,MI,303-TA-014,
USA-CVD-5,MI,MI,701-TA-064,
USA-CVD-6,MI,MI,753-TA-003,
USA-CVD-7,MI,MI,701-TA-065,
USA-CVD-8,MI,MI,COLOMBIA-1,
USA-CVD-9,MI,MI,701-TA-066,
USA-CVD-10,MI,MI,753-TA-012,
USA-CVD-11,MI,MI,701-TA-067,
USA-CVD-12,MI,MI,701-TA-068,
USA-CVD-13,MI,MI,701-TA-080,
USA-CVD-14,MI,MI,AUSTRALIA-1,
USA-CVD-15,MI,MI,701-TA-069,
USA-CVD-16,MI,MI,701-TA-070,
USA-CVD-17,MI,MI,701-TA-071,
USA-CVD-18,MI,MI,701-TA-072,
USA-CVD-19,MI,MI,701-TA-073,
USA-CVD-20,MI,MI,701-TA-074,
USA-CVD-21,MI,MI,701-TA-075,
USA-CVD-22,MI,MI,701-TA-076,
USA-CVD-23,MI,MI,701-TA-077,
USA-CVD-24,MI,MI,701-TA-078,
USA-CVD-25,MI,MI,701-TA-079,
USA-CVD-26,MI,MI,701-TA-081,
USA-CVD-27,MI,MI,753-TA-011,
USA-CVD-28,MI,MI,701-TA-082,
USA-CVD-29,MI,MI,701-TA-083,
USA-CVD-30,MI,MI,701-TA-084,
USA-CVD-31,MI,MI,701-TA-085,
USA-CVD-32,MI,MI,SAFRICA-3,
USA-CVD-33,MI,MI,SAFRICA-2,
USA-CVD-34,MI,MI,701-TA-183,
USA-CVD-35,MI,MI,701-TA-086,
USA-CVD-36,MI,MI,701-TA-087,
USA-CVD-37,MI,MI,701-TA-088,
USA-CVD-38,MI,MI,701-TA-089,
USA-CVD-39,MI,MI,701-TA-090,
USA-CVD-40,MI,MI,701-TA-091,
USA-CVD-41,MI,MI,701-TA-092,
USA-CVD-42,MI,MI,701-TA-093,
USA-CVD-43,MI,MI,701-TA-094,
USA-CVD-44,MI,MI,701-TA-095,
USA-CVD-45,MI,MI,701-TA-096,
USA-CVD-46,MI,MI,701-TA-097,
USA-CVD-47,MI,MI,701-TA-098,
USA-CVD-48,MI,MI,701-TA-099,
USA-CVD-49,MI,MI,701-TA-100,
USA-CVD-50,MI,MI,701-TA-101,
USA-CVD-51,MI,MI,701-TA-102,
USA-CVD-52,MI,MI,701-TA-103,
USA-CVD-53,MI,MI,701-TA-104,
USA-CVD-54,MI,MI,701-TA-105,
USA-CVD-55,MI,MI,701-TA-106,
USA-CVD-56,MI,MI,701-TA-107,
USA-CVD-57,MI,MI,701-TA-108,
USA-CVD-58,MI,MI,701-TA-109,
USA-CVD-59,MI,MI,701-TA-110,
USA-CVD-60,MI,MI,701-TA-111,
USA-CVD-61,MI,MI,701-TA-112,
USA-CVD-62,MI,MI,701-TA-113,
USA-CVD-63,MI,MI,701-TA-114,
USA-CVD-64,MI,MI,701-TA-115,
USA-CVD-65,MI,MI,701-TA-116,
USA-CVD-66,MI,MI,701-TA-117,
USA-CVD-67,MI,MI,701-TA-118,
USA-CVD-68,MI,MI,701-TA-119,
USA-CVD-69,MI,MI,701-TA-120,
USA-CVD-70,MI,MI,701-TA-121,
USA-CVD-71,MI,MI,701-TA-122,
USA-CVD-72,MI,MI,701-TA-123,
USA-CVD-73,MI,MI,701-TA-124,
USA-CVD-74,MI,MI,701-TA-125,
USA-CVD-75,MI,MI,701-TA-126,
USA-CVD-76,MI,MI,701-TA-127,
USA-CVD-77,MI,MI,701-TA-128,
USA-CVD-78,MI,MI,701-TA-129,
USA-CVD-79,MI,MI,701-TA-130,
USA-CVD-80,MI,MI,701-TA-131,
USA-CVD-81,MI,MI,701-TA-132,
USA-CVD-82,MI,MI,701-TA-133,
USA-CVD-83,MI,MI,701-TA-134,
USA-CVD-84,MI,MI,701-TA-135,
USA-CVD-85,MI,MI,701-TA-136,
USA-CVD-86,MI,MI,701-TA-137,
USA-CVD-87,MI,MI,701-TA-138,
USA-CVD-88,MI,MI,701-TA-139,
USA-CVD-89,MI,MI,701-TA-140,
USA-CVD-90,MI,MI,701-TA-141,
USA-CVD-91,MI,MI,701-TA-142,
USA-CVD-92,MI,MI,701-TA-143,
USA-CVD-93,MI,MI,701-TA-144,
USA-CVD-94,MI,MI,701-TA-146,
USA-CVD-95,MI,MI,701-TA-147,
USA-CVD-96,MI,MI,701-TA-154,
USA-CVD-97,MI,MI,701-TA-155,
USA-CVD-98,MI,MI,701-TA-156,
USA-CVD-99,MI,MI,701-TA-157,
USA-CVD-100,MI,MI,701-TA-158,
USA-CVD-101,MI,MI,701-TA-159,
USA-CVD-102,MI,MI,701-TA-160,
USA-CVD-103,MI,MI,701-TA-161,
USA-CVD-104,MI,MI,701-TA-162,
USA-CVD-105,MI,MI,701-TA-163,
USA-CVD-106,MI,MI,SAFRICA-4A,
USA-CVD-107,MI,MI,SAFRICA-4B,
USA-CVD-108,MI,MI,SAFRICA-4C,
USA-CVD-109,MI,MI,SAFRICA-4D,
USA-CVD-110,MI,MI,SAFRICA-4E,
USA-CVD-111,MI,MI,SAFRICA-4F,
USA-CVD-112,MI,MI,SAFRCA-4G,
USA-CVD-113,MI,MI,SAFRICA-4H,
USA-CVD-114,MI,MI,701-TA-145,
USA-CVD-115,MI,MI,SAFRICA-5,
USA-CVD-116,MI,MI,ARGENTINA-1,
USA-CVD-117,MI,MI,701-TA-148,
USA-CVD-118,MI,MI,701-TA-149,
USA-CVD-119,MI,MI,701-TA-150,
USA-CVD-120,MI,MI,701-TA-151,
USA-CVD-121,MI,MI,701-TA-176,
USA-CVD-122,MI,MI,701-TA-177,
USA-CVD-123,MI,MI,701-TA-178,
USA-CVD-124,MI,MI,701-TA-152,
USA-CVD-125,MI,MI,701-TA-153,
USA-CVD-126,MI,MI,701-TA-164,
USA-CVD-127,MI,MI,MEXICO-1,
USA-CVD-128,MI,MI,701-TA-165,
USA-CVD-129,MI,MI,701-TA-166,
USA-CVD-130,MI,MI,701-TA-167,
USA-CVD-131,MI,MI,701-TA-168,
USA-CVD-132,MI,MI,701-TA-169,
USA-CVD-133,MI,MI,701-TA-170,
USA-CVD-134,MI,MI,701-TA-171,
USA-CVD-135,MI,MI,701-TA-172,
USA-CVD-136,MI,MI,701-TA-173,
USA-CVD-137,MI,MI,701-TA-174,
USA-CVD-138,MI,MI,701-TA-175,
USA-CVD-139,MI,MI,SAFRICA-6,
USA-CVD-140,MI,MI,SAFRICA-7,
USA-CVD-141,MI,MI,753-TA-018,
USA-CVD-142,MI,MI,753-TA-019,
USA-CVD-143,MI,MI,701-TA-179,
USA-CVD-144,MI,MI,701-TA-180,
USA-CVD-145,MI,MI,701-TA-181,
USA-CVD-146,MI,MI,MEXICO-3,
USA-CVD-147,MI,MI,MEXICO-4,
USA-CVD-148,MI,MI,701-TA-182,
USA-CVD-149,MI,MI,MEXICO-2,
USA-CVD-150,MI,MI,701-TA-184,
USA-CVD-151,MI,MI,701-TA-185,
USA-CVD-152,MI,MI,701-TA-186,
USA-CVD-153,MI,MI,701-TA-187,
USA-CVD-154,MI,MI,COLOMBIA-2,
USA-CVD-155,MI,MI,701-TA-188,
USA-CVD-156,MI,MI,MEXICO-5,
USA-CVD-157,MI,MI,701-TA-189,
USA-CVD-158,MI,MI,701-TA-191,
USA-CVD-159,MI,MI,701-TA-192,
USA-CVD-160,MI,MI,701-TA-193,
USA-CVD-161,MI,MI,701-TA-194,
USA-CVD-162,MI,MI,MEXICO-6,
USA-CVD-163,MI,MI,701-TA-190,
USA-CVD-164,MI,MI,ARGENTINA-2,
USA-CVD-165,MI,MI,SAFRICA-8,
USA-CVD-166,MI,MI,701-TA-195,
USA-CVD-167,MI,MI,701-TA-196,
USA-CVD-168,MI,MI,701-TA-197,
USA-CVD-169,MI,MI,701-TA-198,
USA-CVD-170,MI,MI,701-TA-199,
USA-CVD-171,MI,MI,701-TA-200,
USA-CVD-172,MI,MI,MEXICO-7,
USA-CVD-173,MI,MI,MEXICO-8,
USA-CVD-174,MI,MI,MEXICO-9,
USA-CVD-175,MI,MI,SAFRICA-9,
USA-CVD-176,MI,MI,MEXICO-10,
USA-CVD-177,MI,MI,MEXICO-11,
USA-CVD-178,MI,MI,PHILIPPINES-1,
USA-CVD-179,MI,MI,701-TA-201,
USA-CVD-180,MI,MI,TRINIDAD-1,
USA-CVD-181,MI,MI,SINGAPORE-1,
USA-CVD-182,MI,MI,701-TA-202,
USA-CVD-183,MI,MI,MEXICO-12,
USA-CVD-184,MI,MI,MEXICO-13,
USA-CVD-185,MI,MI,701-TA-203,
USA-CVD-186,MI,MI,MEXICO-14,
USA-CVD-187,MI,MI,753-TA-002,
USA-CVD-188,MI,MI,MEXICO-15,
USA-CVD-189,MI,MI,701-TA-204,
USA-CVD-190,MI,MI,701-TA-205,
USA-CVD-191,MI,MI,701-TA-206,
USA-CVD-192,MI,MI,701-TA-207,
USA-CVD-193,MI,MI,701-TA-208,
USA-CVD-194,MI,MI,CZECHOSLOVAKIA-1,
USA-CVD-195,MI,MI,POLAND-1,
USA-CVD-196,MI,MI,701-TA-209,
USA-CVD-197,MI,MI,701-TA-210,
USA-CVD-198,MI,MI,701-TA-211,
USA-CVD-199,MI,MI,701-TA-212,
USA-CVD-200,MI,MI,MEXICO-16,
USA-CVD-201,MI,MI,MEXICO-17,
USA-CVD-202,MI,MI,PERU-1,
USA-CVD-203,MI,MI,USSR-1,
USA-CVD-204,MI,MI,EAST GERMANY-1,
USA-CVD-205,MI,MI,701-TA-213,
USA-CVD-206,MI,MI,701-TA-214,
USA-CVD-207,MI,MI,701-TA-215,
USA-CVD-208,MI,MI,701-TA-216,
USA-CVD-209,MI,MI,701-TA-217,
USA-CVD-210,MI,MI,ARGENTINA-3,
USA-CVD-211,MI,MI,MEXICO-18,
USA-CVD-212,MI,MI,701-TA-218,
USA-CVD-213,MI,MI,701-TA-219,
USA-CVD-214,MI,MI,COSTA RICA-1,
USA-CVD-215,MI,MI,701-TA-220,
USA-CVD-216,MI,MI,PORTUGAL-1,
USA-CVD-217,MI,MI,PANAMA-1,
USA-CVD-218,MI,MI,753-TA-021,
USA-CVD-219,MI,MI,SINGAPORE-2,
USA-CVD-220,MI,MI,753-TA-024,
USA-CVD-221,MI,MI,753-TA-007,
USA-CVD-222,MI,MI,753-TA-001,
USA-CVD-223,MI,MI,MALAYSIA-2,
USA-CVD-224,MI,MI,701-TA-245,
USA-CVD-225,MI,MI,701-TA-246,
USA-CVD-226,MI,MI,753-TA-023,
USA-CVD-227,MI,MI,COLOMBIA-3,
USA-CVD-228,MI,MI,753-TA-013,
USA-CVD-229,MI,MI,701-TA-247,
USA-CVD-230,MI,MI,CHINA-1,
USA-CVD-231,MI,MI,303-TA-015,
USA-CVD-232,MI,MI,MEXICO-19,
USA-CVD-233,MI,MI,701-TA-221,
USA-CVD-234,MI,MI,701-TA-222,
USA-CVD-235,MI,MI,701-TA-223,
USA-CVD-236,MI,MI,MEXICO-20,
USA-CVD-237,MI,MI,701-TA-224,
USA-CVD-238,MI,MI,701-TA-250,
USA-CVD-239,MI,MI,701-TA-225,
USA-CVD-240,MI,MI,701-TA-226,
USA-CVD-241,MI,MI,701-TA-227,
USA-CVD-242,MI,MI,701-TA-228,
USA-CVD-243,MI,MI,701-TA-229,
USA-CVD-244,MI,MI,701-TA-230,
USA-CVD-245,MI,MI,701-TA-231,
USA-CVD-246,MI,MI,701-TA-232,
USA-CVD-247,MI,MI,701-TA-233,
USA-CVD-248,MI,MI,701-TA-234,
USA-CVD-249,MI,MI,701-TA-235,
USA-CVD-250,MI,MI,701-TA-236,
USA-CVD-251,MI,MI,701-TA-237,
USA-CVD-252,MI,MI,701-TA-238,
USA-CVD-253,MI,MI,SAFRICA-10,
USA-CVD-254,MI,MI,753-TA-014,
USA-CVD-255,MI,MI,701-TA-239,
USA-CVD-256,MI,MI,701-TA-240,
USA-CVD-257,MI,MI,701-TA-241,
USA-CVD-258,MI,MI,753-TA-027,
USA-CVD-259,MI,MI,701-TA-242,
USA-CVD-260,MI,MI,MEXICO-21,
USA-CVD-261,MI,MI,NEW ZEALAND-1,
USA-CVD-262,MI,MI,701-TA-243,
USA-CVD-263,MI,MI,701-TA-244,
USA-CVD-264,MI,MI,701-TA-248,
USA-CVD-265,MI,MI,701-TA-249a,
USA-CVD-266,MI,MI,701-TA-249b,
USA-CVD-267,MI,MI,303-TA-016,
USA-CVD-268,MI,MI,SAUDI ARABIA-1,
USA-CVD-269,MI,MI,753-TA-020,
USA-CVD-270,MI,MI,701-TA-251,
USA-CVD-271,MI,MI,701-TA-252,
USA-CVD-272,MI,MI,701-TA-253,
USA-CVD-273,MI,MI,YUGOSLAVIA-1,
USA-CVD-274,MI,MI,701-TA-254,
USA-CVD-275,MI,MI,701-TA-255,
USA-CVD-276,MI,MI,701-TA-256,
USA-CVD-277,MI,MI,701-TA-257,
USA-CVD-278,MI,MI,SINGAPORE-3,
USA-CVD-279,MI,MI,701-TA-258,
USA-CVD-280,MI,MI,701-TA-259,
USA-CVD-281,MI,MI,701-TA-260,
USA-CVD-282,MI,MI,753-TA-028,
USA-CVD-283,MI,MI,IRAN-1,
USA-CVD-284,MI,MI,753-TA-017,
USA-CVD-285,MI,MI,701-TA-261,
USA-CVD-286,MI,MI,701-TA-262,
USA-CVD-287,MI,MI,701-TA-263,
USA-CVD-288,MI,MI,701-TA-264,
USA-CVD-289,MI,MI,701-TA-261a,
USA-CVD-290,MI,MI,701-TA-263a,
USA-CVD-291,MI,MI,701-TA-264a,
USA-CVD-292,MI,MI,701-TA-265,
USA-CVD-293,MI,MI,701-TA-266,
USA-CVD-294,MI,MI,701-TA-267,
USA-CVD-295,MI,MI,701-TA-268,
USA-CVD-296,MI,MI,753-TA-032,
USA-CVD-297,MI,MI,701-TA-269,
USA-CVD-298,MI,MI,701-TA-270,
USA-CVD-299,MI,MI,701-TA-271,
USA-CVD-300,MI,MI,701-TA-272,
USA-CVD-301,MI,MI,753-TA-015,
USA-CVD-302,MI,MI,701-TA-273,
USA-CVD-303,MI,MI,MALAYSIA-3,
USA-CVD-304,MI,MI,701-TA-274,
USA-CVD-305,MI,MI,COLOMBIA-4,
USA-CVD-306,MI,MI,COSTA RICA-2,
USA-CVD-307,MI,MI,303-TA-017,
USA-CVD-308,MI,MI,303-TA-018,
USA-CVD-309,MI,MI,ECUADOR-1,
USA-CVD-310,MI,MI,701-TA-275,
USA-CVD-311,MI,MI,701-TA-276,
USA-CVD-312,MI,MI,701-TA-277,
USA-CVD-313,MI,MI,701-TA-278,
USA-CVD-314,MI,MI,701-TA-279,
USA-CVD-315,MI,MI,IRAN-2,
USA-CVD-316,MI,MI,701-TA-280,
USA-CVD-317,MI,MI,701-TA-281,
USA-CVD-318,MI,MI,701-TA-282,
USA-CVD-319,MI,MI,701-TA-283,
USA-CVD-320,MI,MI,701-TA-284,
USA-CVD-321,MI,MI,701-TA-285,
USA-CVD-322,MI,MI,701-TA-286,
USA-CVD-323,MI,MI,753-TA-029,
USA-CVD-324,MI,MI,753-TA-016,
USA-CVD-325,MI,MI,701-TA-287,
USA-CVD-326,MI,MI,701-TA-288,
USA-CVD-327,MI,MI,701-TA-289,
USA-CVD-328,MI,MI,IRAN-3,
USA-CVD-329,MI,MI,753-TA-010,
USA-CVD-330,MI,MI,SINGAPORE-4,
USA-CVD-331,MI,MI,753-TA-004,
USA-CVD-332,MI,MI,753-TA-006,
USA-CVD-333,MI,MI,753-TA-008,
USA-CVD-334,MI,MI,753-TA-009,
USA-CVD-335,MI,MI,303-TA-019,
USA-CVD-336,MI,MI,303-TA-020,
USA-CVD-337,MI,MI,MALAYSIA-4,
USA-CVD-338,MI,MI,701-TA-290,
USA-CVD-339,MI,MI,701-TA-291,
USA-CVD-340,MI,MI,701-TA-292,
USA-CVD-341,MI,MI,MALAYSIA-5,
USA-CVD-342,MI,MI,701-TA-293,
USA-CVD-343,MI,MI,701-TA-294,
USA-CVD-344,MI,MI,701-TA-295,
USA-CVD-345,MI,MI,701-TA-296,
USA-CVD-346,MI,MI,753-TA-026,
USA-CVD-347,MI,MI,701-TA-297,
USA-CVD-348,MI,MI,701-TA-298,
USA-CVD-349,MI,MI,SAUDI ARABIA-2,
USA-CVD-350,MI,MI,UAE-1,
USA-CVD-351,MI,MI,MALAYSIA-1,
USA-CVD-352,MI,MI,701-TA-299,
USA-CVD-353,MI,MI,701-TA-300,
USA-CVD-354,MI,MI,753-TA-025,
USA-CVD-355,MI,MI,SINGAPORE-5,
USA-CVD-356,MI,MI,701-TA-301,
USA-CVD-357,MI,MI,701-TA-302,
USA-CVD-358,MI,MI,701-TA-303,
USA-CVD-359,MI,MI,701-TA-304,
USA-CVD-360,MI,MI,701-TA-305,
USA-CVD-361,MI,MI,701-TA-306,
USA-CVD-362,MI,MI,303-TA-021,
USA-CVD-363,MI,MI,753-TA-035,
USA-CVD-364,MI,MI,BANGLADESH-1,
USA-CVD-365,MI,MI,701-TA-307,
USA-CVD-366,MI,MI,303-TA-021,
USA-CVD-367,MI,MI,701-TA-308,
USA-CVD-368,MI,MI,303-TA-022,
USA-CVD-369,MI,MI,753-TA-034,
USA-CVD-370,MI,MI,701-TA-309,
USA-CVD-371,MI,MI,701-TA-310,
USA-CVD-372,MI,MI,701-TA-311,
USA-CVD-373,MI,MI,753-TA-030,
USA-CVD-374,MI,MI,701-TA-312,
USA-CVD-375,MI,MI,CHINA-2,
USA-CVD-376,MI,MI,CHINA-3,
USA-CVD-377,MI,MI,701-TA-313,
USA-CVD-378,MI,MI,701-TA-314,
USA-CVD-379,MI,MI,701-TA-315,
USA-CVD-380,MI,MI,701-TA-316,
USA-CVD-381,MI,MI,701-TA-317,
USA-CVD-382,MI,MI,701-TA-318,
USA-CVD-383,MI,MI,303-TA-023,
USA-CVD-384,MI,MI,753-TA-031,
USA-CVD-385,MI,MI,701-TA-319,
USA-CVD-386,MI,MI,701-TA-320,
USA-CVD-387,MI,MI,701-TA-321,
USA-CVD-388,MI,MI,701-TA-322,
USA-CVD-389,MI,MI,701-TA-323,
USA-CVD-390,MI,MI,701-TA-324,
USA-CVD-391,MI,MI,701-TA-325,
USA-CVD-392,MI,MI,701-TA-326,
USA-CVD-393,MI,MI,701-TA-327,
USA-CVD-394,MI,MI,701-TA-328,
USA-CVD-395,MI,MI,701-TA-329,
USA-CVD-396,MI,MI,701-TA-330,
USA-CVD-397,MI,MI,701-TA-331,
USA-CVD-398,MI,MI,701-TA-332,
USA-CVD-399,MI,MI,701-TA-333,
USA-CVD-400,MI,MI,701-TA-334,
USA-CVD-401,MI,MI,701-TA-335,
USA-CVD-402,MI,MI,701-TA-336,
USA-CVD-403,MI,MI,701-TA-337,
USA-CVD-404,MI,MI,701-TA-338,
USA-CVD-405,MI,MI,701-TA-339,
USA-CVD-406,MI,MI,701-TA-340,
USA-CVD-407,MI,MI,701-TA-341,
USA-CVD-408,MI,MI,701-TA-342,
USA-CVD-409,MI,MI,701-TA-343,
USA-CVD-410,MI,MI,701-TA-344,
USA-CVD-411,MI,MI,701-TA-345,
USA-CVD-412,MI,MI,701-TA-346,
USA-CVD-413,MI,MI,701-TA-347,
USA-CVD-414,MI,MI,701-TA-348,
USA-CVD-415,MI,MI,701-TA-349,
USA-CVD-416,MI,MI,701-TA-350,
USA-CVD-417,MI,MI,701-TA-351,
USA-CVD-418,MI,MI,701-TA-352,
USA-CVD-419,MI,MI,701-TA-353,
USA-CVD-420,MI,MI,701-TA-354,
USA-CVD-421,MI,MI,SAFRICA-1,
USA-CVD-422,MI,MI,701-TA-355,
USA-CVD-423,MI,MI,701-TA-356,
USA-CVD-424,MI,MI,701-TA-357,
USA-CVD-425,MI,MI,701-TA-358,
USA-CVD-426,MI,MI,303-TA-024,
USA-CVD-427,.,.,701-TA-359,no injury was found
USA-CVD-428,Karmen Steels of India,.,701-TA-360,no injury was found
USA-CVD-428,Sivanandha Pipe Fittings Ltd.,.,701-TA-360,no injury was found
USA-CVD-428,Tata Iron & Steel Limited,.,701-TA-360,no injury was found
USA-CVD-429,Pipe Fittings Carmiel Ltd.,.,701-TA-361,no injury was found
USA-CVD-430,Thai Merry Co. Ltd.,.,303-TA-025,subsidies were found to be negligible
USA-CVD-431,All Exporters,1.47,701-TA-362,no firm specific duties
USA-CVD-432,.,.,701-TA-363,no injury was found
USA-CVD-433,All Exporters,1.47,701-TA-364,no firm specific duties
USA-CVD-434,Agritalia S.R.L.,2.55,701-TA-365,
USA-CVD-434,Arrighi S.P.A. Industrie Alimentari,2.44,701-TA-365,
USA-CVD-434,Barilla G. E R. F.Lli S.P.A.,0.65,701-TA-365,
USA-CVD-434,De Matteis Agroalimentare S.P.A.,2.47,701-TA-365,
USA-CVD-434,Delverde S.R.L.,5.9,701-TA-365,
USA-CVD-434,F.Lli De Cecco Di Filippo Fara S. Martino S.P.A.,3.37,701-TA-365,
USA-CVD-434,Gruppo Agricoltura Sana S.R.L.,0,701-TA-365,
USA-CVD-434,Industria Alimentare Colavita S.P.A.,2.04,701-TA-365,
USA-CVD-434,Isola Del Grano S.R.L.,11.23,701-TA-365,
USA-CVD-434,Italpast S.P.A.,11.23,701-TA-365,
USA-CVD-434,Italpasta S.R.L.,2.44,701-TA-365,
USA-CVD-434,La Molisana Alimentari S.P.A.,4.17,701-TA-365,
USA-CVD-434,Labor S.R.L.,11.23,701-TA-365,
USA-CVD-434,Molino E Pastificio De Cecco S.P.A. Pescara,3.37,701-TA-365,
USA-CVD-434,Pastificio Guido Ferrara,1.21,701-TA-365,
USA-CVD-434,Pastificio Campano S.P.A.,2.59,701-TA-365,
USA-CVD-434,Pastificio Riscossa F.Lli Mastromauro S.R.L.,6.91,701-TA-365,
USA-CVD-434,Tamma Industrie Alimentari Di Capitanata,5.9,701-TA-365,
USA-CVD-435,Filiz Gida Sanayi Ve Ticaret,3.87,701-TA-366,cash deposit rates; ad valorem rate is 3.87
USA-CVD-435,Maktas Makarnacilik Ve Ticaret,12.61,701-TA-366,cash deposit rates; ad valorem rate is 13.12
USA-CVD-435,Oba Makarnacilik Sanayi Ve Ticaret,15.82,701-TA-366,cash deposit rates; ad valorem rate is 15.82
USA-CVD-436,.,.,701-TA-367,subsidies were found to be negligible
USA-CVD-437,Sidbec-Dosco (Ispat) Inc.,.,701-TA-368,no injury was found
USA-CVD-437,Ivaco Inc.,.,701-TA-368,no injury was found
USA-CVD-437,Stelco Inc.,.,701-TA-368,no injury was found
USA-CVD-438,Saarstahl Ag,.,701-TA-369,Walzdraht Hochfeld GmbH and Brandenburger Elektrostahlwerke GmbH are also mentioned; no injury was found
USA-CVD-438,Ispat Hamburger Stahlwerke Gmbh,.,701-TA-369,no injury was found
USA-CVD-439,Caribbean Ispat Limited,.,701-TA-370,no injury was found
USA-CVD-440,Cvg-Siderurgica Del Orinoco,.,701-TA-371,no injury was found
USA-CVD-441,.,.,701-TA-372,subsidies were found to be negligible
USA-CVD-442,Cogne Acciai Speciali S.R.L.,22.22,701-TA-373,
USA-CVD-442,Acciaierie Valbruna S.R.L./Acciaierie Di Bolzano S.P.A.,1.28,701-TA-373,
USA-CVD-443,.,.,701-TA-374,no injury was found
USA-CVD-444,P.T. Swasthi Parama Mulya,.,701-TA-375,subsidies were found to be negligible
USA-CVD-444,Bakrie Rubber Industries,.,701-TA-375,subsidies were found to be negligible
USA-CVD-445,Alz N.V.,2,701-TA-376,
USA-CVD-446,Acciai Speciali Terni S.P.A.,15.16,701-TA-377,
USA-CVD-447,Pohang Iron & Steel Company Ltd.,.,701-TA-378,subsidies were found to be negligible
USA-CVD-448,Columbus Stainless,3.95,701-TA-379,the operating division of the Columbus Joint Venture
USA-CVD-449,Usinor,5.38,701-TA-380,
USA-CVD-450,Acciai Speciali Terni S.P.A.,12.22,701-TA-381,
USA-CVD-450,Arinox S.R.L.,1.03,701-TA-381,
USA-CVD-451,Inchon Iron & Steel Company,2.65,701-TA-382,"Pohang Iron & Steel Company, Ltd. is also mentioned."
USA-CVD-451,Dai Yang Metal Co. Ltd.,1.58,701-TA-382,
USA-CVD-451,Taihan Electric Wire Co. Ltd.,7,701-TA-382,
USA-CVD-451,Sammi Steel Co. Ltd.,59.3,701-TA-382,
USA-CVD-452,Garware Elastomerics Ltd.,.,701-TA-383,subsidies were found to be negligible
USA-CVD-453,Companhia Siderugica Nacional,.,701-TA-384,suspension agreement
USA-CVD-453,Usinas Siderugicas De Minas Gerais/Companhia Siderurgica Paulista,.,701-TA-384,affiliated companies; suspension agreement
USA-CVD-454,.,.,701-TA-385,petition withdrawn
USA-CVD-455,.,.,701-TA-386,subsidies were found to be negligible
USA-CVD-456,Usinor Group,5.56,701-TA-387,Sollac S.A. and Creusot Loire Industrie S.A. are also mentioned.
USA-CVD-456,Gts Industries S.A.,6.86,701-TA-387,
USA-CVD-457,Steel Authority of India,12.82,701-TA-388,
USA-CVD-458,P.T. Krakatau Steel,47.71,701-TA-389,P.T. Gunawan Steel and P.T. Jaya Pari are also mentioned.
USA-CVD-459,Ilva S.P.A. and Ilva Lamiere E. Tubi S.P.A.,26.12,701-TA-390,Palini and Bertoli S.p.A. is also mentioned.
USA-CVD-460,Dongkuk Steel Mill Ltd.,3.26,701-TA-391,"Pohang Iron & Steel Co., Ltd. is also mentioned."
USA-CVD-461,.,.,701-TA-392,imports were found to be negligible
USA-CVD-462,Usinas Siderugicas De Minas Gerais and Companhia Siderurgica Paulista,.,701-TA-393,affiliated companies; no injury was found
USA-CVD-462,Companhia Siderugica Nacional,.,701-TA-393,no injury was found
USA-CVD-463,.,.,701-TA-394,imports were found to be negligible
USA-CVD-464,.,.,701-TA-395,imports were found to be negligible
USA-CVD-465,.,.,701-TA-396,imports were found to be negligible
USA-CVD-466,.,.,701-TA-397,petition was dismissed
USA-CVD-467,.,.,701-TA-398,petition was dismissed
USA-CVD-468,.,.,701-TA-399,petition was dismissed
USA-CVD-469,.,.,701-TA-400,petition was dismissed
USA-CVD-470,Kangwon Industries Ltd.,3.88,701-TA-401,"Inchon Iron & Steel Co., Ltd., Hyosung Corporation, Sampyo Corporation, and Hyundai Corporation are also mentioned."
USA-CVD-470,Dongkuk Steel Mill Co. Ltd.,1.34,701-TA-401,"its trading company, Dongkuk Industries Co., Ltd. is also mentioned."
USA-CVD-471,All Exporters,5.85,701-TA-402,no firm specific duties
USA-CVD-472,Dead Sea Magnesium Ltd.,.,701-TA-403,no injury was found
USA-CVD-473,Siderar Sociedad Anomina Industrial & Commercial,41.69,701-TA-404,
USA-CVD-474,Essar Steel Limited,8.28,701-TA-405,Jindal Iron and Steel is also mentioned.
USA-CVD-474,Ispat Industries Limited,31.89,701-TA-405,
USA-CVD-474,Steel Authority of India Limited,18.27,701-TA-405,
USA-CVD-474,Tata Iron and Steel Company Limited,9.17,701-TA-405,
USA-CVD-475,P.T. Krakatau Steel,10.21,701-TA-406,
USA-CVD-476,Saldanha Steel Ltd. and Iscor Ltd.,5.76,701-TA-407,affiliated companies; Highveld Steel and Vanadium Corporation Limited is also mentioned.
USA-CVD-477,Sahaviriya Steel Industries Public Company Ltd.,2.38,701-TA-408,
USA-CVD-478,Eurodif S.A. and Compagnie Generale Des Matieres Nucleaires,12.15,701-TA-409,affiliated companies
USA-CVD-479,Urenco Group Limited,2.23,701-TA-410,
USA-CVD-480,Urenco Group Limited,2.23,701-TA-411,
USA-CVD-481,Urenco Group Limited,2.23,701-TA-412,
USA-CVD-482,Cogne Acciai Speciali S.R.L.,13.17,701-TA-413,
USA-CVD-482,Acciaierie Valbruna S.P.A.,.,701-TA-413,subsidies were found to be negligible
USA-CVD-482,Acciaiera Foroni S.P.A.,.,701-TA-413,subsidies were found to be negligible
USA-CVD-482,Trafilerie Bedini S.R.L.,.,701-TA-413,subsidies were found to be negligible
USA-CVD-482,Italfond S.P.A.,.,701-TA-413,subsidies were found to be negligible
USA-CVD-482,Rodacciai S.P.A.,.,701-TA-413,subsidies were found to be negligible
USA-CVD-483,All Exporters,18.79,701-TA-414,no firm specific duties
USA-CVD-484,Ester Industries Ltd.,18.43,701-TA-415,
USA-CVD-484,Garware Polyester Ltd.,24.48,701-TA-415,
USA-CVD-484,Polyplex Corporation Ltd.,18.66,701-TA-415,
USA-CVD-485,.,.,701-TA-416,"subsidies were found to be negligible; Fruticola Olmue S.A., Exportadora Frucol Ltda., and Comercial Fruticola S.A. are mentioned."
USA-CVD-486,Companhia Siderurgica Belgo-Mineira,6.74,701-TA-417,"its fully-owned subsidiary, Belgo-Mineira Participacao Industria e Comercio S.A. is also mentioned."
USA-CVD-486,Gerdau S.A.,2.76,701-TA-417,
USA-CVD-487,Ispat Sidbec Inc.,6.61,701-TA-418,
USA-CVD-487,Stelco Inc.,.,701-TA-418,subsidies were found to be negligible
USA-CVD-487,Ivaco Inc.,.,701-TA-418,subsidies were found to be negligible
USA-CVD-488,Saarstahl Ag,.,701-TA-419,imports were found to be negligible
USA-CVD-488,Ispat Walzdraht Hochfeld Gmbh,.,701-TA-419,imports were found to be negligible
USA-CVD-488,Ispat Hamburger Stahlwerke Gmbh,.,701-TA-419,imports were found to be negligible
USA-CVD-488,Ispat Stahlwerk Ruhrort Gmbh,.,701-TA-419,imports were found to be negligible
USA-CVD-489,Caribbean Ispat Limited,.,701-TA-420,countervailable subsidies are not being provided to producers and exporters of the subject merchandise.
USA-CVD-490,.,.,701-TA-421,"subsidies were found to be negligible; Colakoglu Metalurji, A.S. and Habas Sinai ve Tibbi Gazlar Istihsal Endustrisi, A.S. are mentioned."
USA-CVD-491,.,.,701-TA-422,subsidies were found to be negligible; Siderar Sociedad Anonima Industrial Y Comercial is mentioned.
USA-CVD-492,Usinas Siderurgicas De Minas Gerais and Companhia Siderurgica Paulista,.,701-TA-423,affiliated companies; no injury was found
USA-CVD-492,Companhia Siderurgica Nacional,.,701-TA-423,no injury was found
USA-CVD-493,Usinor,.,701-TA-424,no injury was found
USA-CVD-494,Dongbu Steel Co. Ltd.,.,701-TA-425,no injury was found
USA-CVD-494,Hyundai Hysco,.,701-TA-425,no injury was found
USA-CVD-494,Pohang Iron & Steel Co. Ltd.,.,701-TA-425,no injury was found
USA-CVD-494,Union Steel Manufacturing Co. Ltd.,.,701-TA-425,no injury was found
USA-CVD-495,Nitrokemia 2000 Rt.,2.87,701-TA-426,
USA-CVD-496,.,.,701-TA-427,petition withdrawn
USA-CVD-497,.,.,701-TA-428,no injury was found
USA-CVD-498,.,.,701-TA-429,petition withdrawn
USA-CVD-499,Canadian Wheat Board,.,701-TA-430a,no injury was found
USA-CVD-500,Canadian Wheat Board,5.29,701-TA-430b,
USA-CVD-501,Hynix Semiconductor Inc.,44.29,701-TA-431,"formerly Hyundai Electronics Industries Co., Ltd.; Samsung Electronics Co., Ltd. is also mentioned."
USA-CVD-502,All Exporters,62.92,701-TA-432,no firm specific duties; Tata Iron and Steel Company Limited is mentioned.
USA-CVD-503,.,.,701-TA-433,no injury was found
USA-CVD-504,.,.,701-TA-434,petition withdrawn
USA-CVD-505,.,.,701-TA-435,no injury was found
USA-CVD-506,.,.,701-TA-436,no injury was found
USA-CVD-507,Alpanil Industries Ltd.,17.57,701-TA-437,its affiliated company Meghmani Organics Ltd. is also mentioned.
USA-CVD-507,Pidilite Industries Ltd.,17.33,701-TA-437,
USA-CVD-507,Ami Pigments Pvt. Ltd.,33.61,701-TA-437,
USA-CVD-508,.,.,701-TA-438,"subsidies were found to be negligible; Premium Pork Canada Inc., Hytek Ltd., and others are mentioned."
USA-CVD-509,Reliance Industries Ltd.,.,701-TA-439,no injury was found
USA-CVD-509,South Asia Petrochem Ltd.,.,701-TA-439,no injury was found
USA-CVD-509,Futura Polyesters Ltd.,.,701-TA-439,no injury was found
USA-CVD-509,Elque Polyesters Ltd.,.,701-TA-439,no injury was found
USA-CVD-510,Thai Shinkong Industry Corporation Ltd.,.,701-TA-440,subsidies were found to be negligible
USA-CVD-510,Bangkok Polyester Public Company Limited,.,701-TA-440,subsidies were found to be negligible
USA-CVD-510,Indopet (Thailand) Limited,.,701-TA-440,subsidies were found to be negligible
USA-CVD-511,.,.,701-TA-441,petition withdrawn
USA-CVD-512,Aero Exports,7.05,701-TA-442,
USA-CVD-512,Kejriwal Paper Limited,.,701-TA-442,de minimis
USA-CVD-512,Navneet Publications India Ltd.,10.24,701-TA-442,
USA-CVD-513,Pt. Pabrik Kertas Tjiwi Kimia Tbk,40.55,701-TA-443,
USA-CVD-514,Gold East Paper (Jiangsu) Co. Ltd.,.,701-TA-444,no injury was found
USA-CVD-514,Shandong Chenming Paper Holdings Ltd.,.,701-TA-444,no injury was found
USA-CVD-515,Pt. Pabrik Kertas Tjiwi Kimia Tbk.,.,701-TA-445,producer; no injury was found
USA-CVD-515,Pt. Pindo Deli Pulp and Paper Mills,.,701-TA-445,exporter; no injury was found
USA-CVD-516,En Paper Mfg. Co. Ltd.,.,701-TA-446,no injury was found
USA-CVD-516,Kyesung Paper Co. Ltd.,.,701-TA-446,"also mentioned its affiliate Namhan Paper Co., Ltd.; no injury was found"
USA-CVD-516,Moorim Paper Co. Ltd.,.,701-TA-446,also mentioned its affiliate Moorim SP; no injury was found
USA-CVD-516,Hansol Paper Co. Ltd.,.,701-TA-446,no injury was found
USA-CVD-517,Weifang East Steel Pipe Co. Ltd.,29.62,701-TA-447,
USA-CVD-517,Zhejiang Kingland Pipeline and Technologies Co. Ltd.,44.93,701-TA-447,
USA-CVD-517,Kingland Group Co. Ltd.,44.93,701-TA-447,
USA-CVD-517,Beijing Kingland Centruy Technologies Co.,44.93,701-TA-447,
USA-CVD-517,Zhejiang Kingland Pipeline Industry Co. Ltd.,44.93,701-TA-447,
USA-CVD-517,Shanxi Kingland Pipeline Co. Ltd.,44.93,701-TA-447,
USA-CVD-517,Tianjin Shuangjie Steel Pipe Co. Ltd.,616.83,701-TA-447,
USA-CVD-517,Tianjin Shuangjie Steel Pipe Group Co. Ltd.,616.83,701-TA-447,
USA-CVD-517,Tianjin Wa Song Imp. & Exp. Co. Ltd.,616.83,701-TA-447,
USA-CVD-517,Tianjin Shuanglian Galvanizing Products Co. Ltd.,616.83,701-TA-447,
USA-CVD-518,Guizhou Tire Co. Ltd.,2.45,701-TA-448,
USA-CVD-518,Hebei Starbright Tire Co. Ltd.,14,701-TA-448,
USA-CVD-518,Tianjin United Tire & Rubber International Co. Ltd.,6.85,701-TA-448,
USA-CVD-519,Kunshan Lets Win Steel Machinery Co. Ltd.,2.17,701-TA-449,
USA-CVD-519,Zhangjiagang Zhongyuan Pipe-Making Co. Ltd.,15.28,701-TA-449,
USA-CVD-519,Jiangsu Qiyuan Group Co. Ltd.,15.28,701-TA-449,
USA-CVD-519,Qingdao Xiangxing Steel Pipe Co. Ltd.,200.58,701-TA-449,
USA-CVD-520,Han Shing Chemical Co. Ltd.,223.74,701-TA-450,
USA-CVD-520,Ningbo Yong Feng Packaging Co. Ltd.,223.74,701-TA-450,
USA-CVD-520,Shandong Qilu Plastic Fabric Group Ltd.,304.4,701-TA-450,
USA-CVD-520,Shandong Shouguang Jianyuanchun Chun Co. Ltd. and Its Affiliate Shandong Longxing Plastic Products Company Ltd.,352.82,701-TA-450,
USA-CVD-520,Zibo Aifudi Plastic Packaging Co. Ltd.,29.54,701-TA-450,
USA-CVD-521,Guangdong Guanhao High-Tech Co. Ltd.,13.63,701-TA-451,
USA-CVD-521,Shanghai Hanhong Paper Co. Ltd.,0.57,701-TA-451,de minimis
USA-CVD-521,Shenzhen Yuanming Industrial Development Co. Ltd.,138.53,701-TA-451,
USA-CVD-521,Mdcn Technology Co. Ltd.,124.93,701-TA-451,
USA-CVD-521,Xiamen Anne Paper Co. Ltd.,124.93,701-TA-451,
USA-CVD-522,China Ningbo Cixi Import Export Corporation,109.95,701-TA-452,
USA-CVD-522,Polyflex Magnets Ltd.,109.95,701-TA-452,
USA-CVD-523,Shanxi Jiaocheng Hongxing Chemical Co. Ltd.,169.01,701-TA-453,
USA-CVD-523,Tianjin Soda Plant and Its Subsidiary Tianjin Port Free Trade Zone Pan Bohai International Trading Co. Ltd.,169.01,701-TA-453,
USA-CVD-524,Winner Stainless Steel Tube Co. Ltd. & Winner Steel Products (Guangzhou) Co. Ltd. & Winner Machinery Enterprises Company Limited,1.1,701-TA-454,
USA-CVD-524,Froch Enterprise Co. Ltd.,299.16,701-TA-454,also known as Zhangyuan Metal Industry Co. Ltd.
USA-CVD-525,Huludao Companies,31.29,701-TA-455,
USA-CVD-525,Liaoning Northern Steel Pipe Co. Ltd.,40.05,701-TA-455,
USA-CVD-526,TTCA Co. Ltd. (a.k.a. Shandong TTCA Biochemistry Co. Ltd.),12.68,701-TA-456,
USA-CVD-526,Yixing Union Biochemical Co. Ltd. & Yixing Union Cogeneration Co. Ltd.,3.6,701-TA-456,exporter & producer combination rates
USA-CVD-526,Anhui BBCA Biochemical Co. Ltd.,118.95,701-TA-456,
USA-CVD-527,Princeway Furniture (Dong Guan) Co. Ltd. and Princeway Limited,.,701-TA-457,
USA-CVD-527,Jiashan Superpower Tools Co. Ltd.,13.3,701-TA-457,
USA-CVD-527,Maxchief Investments Ltd.,264.98,701-TA-457,
USA-CVD-527,Qingdao EA Huabang Instrument Co. Ltd.,264.98,701-TA-457,
USA-CVD-527,Qingdao Hundai Tools Co. Ltd.,264.98,701-TA-457,
USA-CVD-527,Qingdao Taifa Group Co. Ltd.,264.98,701-TA-457,
USA-CVD-527,World Factory Inc.,264.98,701-TA-457,
USA-CVD-528,Guangdong Wire King Co. Ltd.,13.3,701-TA-458,formerly known as Foshan Shunde Wireking Housewares & Hardware
USA-CVD-528,Asber Enterprises Co. Ltd.,170.82,701-TA-458,
USA-CVD-528,Changzhou Yixiong Metal Products Co. Ltd.,149.91,701-TA-458,
USA-CVD-528,Foshan Winleader Metal Products Co. Ltd.,149.91,701-TA-458,
USA-CVD-528,Kingsun Enterprises Group Co. Ltd.,149.91,701-TA-458,
USA-CVD-528,Yuyao Hanjun Metal Work Co./Yuyao Hanjun Metal Products Co. Ltd.,149.91,701-TA-458,
USA-CVD-528,Zhongshan Iwatani Co. Ltd.,149.91,701-TA-458,
USA-CVD-529,Triveni Safety Matches Pvt. Limited,9.88,701-TA-459,
USA-CVD-530,.,.,701-TA-460,
USA-CVD-531,.,.,701-TA-461,
USA-CVD-532,Advance Polybag Co. Ltd.,52.56,701-TA-462,
USA-CVD-532,Chin Sheng Company Ltd.,.,701-TA-462,de minimis
USA-CVD-532,Fotai Vietnam Enterprise Corp. and Fotai Enterprise Corporation,5.28,701-TA-462,
USA-CVD-533,Jiangsu Changbao Steel Tube Co. & Jiangsu Changbao Precision Steel Tube Co. Ltd,12.46,701-TA-463,exporter & manufacturer combination rates
USA-CVD-533,Tianjin Pipe (Group) Co. & Tianjin Pipe Iron Manufacturing Co. Ltd. & Tianguan Yuantong Pipe Product Co. Ltd. & Tianjin Pipe International Economic and Trading Co. Ltd. & TPCO Charging Development Co. Ltd,10.49,701-TA-463,exporter & manufacturer combination rates
USA-CVD-533,Wuxi Seamless Pipe Co Ltd. & Jiangsu Fanli Steel Pipe Co Ltd. & Tuoketuo County Mengfeng Special Steel Co. Ltd,14.95,701-TA-463,exporter & manufacturer combination rates
USA-CVD-533,Zhejiang Jianli Enterprise Co. Ltd. & Zhejiang Jianli Steel Steel Tube Co. Ltd. & Zhuji Jiansheng Machinery Co. Ltd. & Zhejiang Jianli Industry Group Co. Ltd.,15.78,701-TA-463,exporter & manufacturer combination rates
USA-CVD-534,Fasten Companies (Fasten Group Corporation and Fasten Group Import & Export Co. Ltd. and Jiangyin Hongsheng Co. Ltd. and Jiangyin Fasten Steel Products Co. Ltd. and Jiangyin Hongyu Metal Products Co. Ltd. and Jiangyin Walsin Steel Cable Co. Ltd.),9.42,701-TA-464,
USA-CVD-534,Xinhua Companies (Xinhua Metal Products Company Ltd. and Xinyu Iron and Steel Joint Stock Limited Company and Xingang Iron and Steel Joint Stock Limited Liability Company),45.85,701-TA-464,
USA-CVD-535,Ningbo Jiulong Machinery Manufacturing Co. Ltd,62.46,701-TA-465,
USA-CVD-536,Dalian Eastfound Metal Products Co. Ltd. (Eastfound Metal) and its affiliate Dalian Eastfound Material Handling Products Co. Ltd. (Eastfound Material),.,701-TA-466,(collectively the Eastfound Companies); suggested net subsidy ad valorem rate: 3.55%
USA-CVD-536,Dalian Huameilong Metal Products Co. Ltd. (DHMP),.,701-TA-466,suggested net subsidy ad valorem rate: 1.52%
USA-CVD-536,Aceally (Xiamen) Technology Co. Ltd.,.,701-TA-466,suggested net subsidy ad valorem rate: 437.11%
USA-CVD-536,Alida Wire Mesh & Wire Cloth Mfg,.,701-TA-466,suggested net subsidy ad valorem rate: 437.11%
USA-CVD-536,Anping Ankai Hardware & Mesh Products Co. Ltd.,.,701-TA-466,suggested net subsidy ad valorem rate: 437.11%
USA-CVD-536,Anping County Jincheng Metal Products Co. Ltd.,.,701-TA-466,suggested net subsidy ad valorem rate: 437.11%
USA-CVD-536,Anping County Yuantong Hardware Net Industry Co. Ltd.,.,701-TA-466,suggested net subsidy ad valorem rate: 437.11%
USA-CVD-536,Anping Ruiqilong Wire Mesh Co. Ltd.,.,701-TA-466,suggested net subsidy ad valorem rate: 437.11%
USA-CVD-536,Anping Web Wire Mesh Co. Ltd.,.,701-TA-466,suggested net subsidy ad valorem rate: 437.11%
USA-CVD-536,Anping Yilian Metal Products Co. Ltd.,.,701-TA-466,suggested net subsidy ad valorem rate: 437.11%
USA-CVD-536,Aplus Industrial (HK) Ltd.,.,701-TA-466,suggested net subsidy ad valorem rate: 437.11%
USA-CVD-536,Beijing Jiuwei Storage Equipment Co. Ltd.,.,701-TA-466,suggested net subsidy ad valorem rate: 437.11%
USA-CVD-536,Dalian Aipute Industry & Trade Co. Ltd.,.,701-TA-466,suggested net subsidy ad valorem rate: 437.11%
USA-CVD-536,Dalian Best Metal Products Co. Ltd.,.,701-TA-466,suggested net subsidy ad valorem rate: 437.11%
USA-CVD-536,Dalian Jianda Metal Products Co. Ltd.,.,701-TA-466,suggested net subsidy ad valorem rate: 437.11%
USA-CVD-536,Dalian Litainer Logistic Equipment Co. Ltd.,.,701-TA-466,suggested net subsidy ad valorem rate: 437.11%
USA-CVD-536,Dalian Litainer Metal Products Co. Ltd.,.,701-TA-466,suggested net subsidy ad valorem rate: 437.11%
USA-CVD-536,Dalian Pro Metal Co. Ltd.,.,701-TA-466,suggested net subsidy ad valorem rate: 437.11%
USA-CVD-536,Dalian Traction Motor Co. Ltd.,.,701-TA-466,suggested net subsidy ad valorem rate: 437.11%
USA-CVD-536,Dalian Yutiein Storage Manufacture Co. Ltd.,.,701-TA-466,suggested net subsidy ad valorem rate: 437.11%
USA-CVD-536,Dalian Zengtian Metal-Net Production Co. Ltd.,.,701-TA-466,suggested net subsidy ad valorem rate: 437.11%
USA-CVD-536,Dandong Riqian Equipment Co. Ltd.,.,701-TA-466,suggested net subsidy ad valorem rate: 437.11%
USA-CVD-536,Deyoma Wire Decking Factory,.,701-TA-466,suggested net subsidy ad valorem rate: 437.11%
USA-CVD-536,Global Storage Equipment Manufacturer Ltd. (Huade Industries),.,701-TA-466,suggested net subsidy ad valorem rate: 437.11%
USA-CVD-536,Hebei Dongshengyuan Trading Co. Ltd.,.,701-TA-466,suggested net subsidy ad valorem rate: 437.11%
USA-CVD-536,Hebei Tengyue Trading Co. Ltd.,.,701-TA-466,suggested net subsidy ad valorem rate: 437.11%
USA-CVD-536,High Hope Int'l Group Jiangsu Native Produce Imp & Exp Corp. Ltd.,.,701-TA-466,suggested net subsidy ad valorem rate: 437.11%
USA-CVD-536,Imex China Ltd.,.,701-TA-466,suggested net subsidy ad valorem rate: 437.11%
USA-CVD-536,Jiangdong Xinguang Metal Product Co.,.,701-TA-466,suggested net subsidy ad valorem rate: 437.11%
USA-CVD-536,Jiangsu Nova Logistics System Co. Ltd.,.,701-TA-466,suggested net subsidy ad valorem rate: 437.11%
USA-CVD-536,Jiangsu Sainty Shengtong Imp & Exp Co.,.,701-TA-466,suggested net subsidy ad valorem rate: 437.11%
USA-CVD-536,JP Metal Works Processing Factory Kule (Dalian) Co. Ltd.,.,701-TA-466,suggested net subsidy ad valorem rate: 437.11%
USA-CVD-536,Kunshan Maxshow Industry Trade Co. Ltd.,.,701-TA-466,suggested net subsidy ad valorem rate: 437.11%
USA-CVD-536,Lanxuan Metal Product Co. Ltd.,.,701-TA-466,suggested net subsidy ad valorem rate: 437.11%
USA-CVD-536,Longkou Forever Developed Metal Product Co. Ltd.,.,701-TA-466,suggested net subsidy ad valorem rate: 437.11%
USA-CVD-536,Nanjing Better Metallic Products Co. Ltd.,.,701-TA-466,suggested net subsidy ad valorem rate: 437.11%
USA-CVD-536,Nanjing Better Storage Equipment Manufacturing Co. Ltd.,.,701-TA-466,suggested net subsidy ad valorem rate: 437.11%
USA-CVD-536,Nanjing Dongtuo Logistics Equipment Co. Ltd.,.,701-TA-466,suggested net subsidy ad valorem rate: 437.11%
USA-CVD-536,Nanjing Ebil Metal Products Co. Ltd.,.,701-TA-466,suggested net subsidy ad valorem rate: 437.11%
USA-CVD-536,Nanjing Huade Storage Equipment Manufacture Co. Ltd.,.,701-TA-466,suggested net subsidy ad valorem rate: 437.11%
USA-CVD-536,Nanjing Jiangrui International Logistics Co.,.,701-TA-466,suggested net subsidy ad valorem rate: 437.11%
USA-CVD-536,Nanjing Jiangrui Metal Products Co. Ltd.,.,701-TA-466,suggested net subsidy ad valorem rate: 437.11%
USA-CVD-536,Nanjing Jiangrui Racking Manufacture Co. Ltd.,.,701-TA-466,suggested net subsidy ad valorem rate: 437.11%
USA-CVD-536,Nanjing Youerda Logistic Equipment Engineering Co. Ltd.,.,701-TA-466,suggested net subsidy ad valorem rate: 437.11%
USA-CVD-536,Nanjing Youerda Metallic Products Co. Ltd.,.,701-TA-466,suggested net subsidy ad valorem rate: 437.11%
USA-CVD-536,National Sourcing Co. Ltd.,.,701-TA-466,suggested net subsidy ad valorem rate: 437.11%
USA-CVD-536,Ningbo Beilun Songyi Storage Equipment Manufacturer Co. Ltd.,.,701-TA-466,suggested net subsidy ad valorem rate: 437.11%
USA-CVD-536,Ningbo Huixing Metal Product Co. Ltd.,.,701-TA-466,suggested net subsidy ad valorem rate: 437.11%
USA-CVD-536,Ningbo Telingtong Metal Products Co. Ltd.,.,701-TA-466,suggested net subsidy ad valorem rate: 437.11%
USA-CVD-536,Ningbo United Group Imp & Exp Co. Ltd.,.,701-TA-466,suggested net subsidy ad valorem rate: 437.11%
USA-CVD-536,Pinghu Dong Zhi Metal Products,.,701-TA-466,suggested net subsidy ad valorem rate: 437.11%
USA-CVD-536,Schenker International China Ltd. (Dalian Branch),.,701-TA-466,suggested net subsidy ad valorem rate: 437.11%
USA-CVD-536,Shanghai Boracs Logistics Equipment Manufacturing Co. Ltd.,.,701-TA-466,suggested net subsidy ad valorem rate: 437.11%
USA-CVD-536,Shanghai Bright Imp & Exp Co. Ltd.,.,701-TA-466,suggested net subsidy ad valorem rate: 437.11%
USA-CVD-536,Shanghai Flory Industries Co. Ltd.,.,701-TA-466,suggested net subsidy ad valorem rate: 437.11%
USA-CVD-536,Shanghai Hesheng Hardware Products Co.,.,701-TA-466,suggested net subsidy ad valorem rate: 437.11%
USA-CVD-536,Shanghai Jingxing Storage Equipment Engineering Co. Ltd. (formerly Shanghai Jinxing Rack Factory),.,701-TA-466,suggested net subsidy ad valorem rate: 437.11%
USA-CVD-536,Shanghai Yibai Int'l Trading Co.,.,701-TA-466,suggested net subsidy ad valorem rate: 437.11%
USA-CVD-536,Summit Storage Systems Ltd.,.,701-TA-466,suggested net subsidy ad valorem rate: 437.11%
USA-CVD-536,Suzhou (China) Sunshine Hardware Equipment Imp & Exp Co. Ltd.,.,701-TA-466,suggested net subsidy ad valorem rate: 437.11%
USA-CVD-536,Suzhou Jinta Metal Working Co. Ltd.,.,701-TA-466,suggested net subsidy ad valorem rate: 437.11%
USA-CVD-536,Suzhou Z-TAK Metal and Technology Co. Ltd.,.,701-TA-466,suggested net subsidy ad valorem rate: 437.11%
USA-CVD-536,Tianjin Dingxing Furniture Company,.,701-TA-466,suggested net subsidy ad valorem rate: 437.11%
USA-CVD-536,Tianjin Machinery Imp & Exp Corp.,.,701-TA-466,suggested net subsidy ad valorem rate: 437.11%
USA-CVD-536,Tianjin Mandarin Import & Export Co. Ltd.,.,701-TA-466,suggested net subsidy ad valorem rate: 437.11%
USA-CVD-536,Tianjin Zhonglian Metals Ware Co. Ltd.,.,701-TA-466,suggested net subsidy ad valorem rate: 437.11%
USA-CVD-536,TMC Logistic Products,.,701-TA-466,suggested net subsidy ad valorem rate: 437.11%
USA-CVD-536,Vida Logistics System Co. Ltd.,.,701-TA-466,suggested net subsidy ad valorem rate: 437.11%
USA-CVD-536,Wuxi Puhui Metal Products Co. Ltd.,.,701-TA-466,suggested net subsidy ad valorem rate: 437.11%
USA-CVD-536,Wuyi Tianchi Mechanical & Electrical Manufacture Co. Ltd.,.,701-TA-466,suggested net subsidy ad valorem rate: 437.11%
USA-CVD-536,Xiamen E-Soon Machinery Co. Ltd.,.,701-TA-466,suggested net subsidy ad valorem rate: 437.11%
USA-CVD-536,Xiamen GaoPing Co. Ltd.,.,701-TA-466,suggested net subsidy ad valorem rate: 437.11%
USA-CVD-536,Xiamen Luckyroc Industry Co. Ltd.,.,701-TA-466,suggested net subsidy ad valorem rate: 437.11%
USA-CVD-536,Xiangshan Ningbo General Steel Metal Structure Co. Ltd.,.,701-TA-466,suggested net subsidy ad valorem rate: 437.11%
USA-CVD-536,Yuyao Sanlian Goods Shelves Manufacture Co. Ltd.,.,701-TA-466,suggested net subsidy ad valorem rate: 437.11%
USA-CVD-537,Yama Ribbons and Bows Co. Ltd.,1.56,701-TA-467,
USA-CVD-537,Changtai Rongshu Textile Co. Ltd.,117.95,701-TA-467,
USA-CVD-538,RHI (RHI Refractories Liaoning Co. Ltd. and RHI Refractories (Dalian) Co. Ltd.),24.24,701-TA-468,
USA-CVD-538,Mayerton (Liaoning Mayerton Refractories and Dalian Mayerton Refractories Co. Ltd.),253.87,701-TA-468,
USA-CVD-539,Tianjin Pipe (Group) Corp.,13.66,701-TA-469,
USA-CVD-539,Tianjin Pipe Iron Manufacturing Co. Ltd.,13.66,701-TA-469,
USA-CVD-539,Tianguan Yuantong Pipe Product Co. Ltd.,13.66,701-TA-469,
USA-CVD-539,Tianjin Pipe International Economic and Trading Co. Ltd.,13.66,701-TA-469,
USA-CVD-539,TPCO Charging Development Co. Ltd.,13.66,701-TA-469,
USA-CVD-539,Hengyang Steel Tube Group Int'l Trading Inc.,56.67,701-TA-469,
USA-CVD-539,Hengyang Valin Steel Tube Co. Ltd.,56.67,701-TA-469,
USA-CVD-539,Hengyang Valin MPM Tube Co. Ltd.,56.67,701-TA-469,
USA-CVD-539,Xigang Seamless Steel Tube Co. Ltd.,56.67,701-TA-469,
USA-CVD-539,Wuxi Seamless Special Pipe Co. Ltd.,56.67,701-TA-469,
USA-CVD-539,Wuxi Resources Steel Making Co. Ltd.,56.67,701-TA-469,
USA-CVD-539,Jiangsu Xigang Group Co. Ltd.,56.67,701-TA-469,
USA-CVD-539,Hunan Valin Xiangtan Iron & Steel Co. Ltd.,56.67,701-TA-469,
USA-CVD-539,Wuxi Sifang Steel Tube Co. Ltd.,56.67,701-TA-469,
USA-CVD-539,Hunan Valin Steel Co. Ltd.,56.67,701-TA-469,
USA-CVD-539,Hunan Valin Iron & Steel Group Co. Ltd.,56.67,701-TA-469,
USA-CVD-540,Gold East Paper (Jiangsu) Co. Ltd,19.46,701-TA-470,
USA-CVD-540,Gold Huasheng Paper Co. Ltd.,19.46,701-TA-470,
USA-CVD-540,Gold East Trading (Hong Kong) Company Ltd.,19.46,701-TA-470,
USA-CVD-540,Ningbo Zhonghua Paper Co. Ltd.,19.46,701-TA-470,
USA-CVD-540,Ningbo Asia Pulp & Paper Co. Ltd.,19.46,701-TA-470,
USA-CVD-540,Shandong Sun Paper Industry Joint Stock Co. Ltd.,202.84,701-TA-470,
USA-CVD-540,Yanzhou Tianzhang Paper Industry Co. Ltd.,202.84,701-TA-470,
USA-CVD-541,PT Pabrik Kertas Tjiwi Kimia Tbk,17.94,701-TA-471,
USA-CVD-541,PT Pindo Deli Pulp and Paper Mills,17.94,701-TA-471,
USA-CVD-541,PT Indah Kiat Pulp and Paper Tbk,17.94,701-TA-471,
USA-CVD-542,.,.,701-TA-472,
USA-CVD-543,Lianyungang Mupro Import Export Co. Ltd.,109.11,701-TA-473,
USA-CVD-543,Mianyang Aostar Phosphate Chemical Industry Co. Ltd.,109.11,701-TA-473,
USA-CVD-543,Shifang Anda Chemicals Co. Ltd.,109.11,701-TA-473,
USA-CVD-544,DP Master Group,18.18,701-TA-474,"includes DP Master Manufacturing Co. Ltd., Jiangyin Sanliang Petroleum Machinery Co. Ltd., Jiangyin Liangda Drill Pipe Co. Ltd., Jiangyin Sanliang Steel Pipe Trading Co. Ltd., and Jiangyin Chuangxin Oil Pipe Fittings Co. Ltd."
USA-CVD-545,Guang Ya Aluminum Industries Co. Ltd.,9.94,701-TA-475,part of Guang Ya Companies
USA-CVD-545,Foshan Guangcheng Aluminum Co. Ltd.,9.94,701-TA-475,part of Guang Ya Companies
USA-CVD-545,Guang Ya Aluminum Industries Hong Kong,9.94,701-TA-475,part of Guang Ya Companies
USA-CVD-545,Kong Ah International Company Limited,9.94,701-TA-475,part of Guang Ya Companies
USA-CVD-545,Yongji Guanghai Aluminum Industry Co. Ltd.,9.94,701-TA-475,part of Guang Ya Companies
USA-CVD-545,Zhaoqing New Zhongya Aluminum Co. Ltd.,8.02,701-TA-475,part of Zhongya Companies
USA-CVD-545,Zhongya Shaped Aluminum HK Holding Ltd.,8.02,701-TA-475,part of Zhongya Companies
USA-CVD-545,Karlton Aluminum Company Ltd.,8.02,701-TA-475,part of Zhongya Companies
USA-CVD-545,Dragonluxe Limited,374.15,701-TA-475,
USA-CVD-545,Miland Luck Limited,374.15,701-TA-475,
USA-CVD-545,Liaoyang Zhongwang Aluminum Profile Co. Ltd./Liaoning Zhongwang Group,374.15,701-TA-475,collectively known as the Zhongwang Group
USA-CVD-546,Zhejiang Layo Wood Industry Co. Ltd. & Jiaxing Brilliant Import & Export Co. Ltd.,.,701-TA-476,exporter & manufacturer combination rate
USA-CVD-546,Zhejiang Yuhua Timber Co. Ltd.,.,701-TA-476,
USA-CVD-546,Fine Furniture (Shanghai) Ltd. & Great Wood (Tonghua) Ltd. & Fine Furniture Plantation (Shishou) Ltd.,1.5,701-TA-476,exporter & manufacturer combination rate
USA-CVD-546,9 Miles Oak Flooring (China),26.73,701-TA-476,
USA-CVD-546,Anhui HUPO Wood Industry Co. Ltd.,26.73,701-TA-476,
USA-CVD-546,Anji Tianpeng Bamboo & Wooden Floor Co. Ltd.,26.73,701-TA-476,
USA-CVD-546,Anlian Wood Co. Ltd.,26.73,701-TA-476,
USA-CVD-546,Beijing Forever Strong Construction & Decoration Material Co. Ltd.,26.73,701-TA-476,
USA-CVD-546,Beijing New Building Material (Group) Co. Ltd.,26.73,701-TA-476,
USA-CVD-546,Beijing W.A Wood Co. Ltd.,26.73,701-TA-476,
USA-CVD-546,Cairun Floor Building Material Co. Ltd.,26.73,701-TA-476,
USA-CVD-546,Changchun Zhongyi Wood Co. Ltd.,26.73,701-TA-476,
USA-CVD-546,Changzhou Credit International Trade Co. Ltd.,26.73,701-TA-476,
USA-CVD-546,Changzhou Green Spot Wood Industry Co. Ltd.,26.73,701-TA-476,
USA-CVD-546,Changzhou Jiahao Wood Trade Co. Ltd.,26.73,701-TA-476,
USA-CVD-546,Changzhou Leili Wood Industry Co. Ltd.,26.73,701-TA-476,
USA-CVD-546,Changzhou OPLS Decoration Materials Co. Ltd.,26.73,701-TA-476,
USA-CVD-546,Chaohu Great Mainland Flooring Co. Ltd.,26.73,701-TA-476,
USA-CVD-546,Chaohu Vgreen Timber Co. Ltd.,26.73,701-TA-476,
USA-CVD-546,China Xuzhou Tengmao Wood Co. Ltd.,26.73,701-TA-476,
USA-CVD-546,Chuangfu Wood Flooring Cld. Co.,26.73,701-TA-476,
USA-CVD-546,Complete Flooring Supply Corporation,26.73,701-TA-476,
USA-CVD-546,Dalian Brilliant Future International Trade Co. Ltd.,26.73,701-TA-476,
USA-CVD-546,Dalian Hongjia Imp. & Exp. Co. Ltd.,26.73,701-TA-476,
USA-CVD-546,Dalian Luming Group,26.73,701-TA-476,
USA-CVD-546,Dalian Maruni Wood Works Co. Ltd.,26.73,701-TA-476,
USA-CVD-546,Dalian Ontime International Trade Co.,26.73,701-TA-476,
USA-CVD-546,Dalian Taiyangshi International Trading Co. Ltd.,26.73,701-TA-476,
USA-CVD-546,Dalian Turuss Wood Industry Co. Ltd.,26.73,701-TA-476,
USA-CVD-546,Dongguan Forest Century Wooden Co. Ltd.,26.73,701-TA-476,
USA-CVD-546,Elegant Living Corporation,26.73,701-TA-476,
USA-CVD-546,Foshan Linguan Wood Products Co. Ltd.,26.73,701-TA-476,
USA-CVD-546,Foshan Pengbang Wood Manufacturer Co. Ltd.,26.73,701-TA-476,
USA-CVD-546,Foshan Shunde Hechengchuangzhan Wood Co. Ltd.,26.73,701-TA-476,
USA-CVD-546,Foshan Tocho Timber Co. Ltd.,26.73,701-TA-476,
USA-CVD-546,Fujian Jianou Huayu Bamboo Industry Co. Ltd.,26.73,701-TA-476,
USA-CVD-546,Fuzhou Floors China Co. Ltd.,26.73,701-TA-476,
USA-CVD-546,Gao’an City Kangli Bamboo And Wooden Products Co. Ltd.,26.73,701-TA-476,
USA-CVD-546,Giant Flooring,26.73,701-TA-476,
USA-CVD-546,Glassical Industrial Limited,26.73,701-TA-476,
USA-CVD-546,Great Forest Wood Limited,26.73,701-TA-476,
USA-CVD-546,Green Elf Flooring (also dba Hong Ding Lumber Co.),26.73,701-TA-476,
USA-CVD-546,Guangdong Guangyang Hi-Tech Industry Co. Ltd.,26.73,701-TA-476,
USA-CVD-546,Guangdong Yingran Wood Industry,26.73,701-TA-476,
USA-CVD-546,Guangzhou Fnen Wood Flooring,26.73,701-TA-476,
USA-CVD-546,Guangzhou Homewell Trade Co. Ltd.,26.73,701-TA-476,
USA-CVD-546,Guangzhou Quanfeng Wood Industry Co. Ltd.,26.73,701-TA-476,
USA-CVD-546,Handan Global Wood Limited,26.73,701-TA-476,
USA-CVD-546,Hangzhou Dazhuang Floor Co.,26.73,701-TA-476,
USA-CVD-546,Hangzhou Fuyang Zhongjian Wood Industry Co. Ltd.,26.73,701-TA-476,
USA-CVD-546,Hangzhou Kingdom Imp & Exp Trading Corp. Ltd.,26.73,701-TA-476,
USA-CVD-546,Hangzhou Singular Group Co. Ltd.,26.73,701-TA-476,
USA-CVD-546,Hangzhou Tianlin Industrial Co. Ltd.,26.73,701-TA-476,
USA-CVD-546,Heze Lv Sen Wood Co. Ltd.,26.73,701-TA-476,
USA-CVD-546,Homewell (Xiamen) Industry Co. Ltd.,26.73,701-TA-476,
USA-CVD-546,Huidong Weikang Rubber & Plastic Products Co. Ltd.,26.73,701-TA-476,
USA-CVD-546,HU’Made Group,26.73,701-TA-476,
USA-CVD-546,Huzhou Boge Import And Export Co. Ltd.,26.73,701-TA-476,
USA-CVD-546,Huzhou Jinjie Industrial Co. Ltd.,26.73,701-TA-476,
USA-CVD-546,Huzhou Natural Forest Flooring Co. Ltd.,26.73,701-TA-476,
USA-CVD-546,Huzhou Tianlong Wood Co. Ltd.,26.73,701-TA-476,
USA-CVD-546,Huzhou Top Wood Co. Ltd.,26.73,701-TA-476,
USA-CVD-546,Huzhou Yaxin Arts & Crafts Co. Ltd.,26.73,701-TA-476,
USA-CVD-546,Jiangmen Xinhui Yinhu Woodwork Co. Ltd.,26.73,701-TA-476,
USA-CVD-546,Jiangsu Happy Wood Industrial Group Co. Ltd.,26.73,701-TA-476,
USA-CVD-546,Jiangsu Horizon Trade Co. Ltd.,26.73,701-TA-476,
USA-CVD-546,Jiangsu Kentier Wood Co. Ltd.,26.73,701-TA-476,
USA-CVD-546,Jiangsu Nanyang Wood Co. Ltd.,26.73,701-TA-476,
USA-CVD-546,Jiangsu Wanli Wooden Co. Ltd.,26.73,701-TA-476,
USA-CVD-546,Jiangxi Kangtilong Bamboo Products Co. Ltd.,26.73,701-TA-476,
USA-CVD-546,Jiashan Greenland International Trading Co. Ltd.,26.73,701-TA-476,
USA-CVD-546,Jiashan Huayu Lumber Co. Ltd.,26.73,701-TA-476,
USA-CVD-546,Jiashan Longsen Lumbering Co. Ltd.,26.73,701-TA-476,
USA-CVD-546,Jiashan On-Line Lumber Co. Ltd.,26.73,701-TA-476,
USA-CVD-546,Jiaxing Hengtong Wood Co. Ltd.,26.73,701-TA-476,
USA-CVD-546,Jilin Newco Wood Industries Co. Ltd.,26.73,701-TA-476,
USA-CVD-546,Jining Sensen Wood Industry Co. Ltd.,26.73,701-TA-476,
USA-CVD-546,Jining Sunny Wood Co. Ltd.,26.73,701-TA-476,
USA-CVD-546,Kingswood Timber,26.73,701-TA-476,
USA-CVD-546,Kornbest Enterprises Ltd.,26.73,701-TA-476,
USA-CVD-546,Lianyungang Shuntian Timber Co. Ltd.,26.73,701-TA-476,
USA-CVD-546,Longeron I&E Co. Ltd.,26.73,701-TA-476,
USA-CVD-546,Lord Parquet Industry Co. Limited,26.73,701-TA-476,
USA-CVD-546,Lyowood Industrial Co. Ltd.,26.73,701-TA-476,
USA-CVD-546,MacDouglas Wood Flooring (Suzhou) Co. Ltd.,26.73,701-TA-476,
USA-CVD-546,Nanjing Dimac Wood Industry Co. Ltd.,26.73,701-TA-476,
USA-CVD-546,Qiaosen Wood Flooring Industry Company,26.73,701-TA-476,
USA-CVD-546,Qichuang Wood Industrial Co. Ltd.,26.73,701-TA-476,
USA-CVD-546,Qingdao Fuguichao Wood Co. Ltd.,26.73,701-TA-476,
USA-CVD-546,Quanfa Woodwork (Shenzhen) Co. Ltd.,26.73,701-TA-476,
USA-CVD-546,Shandong Fuma Commerce & Trade Co. Ltd.,26.73,701-TA-476,
USA-CVD-546,Shandong Yuncheng Jinyang Wood Industry Co. Ltd.,26.73,701-TA-476,
USA-CVD-546,Shanghai Chunna Industrial Co. Ltd.,26.73,701-TA-476,
USA-CVD-546,Shanghai Eswell Enterprise Co. Ltd.,26.73,701-TA-476,
USA-CVD-546,Shanghai Feihong Wood Products Co.,26.73,701-TA-476,
USA-CVD-546,Shanghai Guangri Flooring Co. Ltd.,26.73,701-TA-476,
USA-CVD-546,Shanghai Pinsheng Wood Industry Co. Ltd.,26.73,701-TA-476,
USA-CVD-546,Shanghai Pujiang United Wood Co. Ltd.,26.73,701-TA-476,
USA-CVD-546,Shanghai Yiming Wooden Industry Co. Ltd.,26.73,701-TA-476,
USA-CVD-546,Shenyang Bask Industry Co. Ltd.,26.73,701-TA-476,
USA-CVD-546,Shenzhen JianYuanXin Trade Co. Ltd.,26.73,701-TA-476,
USA-CVD-546,Shuanghai Shuai Yuan Wood Industry Co. Ltd.,26.73,701-TA-476,
USA-CVD-546,Sterling Pacific Wood Products Co. Ltd.,26.73,701-TA-476,
USA-CVD-546,Suifenhe Sanmulin Economic and Trade Co. Ltd.,26.73,701-TA-476,
USA-CVD-546,Suzhou Duolun Wood Industry Co. Ltd.,26.73,701-TA-476,
USA-CVD-546,Tengmao Wood Co. Ltd.,26.73,701-TA-476,
USA-CVD-546,Tianjin Zeyuan Wood Industry Co. Ltd.,26.73,701-TA-476,
USA-CVD-546,Twowins Bamboo & Wood Products Co. Ltd.,26.73,701-TA-476,
USA-CVD-546,Weifang Jiayuan Imp & Exp Co. Ltd.,26.73,701-TA-476,
USA-CVD-546,Wenzhou Timber Group Company,26.73,701-TA-476,
USA-CVD-546,Wuhan Nanhong Materials & Goods Fitting Co. Ltd.,26.73,701-TA-476,
USA-CVD-546,Wuxi Haisen Decorates Material Co. Ltd.,26.73,701-TA-476,
USA-CVD-546,Xiamen Homeshining Industry Co. Ltd.,26.73,701-TA-476,
USA-CVD-546,Xuzhou Fuxiang Wood Co. Ltd.,26.73,701-TA-476,
USA-CVD-546,Xuzhou Huanqiu Import & Export Trade Co. Ltd.,26.73,701-TA-476,
USA-CVD-546,Xuzhou Tengmao Wood Co. Ltd.,26.73,701-TA-476,
USA-CVD-546,Xuzhou Yijia Manufacture Co. Ltd.,26.73,701-TA-476,
USA-CVD-546,Xuzhou Yijia Wood Manufacture Co. Ltd.,26.73,701-TA-476,
USA-CVD-546,Yinlong Wood Products Co. Ltd.,26.73,701-TA-476,
USA-CVD-546,Ys Nature International Trading Co. Ltd.,26.73,701-TA-476,
USA-CVD-546,Zhejiang Assun Wood Co. Ltd.,26.73,701-TA-476,
USA-CVD-546,Zhejiang Gaopai Wood Co. Ltd.,26.73,701-TA-476,
USA-CVD-546,Zhejiang Huayue Wooden Products Co. Ltd.,26.73,701-TA-476,
USA-CVD-546,Zhejiang Yongji Wooden Co. Ltd.,26.73,701-TA-476,
USA-CVD-546,Zhejiang Yongyu Bamboo Development,26.73,701-TA-476,
USA-CVD-546,Zhongshan New Oasis Wood Industry Co. Ltd.,26.73,701-TA-476,
USA-CVD-546,Zhongyi Bamboo Industrial Co. Ltd. Fujian,26.73,701-TA-476,
USA-CVD-547,Daewoo Electronics Corporation,.,701-TA-477,
USA-CVD-547,LG Electronics Inc,.,701-TA-477,
USA-CVD-547,Samsung Electronics Co. Ltd./Samsung Gwangju Electronics Co. Ltd,.,701-TA-477,
USA-CVD-548,Jining Centurion Wheel Manufacturing Co. Ltd. and Jining CII Wheel Manufacture Co. Ltd.,.,701-TA-478,collectively the Centurion Companies
USA-CVD-548,Shandong Xingmin Wheel Co. Ltd. and Sino-tex (Longkou) Wheel Manufacturers Inc.,.,701-TA-478,collectively the Xingmin Companies
USA-CVD-548,Zhejiang Jingu Company Limited and Chengdu Jingu Wheel Co. Ltd. and Zhejiang Wheel World Industrial Co. Ltd. and Shanghai Yata Industrial Co. Ltd.,.,701-TA-478,collectively the Jingu Companies
USA-CVD-549,M&M Industries Co. Ltd,.,701-TA-479,
USA-CVD-549,Shandong Hualing Hardware and Tool Co. Ltd.,.,701-TA-479,
USA-CVD-549,Shanghai Bao Zhang Industry Co. Ltd. and Anhui Bao Zhang Metal Products Co. Ltd. and Shanghai Li Chao Industry Co. Ltd.,.,701-TA-479,collectively the Bao Zhang Companies
USA-CVD-549,Tianjin Huayuan Metal Wire Products Co. Ltd. and Tianjin Tianxin Metal Products Co. Ltd. and Tianjin Mei Jia Hua Trade Co. Ltd.,.,701-TA-479,collectively the Huayuan Companies
USA-CVD-550,Beijing Tianhai Industry Co. Ltd.,15.81,701-TA-480,
USA-CVD-550,Tianjin Tianhai High Pressure Container Co. Ltd.,15.81,701-TA-480,
USA-CVD-550,Langfang Tianhai High Pressure Container Co. Ltd.,15.81,701-TA-480,
USA-CVD-551,Changzhou Trina Solar Energy Co. Ltd.,15.97,701-TA-481,
USA-CVD-551,Trina Solar (Changzhou) Science and Technology Co. Ltd.,15.97,701-TA-481,
USA-CVD-551,Wuxi Suntech Power Co. Ltd.,14.78,701-TA-481,
USA-CVD-551,Luoyang Suntech Power Co. Ltd.,14.78,701-TA-481,
USA-CVD-551,Suntech Power Co. Ltd.,14.78,701-TA-481,
USA-CVD-551,Yangzhou Rietech Renewal Energy Co. Ltd.,14.78,701-TA-481,
USA-CVD-551,Zhenjiang Huantai Silicon Science & Technology Co. Ltd.,14.78,701-TA-481,
USA-CVD-551,Kuttler Automation Systems (Suzhou) Co. Ltd.,14.78,701-TA-481,
USA-CVD-551,Shenzhen Suntech Power Co. Ltd.,14.78,701-TA-481,
USA-CVD-551,Wuxi Sunshine Power Co. Ltd.,14.78,701-TA-481,
USA-CVD-551,Wuxi University Science Park International Incubator Co. Ltd.,14.78,701-TA-481,
USA-CVD-551,Yangzhou Suntech Power Co. Ltd.,14.78,701-TA-481,
USA-CVD-551,Zhenjiang Rietech New Energy Science & Technology Co. Ltd,14.78,701-TA-481,
USA-CVD-552,Lloyds Metals and Engineers Ltd,.,701-TA-482,
USA-CVD-552,Zenith Birla (India) Ltd,.,701-TA-482,
USA-CVD-553,Al Jazeera Steel Products Co. SAOG,.,701-TA-483,
USA-CVD-554,Abu Dhabi Metal Pipes & Profiles Industries Complex LLC,.,701-TA-484,
USA-CVD-554,Alita Trading DMCC,.,701-TA-484,
USA-CVD-554,Universal Tube and Plastic Industries Ltd.,.,701-TA-484,
USA-CVD-554,KHK Scaffolding and Formwork LLC,.,701-TA-484,
USA-CVD-554,Universal Tube and Pipe Industries LLC,.,701-TA-484,
USA-CVD-555,.,.,701-TA-485,
USA-CVD-556,CS Wind China Co. Ltd.,21.86,701-TA-486,
USA-CVD-556,CS Wind Tech (Shanghai) Co. Ltd.,21.86,701-TA-486,
USA-CVD-556,CS Wind Corporation,21.86,701-TA-486,
USA-CVD-556,Titan Wind Energy (Suzhou) Co. Ltd.,34.81,701-TA-486,
USA-CVD-556,Titan Lianyungang Metal Product Co. Ltd.,34.81,701-TA-486,
USA-CVD-556,Baotou Titan Wind Power Equipment Co. Ltd.,34.81,701-TA-486,
USA-CVD-556,Shenyang Titan Metal Co. Ltd.,34.81,701-TA-486,
USA-CVD-557,South East Asia Hamico Export Joint Stock Company,31.58,701-TA-487,
USA-CVD-557,Nam A Hamico Export Joint Stock Company,31.58,701-TA-487,
USA-CVD-557,Linh Sa Hamico Company Limited,31.58,701-TA-487,
USA-CVD-557,Infinite Industrial Hanger Limited,90.42,701-TA-487,
USA-CVD-557,Supreme Hanger Company Limited,90.42,701-TA-487,
USA-CVD-558,Daewoo Electronics Corporation,72.3,701-TA-488,
USA-CVD-558,Samsung Electronics Co. Ltd.,1.85,701-TA-488,
USA-CVD-559,Guangdong Yingao Kitchen Utensils Co. Ltd.,4.8,701-TA-489,
USA-CVD-559,Foshan Magang Kitchen Utensils Co. Ltd.,4.8,701-TA-489,
USA-CVD-559,Zhongshan Superte Kitchenware Co. Ltd.,12.21,701-TA-489,
USA-CVD-559,Foshan Zhaoshun Trade Co. Ltd.,12.26,701-TA-489,
USA-CVD-560,.,.,701-TA-490,
USA-CVD-561,.,.,701-TA-491,
USA-CVD-562,.,.,701-TA-492,
USA-CVD-563,.,.,701-TA-493,
USA-CVD-564,.,.,701-TA-494,
USA-CVD-565,.,.,701-TA-495,
USA-CVD-566,.,.,701-TA-496,
USA-CVD-567,.,.,701-TA-497,
USA-CVD-568,Mangal Steel Enterprises Ltd.,.,701-TA-498,
USA-CVD-568,Babu Exports,.,701-TA-498,
USA-CVD-569,GVN Fuels Limited,5.67,701-TA-499,
USA-CVD-569,Maharashtra Seamless Limited,5.67,701-TA-499,
USA-CVD-569,Jindal Pipes Limited,5.67,701-TA-499,
USA-CVD-569,Jindal SAW Limited,19.57,701-TA-499,
USA-CVD-570,Borusan Istikbal Ticaret,15.89,701-TA-500,
USA-CVD-570,Borusan Mannesmann Boru Sanayi,15.89,701-TA-500,
USA-CVD-570,Borusan Mannesmann Boru Yatirim Holding A.S.,15.89,701-TA-500,
USA-CVD-570,Borusan Holding A.S.,15.89,701-TA-500,
USA-CVD-570,Tosyali Dis Ticaret A.S,2.53,701-TA-500,
USA-CVD-570,Toscelik Profil ve Sac Endustrisi A.S.,2.53,701-TA-500,
USA-CVD-570,Tosyali Elektrik Enerjisi Toptan Satis Ith. Ihr. A.S.,2.53,701-TA-500,
USA-CVD-570,Tosyali Demir Celik San. A.S.,2.53,701-TA-500,
USA-CVD-570,Tosyali Holding A.S.,2.53,701-TA-500,
USA-CVD-571,Hebei Jiheng Chemicals Co. Ltd,20.06,701-TA-501,
USA-CVD-571,Juancheng Kangtai Chemical Co. Ltd,1.55,701-TA-501,
USA-CVD-572,Icdas Celik Enerji Tersane ve Ulasim Sanayi A.S.,1.25,701-TA-502,
USA-CVD-573,Langfang Meihua Bio-Technology Co. Ltd. and Tongliao Meihua Biological Sci-Tech Co. Ltd.,.,701-TA-503,
USA-CVD-573,Henan Lotus Flower Gourmet Powder Co. Ltd,.,701-TA-503,
USA-CVD-574,Cheil Jedang Indonesia,.,701-TA-504,
USA-CVD-575,Baoshan Iron & Steel Co. Ltd.,.,701-TA-505,
USA-CVD-576,Baoshan Iron & Steel Co. Ltd.,158.88,701-TA-506,
USA-CVD-577,.,.,701-TA-507,
USA-CVD-578,Leicong Industrial Company Ltd,17.12,701-TA-508,
USA-CVD-579,T.T. International Co. Ltd.,.,701-TA-509,
USA-CVD-579,JUHUA (including Zhejiang Quhua Fluor-Chemistry Co. Ltd. and other Juhua Stock Companies),.,701-TA-509,
USA-CVD-579,Jiangsu Bluestar Green Technology Co. Ltd.,.,701-TA-509,
USA-CVD-580,Hubei Dinglong Chemical Co. Ltd.,65.85,701-TA-510,
USA-CVD-580,W&W Marketing Corporation,65.85,701-TA-510,
USA-CVD-580,Tianjin Jinbin International Trade Co. Ltd.,65.85,701-TA-510,
USA-CVD-581,Wuxi Suntech Power Co. Ltd.,27.64,701-TA-511,
USA-CVD-581,Changzhou Trina Solar Energy Co. Ltd.,49.21,701-TA-511,
USA-CVD-582,Benxi Steel,193.31,701-TA-512,
USA-CVD-582,Hebei Iron & Steel Co Ltd (Tangshan Branch),178.46,701-TA-512,
USA-CVD-583,Fondo de Empresas Expropiadas del Sector Azucarero,43.93,701-TA-513,F_CVD_MEASURE_FIRM is the subsidy margin under the suspension agreement
USA-CVD-583,Ingenio Tala S.A. de C.V. and certain affiliated sugar mills of Grupo Azucarero Mexico S.A. de C.V.,5.78,701-TA-513,F_CVD_MEASURE_FIRM is the subsidy margin under the suspension agreement
USA-CVD-584,Hui Zhou Pacific Container Co. Ltd.,.,701-TA-514,
USA-CVD-584,Qingdao Pacific Container Co. Ltd.,.,701-TA-514,
USA-CVD-584,Qidong Singamas Energy Equipment Co. Ltd.,.,701-TA-514,
USA-CVD-584,Singamas Management Services Limited,.,701-TA-514,
USA-CVD-585,.,.,701-TA-515,
USA-CVD-586,.,.,701-TA-516,
USA-CVD-587,.,.,701-TA-517,
USA-CVD-588,.,.,701-TA-518,
USA-CVD-589,.,.,701-TA-519,
USA-CVD-590,.,.,701-TA-520,
USA-CVD-591,Region Industries Co. Ltd.,288.56,701-TA-521,
USA-CVD-591,United Nail Products Co. Ltd.,313.97,701-TA-521,
USA-CVD-592,GITI Tire (Fujian) Co. Ltd.,36.79,701-TA-522,"including its cross-owned affiliated companies GITI Tire (China) Investment Company Ltd., GITI Radial Tire (Anhui) Company Ltd., GITI Tire (Hualin) Company Ltd., GITI Steel Cord (Hubei) Company Ltd., Anhui Prime Cord Fabrics Company Ltd., GITI Tire Corporation, GITI Tire (Anhui) Company Ltd., GITI Greatwall Tire (Yinchuan) Company Ltd., GITI Steel Cord (Anhui) Company Ltd., Anhui Prime Cord Weaving Company Ltd., and Anhui Prime Cord Twisting Company Ltd."
USA-CVD-592,Cooper Kunshan Tire Co. Ltd,20.73,701-TA-522,including its cross-owned affiliated company Cooper Chengshan (Shandong) Tire Co. Ltd.
USA-CVD-592,Shandong Yongsheng Rubber Group Co. Ltd,116.33,701-TA-522,
USA-CVD-593,Ningbo ETDZ Huixing Trade Co. Ltd.,12.4,701-TA-523,
USA-CVD-593,Nanjing Topsun Racking Manufacturing Co. Ltd.,15.05,701-TA-523,
USA-CVD-593,Dalian Huameilong Metal Products Co. Ltd.,80.39,701-TA-523,
USA-CVD-593,Dongguan Yuan Er Sheng Machinery Source Hardware Co. Ltd.,80.39,701-TA-523,
USA-CVD-593,Dong Rong Metal Products Co. Ltd.,80.39,701-TA-523,
USA-CVD-593,Global Storage Equipment Manufacturer Limited,80.39,701-TA-523,
USA-CVD-593,Intradin (Shanghai) Import & Export Co. Ltd.,80.39,701-TA-523,
USA-CVD-593,Jinhua Development District Hongfa Tool Ltd.,80.39,701-TA-523,
USA-CVD-593,Kunshan Jisheng Metal & Plastic Co. Ltd.,80.39,701-TA-523,
USA-CVD-593,Nanjing Huade Warehousing Equipment Manufacturing Co. Ltd.,80.39,701-TA-523,
USA-CVD-593,Nanjing Whitney Metal Products Co. Ltd.,80.39,701-TA-523,
USA-CVD-593,Nanjing Yodoly Logistics Equipments Manufacturing Co. Ltd.,80.39,701-TA-523,
USA-CVD-593,Ningbo Decko Metal Products Trade Co. Ltd.,80.39,701-TA-523,
USA-CVD-593,Ningbo Haifa Metal Works Co. Ltd.,80.39,701-TA-523,
USA-CVD-593,Ningbo HaiFa Office Equipment Co. Ltd.,80.39,701-TA-523,
USA-CVD-593,Ningbo TLT Metal Products Co. Ltd.,80.39,701-TA-523,
USA-CVD-594,.,.,701-TA-524,
USA-CVD-595,Borusan Istikbal Ticaret,152.2,701-TA-525,
USA-CVD-595,Borusan Mannesmann Boru Sanayi ve Ticaret A.S.,152.2,701-TA-525,
USA-CVD-595,Borusan Mannesmann Boru Yatirim Holding A.S.,152.2,701-TA-525,
USA-CVD-595,Borusan Holding A.S.,152.2,701-TA-525,
USA-CVD-595,Toscelik Profil ve Sac Endustrisi A.S.,1.31,701-TA-525,
USA-CVD-595,Tosyali Demir Celik Sanayi A.S.,1.31,701-TA-525,
USA-CVD-595,Tosyali Dis Ticaret A.S.,1.31,701-TA-525,
USA-CVD-595,Tosyali Elektrik Enerjisi Toptan Satis Ith. Ihr. A.S.,1.31,701-TA-525,
USA-CVD-595,Tosyali Holding A.S,1.31,701-TA-525,
USA-CVD-596,Far-Reaching Chemical Co. Ltd.,154,701-TA-526,
USA-CVD-596,M and A Chemicals Corp China,154,701-TA-526,
USA-CVD-596,Qingdao Unichem International Trade Co. Ltd.,154,701-TA-526,
USA-CVD-596,Shandong Liaherd Chemical Industry Co. Ltd.,156.9,701-TA-526,
USA-CVD-596,Zhongyuan Dahua Group Co. Ltd.,154,701-TA-526,
USA-CVD-597,.,.,701-TA-527,
USA-CVD-598,Asia Symbol (Guangdong) Paper Co. Ltd.,7.23,701-TA-528,
USA-CVD-598,Asia Symbol (Shandong) Pulp & Paper Co. Ltd.,7.23,701-TA-528,
USA-CVD-598,Asia Symbol (Guangdong) Omya Minerals Co. Ltd.,7.23,701-TA-528,
USA-CVD-598,Greenpoint Global Trading (Macao Commercial Offshore) Limited,7.23,701-TA-528,
USA-CVD-598,Shandong Sun Paper Industry Joint Stock Co. Ltd.,176.75,701-TA-528,
USA-CVD-598,Sun Paper (Hong Kong) Co. Ltd.,176.75,701-TA-528,
USA-CVD-598,UPM (China) Co. Ltd.,176.75,701-TA-528,
USA-CVD-599,Indah Kiat Pulp & Paper TBK/Pabrik Kertas Tjiwi Kimia/PT Pindo Deli Pulp and Paper Mills,109.14,701-TA-529,
USA-CVD-600,Port Hawkesbury Paper LP 6879900 Canada Inc.,20.18,701-TA-530,
USA-CVD-600,Port Hawkesbury Investments Ltd.,20.18,701-TA-530,
USA-CVD-600,Port Hawkesbury Paper GP,20.18,701-TA-530,
USA-CVD-600,Port Hawkesbury Paper Holdings Ltd.,20.18,701-TA-530,
USA-CVD-600,Port Hawkesbury Paper Inc.,20.18,701-TA-530,
USA-CVD-600,Pacific West Commercial Corporation,20.18,701-TA-530,
USA-CVD-600,Resolute FP Canada Inc.,17.87,701-TA-530,
USA-CVD-600,Fibrek General Partnership,17.87,701-TA-530,
USA-CVD-600,Forest Products Mauricie LP,17.87,701-TA-530,
USA-CVD-600,Produits Forestriers Petit-Paris Inc.,17.87,701-TA-530,
USA-CVD-600,Societe en Commandite Scierie Opitciwan,17.87,701-TA-530,
USA-CVD-601,Jiangyin Xingyu New Material Co. Ltd.,7.53,701-TA-531,
USA-CVD-601,Jiangsu Xingye Plastic Co. Ltd.,7.53,701-TA-531,
USA-CVD-601,Jiangyin Xingjia Plastic Co. Ltd.,7.53,701-TA-531,
USA-CVD-601,Jiangyin Xingtai New Material Co. Ltd.,7.53,701-TA-531,
USA-CVD-601,Jiangsu Xingye Polarization Co. Ltd.,7.53,701-TA-531,
USA-CVD-601,Jiangsu Sanfangxiang Group Co. Ltd.,7.53,701-TA-531,
USA-CVD-601,Jiangyin Hailun Petrochemicals Co. Ltd.,7.53,701-TA-531,
USA-CVD-601,Jiangyin Xinlun Chemical Fiber Co. Ltd.,7.53,701-TA-531,
USA-CVD-601,Jiangyin Huasheng Polymer Co. Ltd.,7.53,701-TA-531,
USA-CVD-601,Jiangsu SanFangxiang International Trading Co. Ltd.,7.53,701-TA-531,
USA-CVD-601,Jiangyin HuaYi Polymerization Co. Ltd.,7.53,701-TA-531,
USA-CVD-601,Jiangyin Xingsheng Plastic Co. Ltd.,7.53,701-TA-531,
USA-CVD-601,Jiangyin Chemical Fiber Co. Ltd.,7.53,701-TA-531,
USA-CVD-601,Jiangyin Huaxing Synthetic Co. Ltd.,7.53,701-TA-531,
USA-CVD-601,Jiangyin Bolun Chemical Fiber Co. Ltd.,7.53,701-TA-531,
USA-CVD-601,Dragon Special Resin (Xiamen) Co. Ltd.,47.56,701-TA-531,
USA-CVD-601,Xiang Lu Petrochemicals Co. Ltd.,47.56,701-TA-531,
USA-CVD-601,Xianglu Petrochemicals (Zhangzhou) Co. Ltd.,47.56,701-TA-531,
USA-CVD-601,Xiamen Xianglu Chemical Fiber Company Limited,47.56,701-TA-531,
USA-CVD-601,Dragon Aromatics (Zhangzhou) Co. Ltd.,47.56,701-TA-531,
USA-CVD-602,Dhunseri Petrochem Ltd. (formerly Dhunseri Petrochem and Tea Ltd),5.12,701-TA-532,
USA-CVD-602,JBF Industries Limited,153.8,701-TA-532,
USA-CVD-603,.,.,701-TA-533,
USA-CVD-604,"Yieh Phui (China) Technomaterial Co., Ltd",39.05,701-TA-534,
USA-CVD-604,Angang Group Hong Kong Company Ltd,241.07,701-TA-534,
USA-CVD-604,"Baoshan Iron & Steel Co., Ltd",241.07,701-TA-534,
USA-CVD-604,"Duferco S.A., Hebei Iron & Steel Group, and Tangshan Iron and Steel Group Co., Ltd",241.07,701-TA-534,
USA-CVD-604,Changshu Everbright Material Technology,241.07,701-TA-534,
USA-CVD-604,Handan Iron & Steel Group,241.07,701-TA-534,
USA-CVD-605,JSW Steel Limited and JSW Steel Coated Products Limited,29.46,701-TA-535,
USA-CVD-605,Uttam Galva Steels Limited and Uttam Value Steels Limited,8,701-TA-535,
USA-CVD-606,"Acciaieria Arvedi S.p.A., Finarvedi S.p.A., Arvedi Tubi Acciaio S.p.A., Euro-Trade S.p.A., and Siderurgica Triestina Srl., collectively, the Arvedi Group.",0.48,701-TA-536,de minimis
USA-CVD-606,"Marcegaglia S.p.A. and Marfin S.p.A., the Marcegaglia Group",.0.7,701-TA-536,de minimis
USA-CVD-606,Ilva S.p.A,38.51,701-TA-536,
USA-CVD-607,"Union Steel Manufacturing Co. Ltd./Dongkuk Steel Mill Co., Ltd.",0.72,701-TA-537,de minimis
USA-CVD-607,"Dongbu Steel Co., Ltd./Dongbu Incheon Steel Co., Ltd.",1.19,701-TA-537,
USA-CVD-608,.,.,701-TA-538,
USA-CVD-609,MMZ Onur Boru Profil Uretim San Ve Tic. A.S,9.87,701-TA-539,
USA-CVD-609,Ozdemir Boru Profil San ve Tic. Ltd Sti,15.08,701-TA-539,
USA-CVD-610,Companhia Siderurgica Nacional (CSN),11.31,701-TA-540,
USA-CVD-610,Usinas Siderurgicas de Minas Gerais S.A. (Usiminas),11.09,701-TA-540,
USA-CVD-611,"Angang Group Hong Kong Co., Ltd",256.44,701-TA-541,
USA-CVD-611,"Benxi Iron and Steel (Group) Special Steel Co., Ltd",256.44,701-TA-541,
USA-CVD-611,"Qian’an Golden Point Trading Co., Ltd",256.44,701-TA-541,
USA-CVD-612,JSW Steel Limited/JSW Coated Products Limited,10,701-TA-542,
USA-CVD-613,POSCO,59.72,701-TA-543,
USA-CVD-613,"Hyundai Steel Co., Ltd.",3.89,701-TA-543,
USA-CVD-614,"Novolipetsk Steel OJSC, Novex Trading (Swiss) S.A., Altai-Koks OJSC, Dolomite OJSC, Stoilensky OJSC, Studenovskaya (Stagdok) OJSC, Trading House LLC, Vtorchermet NLMK LLC, Vtorchermet OJSC, and Vtorchermet NLMK Center LLC (collectively, the NLMK Companies).",6.95,701-TA-544,
USA-CVD-614,"PAO Severstal, Severstal Export GmbH, JSC Karelsky Okatysh, AO OLKON, AO Vorkutaugol, and JSC Vtorchermet (collectively, the Severstal Companies).",0.62,701-TA-544,
USA-CVD-615,Companhia Siderurgica Nacional (CSN),11.3,701-TA-545,
USA-CVD-615,Usinas Siderurgicas de Minas Gerais S.A. (Usiminas),11.09,701-TA-545,
USA-CVD-616,POSCO,57.04,701-TA-546,
USA-CVD-616,"Hyundai Steel Co., Ltd.",3.89,701-TA-546,
USA-CVD-617,Colakoglu Dis Ticaret A.S.,0.34,701-TA-547,
USA-CVD-617,Eregli Demir ve Celik Fabrikalari T.A.S..,6.01,701-TA-547,
USA-CVD-618,Steamline Industries Limited,3.13,701-TA-548,
USA-CVD-618,"Sunrise Stainless Private Limited, Sun Mark Stainless Pvt. Ltd., and Shah Foils Ltd. (collectively, ‘‘Sunrise Group’’)",6.22,701-TA-548,
USA-CVD-619,International Industries Limited.,64.81,701-TA-549,
USA-CVD-620,"Powermach Import & Export Co., Ltd. (Sichuan), Sichuan Dawn Precision Technology Co., Ltd., Sichuan Dawn Foundry Co. Ltd., and Powermach Machinery Co., Ltd",33.26,701-TA-550,
USA-CVD-620,"NOK (Wuxi) Vibration Control China Co., Ltd., and Wuxi NOK—Freudenberg Oil Seal Co., Ltd",163.46,701-TA-550,
USA-CVD-620,Changzhou Baoxin Metallurgy Equipment Manufacturing Co. Ltd.,163.46,701-TA-550,
USA-CVD-620,"Changzhou Changjiang Gear Co., Ltd.",163.46,701-TA-550,
USA-CVD-620,"Changzhou Gangyou Lifting Equipment Co., Ltd.",163.46,701-TA-550,
USA-CVD-620,"Changzhou Juling Foundry Co., Ltd.",163.46,701-TA-550,
USA-CVD-620,Changzhou Liangjiu Mechanical Manufacturing Co Ltd.,163.46,701-TA-550,
USA-CVD-620,Changzhou New Century Sprocket Group Company,163.46,701-TA-550,
USA-CVD-620,"Changzhou Xiangjin Precision Machinery Co., Ltd.",163.46,701-TA-550,
USA-CVD-620,FIT Bearings,163.46,701-TA-550,
USA-CVD-620,"Fuzhou Minyue Mechanical & Electrical Co., Ltd.",163.46,701-TA-550,
USA-CVD-620,"Hangzhou Chinabase Machinery Co., Ltd.",163.46,701-TA-550,
USA-CVD-620,Hangzhou Ever Power Transmission Group,163.46,701-TA-550,
USA-CVD-620,"Hangzhou Vision Chain Transmission Co., Ltd.",163.46,701-TA-550,
USA-CVD-620,"Hangzhou Xingda Machinery Co., Ltd.",163.46,701-TA-550,
USA-CVD-620,"Henan Xinda International Trading Co., Ltd.",163.46,701-TA-550,
USA-CVD-620,Henan Zhiyuan Machinery Sprocket Co. Ltd.,163.46,701-TA-550,
USA-CVD-620,"Jiangsu Songlin Automobile Parts Co., Ltd.",163.46,701-TA-550,
USA-CVD-620,"Martin Sprocket & Gear (Changzhou) Co., Ltd.",163.46,701-TA-550,
USA-CVD-620,"Ningbo Blue Machines Co., Ltd.",163.46,701-TA-550,
USA-CVD-620,"Ningbo Fulong Synchronous Belt Co., Ltd.",163.46,701-TA-550,
USA-CVD-620,"Ningbo Royu Machinery Co., Ltd.",163.46,701-TA-550,
USA-CVD-620,Praxair Surface Technologies,163.46,701-TA-550,
USA-CVD-620,"Qingdao Dazheng Jin Hao International Trade Co., Ltd.",163.46,701-TA-550,
USA-CVD-620,"Quanzhou Licheng Xintang Automobile Parts Co., Ltd. (‘‘XTP Auto Parts’’)",163.46,701-TA-550,
USA-CVD-620,"Shangyu Shengtai Machinery Co., Ltd.",163.46,701-TA-550,
USA-CVD-620,"Shenzhen Derui Sourcing Co., Ltd.",163.46,701-TA-550,
USA-CVD-620,"Shengzhou Shuangdong Machinery Co., Ltd.",163.46,701-TA-550,
USA-CVD-620,Shengzhou Xinglong Machinery,163.46,701-TA-550,
USA-CVD-620,Sichuan Reach Jiayuan Machinery Co. Ltd.,163.46,701-TA-550,
USA-CVD-620,Tran-Auto Industries Co. Ltd.,163.46,701-TA-550,
USA-CVD-620,Ubet Machinery,163.46,701-TA-550,
USA-CVD-621,MI,MI,701-TA-551,
USA-CVD-622,ATC Tires Private Limited,4.9,701-TA-552,
USA-CVD-622,Balkrishna Industries Limited,5.36,701-TA-552,
USA-CVD-623,"Camso Loadstar (Private), Ltd",2.18,701-TA-553,
USA-CVD-624,"BOSTD Geosynthetics Qingdao Ltd. and Beijing Orient Science & Technology Development Co., Ltd",15.61,701-TA-554,
USA-CVD-624,"Taian Modern Plastic Co., Ltd",56.24,701-TA-554,
USA-CVD-624,"Chengdu Tian Road Engineering Materials Co., Ltd",152.5,701-TA-554,
USA-CVD-624,"Chongqing Jiudi Reinforced Soil Engineering Co., Ltd",152.5,701-TA-554,
USA-CVD-624,CNBM International Corporation,152.5,701-TA-554,
USA-CVD-624,Dezhou Yaohua Geosynthetics Ltd,152.5,701-TA-554,
USA-CVD-624,Dezhou Zhengyu Geosynthetics Ltd,152.5,701-TA-554,
USA-CVD-624,"Hongye Engineering Materials Co., Ltd",152.5,701-TA-554,
USA-CVD-624,Hubei Nete Geosynthetics Ltd,152.5,701-TA-554,
USA-CVD-624,"Jiangsu Dingtai Engineering Material Co., Ltd",152.5,701-TA-554,
USA-CVD-624,Jiangsu Jiuding New Material Ltd,152.5,701-TA-554,
USA-CVD-624,Lewu New Material Ltd,152.5,701-TA-554,
USA-CVD-624,Nanjing Jinlu Geosynthetics Ltd,152.5,701-TA-554,
USA-CVD-624,Nanjing Kunchi Composite Material Ltd,152.5,701-TA-554,
USA-CVD-624,"Nanyang Jieda Geosynthetics Co., Ltd",152.5,701-TA-554,
USA-CVD-624,Qingdao Hongda Plastics Corp,152.5,701-TA-554,
USA-CVD-624,Shandong Dexuda Geosynthetics Ltd,152.5,701-TA-554,
USA-CVD-624,"Shandong Haoyang New Engineering Materials Co., Ltd",152.5,701-TA-554,
USA-CVD-624,Shandong Tongfa Glass Fiber Ltd,152.5,701-TA-554,
USA-CVD-624,Shandong Xinyu Geosynthetics Ltd,152.5,701-TA-554,
USA-CVD-624,"Tai’an Haohua Plastics Co., Ltd",152.5,701-TA-554,
USA-CVD-624,"Taian Hengbang Engineering Material Co., Ltd",152.5,701-TA-554,
USA-CVD-624,Taian Naite Geosynthetics Ltd,152.5,701-TA-554,
USA-CVD-624,"Taian Road Engineering Materials Co., Ltd",152.5,701-TA-554,
USA-CVD-624,Tenax,152.5,701-TA-554,
USA-CVD-624,Hengshui Zhongtiejian Group Co,152.5,701-TA-554,
USA-CVD-624,"Qingdao Sunrise Dageng Import and Export Co., Ltd",152.5,701-TA-554,
USA-CVD-625,"ACIT (Pinghu) Inc., ACIT (Shanghai) Inc",48.94,701-TA-555,
USA-CVD-625,"Nanjing Tianyuan Fiberglass Material Co., Ltd",79.9,701-TA-555,
USA-CVD-625,Non-cooperative firms,165.39,701-TA-555,"Acmetex Co., Ltd.,*, Beijing Great Pack Materials, Co. Ltd.,*, Beijing Landingji Engineering Tech Co., Ltd.,*, Changshu Yaoxing Fiberglass Insulation Products Co., Ltd.,*, Changzhou Kingze Composite Materials Co., Ltd.,*, Changzhou Utek Composite Co.,*, Chengdu Chang Yuan Shun Co., Ltd.,*, China Beihai Fiberglass Co., Ltd.,*, China Yangzhou Guo Tai Fiberglass Co., Ltd.,*, Chongqing Polycomp International Corp.,*, Chongqing Yangkai Import & Export Trade Co., Ltd.,*, Cixi Sunrise Sealing Material Co., Ltd.,*, Fujian Minshan Fire-Fighting Co., Ltd.,*, Grand Fiberglass Co., Ltd.*, Haining Jiete Fiberglass Fabric Co., Ltd.,*, Hebei Yuniu Fiberglass Manufacturing Co., Ltd.,*, Hebei Yuyin Trade Co., Ltd.,*, Hengshui Aohong International Trading Co., Ltd.,*, Hitex Insulation (Ningbo) Co., Ltd.,*, Mowco Industry Limited,*, Nanjing Debeili New Materials Co., Ltd.,*, Ningbo Fitow High Strength Composites Co., Ltd.,*, Ningbo Universal Star Industry & Trade Limited,*, Ningguo BST Thermal Protection Products Co., Ltd.,*, Qingdao Feelongda Industry & Trade Co., Ltd.,*, Qingdao Shishuo Industry Co., Ltd.,*, Rugao City Ouhua Composite Material Co., Ltd.,*, Rugao Nebola Fiberglass Co., Ltd.,*, Shanghai Bonthe Insulative Material Co., Ltd.,*, Shanghai Horse Construction Co., Ltd.,*, Shanghai Liankun Electronics Material Co., Ltd.,*, Shanghai Suita Environmental Protection Technology Co., Ltd.,*, Shangqui Huanyu Fiberglass Co., Ltd.,*, Shengzhou Top-Tech New Material Co., Ltd.,*, Shenzhen Songxin Silicone Products Co., Ltd.,*, Taixing Chuanda Plastic Co., Ltd.,*, Taixing Vichen Composite Material Co., Ltd.,*, TaiZhou Xinxing Fiberglass Products Co., Ltd.,*, Tenglong Sealing Products Manufactory Yuyao,*, Texaspro (China) Company,*, Wallean Industries Co., Ltd.,*, Wuxi First Special-Type Fiberglass Co., Ltd.,*, Wuxi Xingxiao Hi-Tech Material Co., Ltd.,*, Yuyao Feida Insulation Sealing Factory,*, Yuyao Tianyi Special Carbon Fiber Co., Ltd.,*, Zibo Irvine Trading Co., Ltd.,*, Zibo Yao Xing Fire-Resistant and Heat-Preservation Material Co., Ltd.,*, Zibo Yuntai Furnace Technology Co., Ltd.*"
USA-CVD-625,All-Others,64.42,701-TA-555,
USA-CVD-626,"Shanghai Huayi Group Corporation Limited; Double Coin Holdings Ltd.; Double Coin Group (Jiangsu) Tyre Co., Ltd.; Double Coin Group (Chongqing) Tyre Co., Ltd.; Double Coin Group Shanghai Donghai Tyre Co. Ltd.; Double Coin Group (Xinjiang) Kunlun Tyre Co., Ltd",38.61,701-TA-556,
USA-CVD-626,"Guizhou Tyre Import and Export Co., Ltd.; Guizhou Tyre Co., Ltd",65.46,701-TA-556,
USA-CVD-627,Shanxi Taigang Stainless Steel Co. Ltd.,75.6,701-TA-557,
USA-CVD-627,"Ningbo Baoxin Stainless Steel Co., Ltd.",190.71,701-TA-557,
USA-CVD-627,Baosteel Stainless Steel Co Ltd.,190.71,701-TA-557,
USA-CVD-627,"Baoshan Iron & Steel Co, Ltd.",190.71,701-TA-557,
USA-CVD-627,"Baosteel Desheng Stainless Steel Co., Ltd.",190.71,701-TA-557,
USA-CVD-627,"Baosteel Co., Ltd.",190.71,701-TA-557,
USA-CVD-627,"Bayi Iron & Steel Co., Ltd.",190.71,701-TA-557,
USA-CVD-627,"Ningbo Iron & Steel Co., Ltd.",190.71,701-TA-557,
USA-CVD-627,"Shaoguan Iron & Steel Co., Ltd.",190.71,701-TA-557,
USA-CVD-627,"Guangdong Shaoguan Iron & Steel Co., Ltd.",190.71,701-TA-557,
USA-CVD-627,"Zhanjiang Iron & Steel Co., Ltd",190.71,701-TA-557,
USA-CVD-627,"Daming International Import Export Co Ltd. and Tianjin Taigang Daming Metal Product Co., Ltd.",190.71,701-TA-557,
USA-CVD-627,All-Others,75.6,701-TA-557,
USA-CVD-628,Nanjing University of Chemical Technology Changzhou Wujin Water Quality Stabilizer Factory (Wujin Water),0.75,701-TA-558,de minimis
USA-CVD-628,"Shandong Taihe Chemicals Co., Ltd. and Shandong Taihe Water Treatment Technologies Co., Ltd. (Taihe Companies)",2.4,701-TA-558,
USA-CVD-628,All-Others,2.4,701-TA-558,
USA-CVD-628,"Changzhou Kewei Fine Chemicals Co., Ltd",54.11,701-TA-558,
USA-CVD-628,"Hebei Longke Water Treatment Co., Ltd",54.11,701-TA-558,
USA-CVD-628,"Shandong Huayou Chemistry Co., Ltd",54.11,701-TA-558,
USA-CVD-628,Shandong Xintai Water Treatment Technology,54.11,701-TA-558,
USA-CVD-628,Zaozhuang Fuxing Water Treatment Technology,54.11,701-TA-558,
USA-CVD-628,"Zaozhuang YouBang Chemicals Co., Ltd",54.11,701-TA-558,
USA-CVD-628,"Zouping Dongfang Chemical Industry Co., Ltd",54.11,701-TA-558,
USA-CVD-629,.,.,701-TA-559,
USA-CVD-630,Jiangyin Xingcheng Special Steel Works Co. Ltd,251,701-TA-560,
USA-CVD-630,Hunan Valin Xiangtan Iron & Steel,251,701-TA-560,
USA-CVD-630,"Viewer Development Co., Ltd",251,701-TA-560,
USA-CVD-630,All Others,251,701-TA-560,
USA-CVD-631,POSCO,4.31,701-TA-561,
USA-CVD-631,All Others,4.31,701-TA-561,
USA-CVD-632,Wuzhoufeng Agricultural Science & Technology Co. Ltd,206.72,701-TA-562,
USA-CVD-632,Yantai Jiahe Agriculture Means of Production Co. Ltd,206.72,701-TA-562,
USA-CVD-632,All Others,206.72,701-TA-562,
USA-CVD-633,Norma (India) Limited,5.66,701-TA-563,
USA-CVD-633,"R.N. Gupta & Co., Ltd",9.11,701-TA-563,
USA-CVD-633,All Others,7.39,701-TA-563,
USA-CVD-634,Habas Sinai ve Tibbi Gazlar Istihsal Endustrisi A.S,15.99,701-TA-564,
USA-CVD-634,All Others,15.99,701-TA-564,
USA-CVD-635,"Shandong Dongfang Bayley Wood Co., Ltd 5",194.9,701-TA-565,
USA-CVD-635,"Linyi Sanfortune Wood Co., Ltd",22.98,701-TA-565,
USA-CVD-635,All-Others,22.98,701-TA-565,
USA-CVD-635,Anji Qichen Bamboo Industry Co. Ltd 6,194.9,701-TA-565,
USA-CVD-635,"Deqing Shengqiang Wood Co., Ltd",194.9,701-TA-565,
USA-CVD-635,Guangxi Sunway Cen.Xi Artificial Board Ltd,194.9,701-TA-565,
USA-CVD-635,"Guangxi Sunway Forest Products Industry Co., Ltd",194.9,701-TA-565,
USA-CVD-635,"Hebei Tongli Wood Co., Ltd",194.9,701-TA-565,
USA-CVD-635,"Heze Fulin Wood Products Co., Ltd",194.9,701-TA-565,
USA-CVD-635,"Jiashan Minghong Wood Industry Co., Ltd",194.9,701-TA-565,
USA-CVD-635,"Jiaxing Brilliant Import & Export Co., Ltd",194.9,701-TA-565,
USA-CVD-635,Keens Products,194.9,701-TA-565,
USA-CVD-635,King Sheng,194.9,701-TA-565,
USA-CVD-635,"Kunming Alston Ast Wood Products Co., Ltd",194.9,701-TA-565,
USA-CVD-635,"Langfang Baomujie Wood Co., Ltd",194.9,701-TA-565,
USA-CVD-635,"Larkcop International Co., Ltd",194.9,701-TA-565,
USA-CVD-635,Linyi Cathay Pacific Wood Factory,194.9,701-TA-565,
USA-CVD-635,"Linyi Celtic Wood Co., Ltd",194.9,701-TA-565,
USA-CVD-635,"Linyi Dongri Plywood Co., Ltd",194.9,701-TA-565,
USA-CVD-635,Linyi Hongma,194.9,701-TA-565,
USA-CVD-635,"Linyi Jinhua Wood Co., Ltd",194.9,701-TA-565,
USA-CVD-635,"Linyi Kai Yi Arts and Crafts Co., Ltd",194.9,701-TA-565,
USA-CVD-635,"Linyi Laiyi Timber Industry Co., Ltd",194.9,701-TA-565,
USA-CVD-635,"Linyi Lianyi Wood Co., Ltd",194.9,701-TA-565,
USA-CVD-635,Linyi Raya Commerce,194.9,701-TA-565,
USA-CVD-635,"Linyi Yutai Wood Co., Ltd",194.9,701-TA-565,
USA-CVD-635,"Lishui Liancheng Pencil Manufacturing Co., Ltd",194.9,701-TA-565,
USA-CVD-635,Mol Consolidation Service,194.9,701-TA-565,
USA-CVD-635,Ningbo Asia Pulp and Paper,194.9,701-TA-565,
USA-CVD-635,Ningbo Zhonghua Paper,194.9,701-TA-565,
USA-CVD-635,"Qiangsheng Wood Co., Ltd",194.9,701-TA-565,
USA-CVD-635,Qingdao Liansheng International Trading,194.9,701-TA-565,
USA-CVD-635,"Qufu Shengda Wood Co., Ltd",194.9,701-TA-565,
USA-CVD-635,"Shandong Fengtai Wood Co., Ltd",194.9,701-TA-565,
USA-CVD-635,Shandong Hongyang Fire Resistant,194.9,701-TA-565,
USA-CVD-635,Shandong Xingang Group,194.9,701-TA-565,
USA-CVD-635,"Shanghai Sunshine Decorative Materials Co., Ltd",194.9,701-TA-565,
USA-CVD-635,Shenghe Wood Company Ltd,194.9,701-TA-565,
USA-CVD-635,Shouguang Evergreen Im & Ex Co. Ltd 7,194.9,701-TA-565,
USA-CVD-635,"Shouguang Taizhong Wood Co., Ltd",194.9,701-TA-565,
USA-CVD-635,"Siyang Jiayuan Woodindustry Co., Ltd",194.9,701-TA-565,
USA-CVD-635,"Siyang Senda Wood Industry Co., Ltd",194.9,701-TA-565,
USA-CVD-635,"Suqian Bairun Wood Industry Co., Ltd",194.9,701-TA-565,
USA-CVD-635,"Suqian Foreign Trade Co., Ltd",194.9,701-TA-565,
USA-CVD-635,"Suqian Sulu Wood Industry Co., Ltd 8",194.9,701-TA-565,
USA-CVD-635,"Suzbou Dong He Wood Co., Ltd",194.9,701-TA-565,
USA-CVD-635,Tianjin Canex,194.9,701-TA-565,
USA-CVD-635,"Tianjin Zhanye Metal Products Co., Ltd",194.9,701-TA-565,
USA-CVD-635,"Xuzhou Fuyuan Wood Co., Ltd",194.9,701-TA-565,
USA-CVD-635,"Xuzhou Hongwei Wood Co., Ltd",194.9,701-TA-565,
USA-CVD-635,"Xuzhou Ruilin Timber Co., Ltd",194.9,701-TA-565,
USA-CVD-635,Xuzhou Shenghe Wood Products,194.9,701-TA-565,
USA-CVD-635,Xuzhou Woodhi Trading Co. Ltd,194.9,701-TA-565,
USA-CVD-635,Xuzhou Yishun Brightwood Co. Ltd,194.9,701-TA-565,
USA-CVD-635,"Xuzhou Zhongda Building Materials Co., Ltd",194.9,701-TA-565,
USA-CVD-635,"Xuzhou Zhongyuan Wood Co., Ltd",194.9,701-TA-565,
USA-CVD-635,"Yixing Lion-King Timber Industry Co., Ltd",194.9,701-TA-565,
USA-CVD-635,"Zhejiang Deqing Shengqiang Wood Co., Ltd",194.9,701-TA-565,
USA-CVD-635,Zhejiang Fuerjia Wooden Company,194.9,701-TA-565,
USA-CVD-635,"Zhejiang Jufeng Wood Co., Ltd",194.9,701-TA-565,
USA-CVD-635,"Zhejiang Xinyuan Bamboo Products Co., Ltd",194.9,701-TA-565,
USA-CVD-635,"Zhejiang Yongyu Bamboo Joint-Stock Co., Ltd",194.9,701-TA-565,
USA-CVD-636,Canfor Corporation and its cross-owned affiliates,13.24,701-TA-566,
USA-CVD-636,J.D. Irving Limited and its cross-owned affiliates,3.34,701-TA-566,
USA-CVD-636,Resolute FP Canada Inc. and its cross-owned affiliates,14.7,701-TA-566,
USA-CVD-636,Tolko Marketing and Sales Ltd. and its cross-owned affiliates,14.85,701-TA-566,
USA-CVD-636,West Fraser Mills Ltd. and its cross-owned affiliates,17.99,701-TA-566,
USA-CVD-636,All Others,14.19,701-TA-566,
USA-CVD-640,"Dingsheng Aluminum Industries (Hong Kong) Trading Co., Ltd 10",20.1,701-TA-570,
USA-CVD-640,"Jiangsu Zhongji Lamination Materials Co., Ltd 11",17.14,701-TA-570,
USA-CVD-640,Loften Aluminum (Hong Kong) Limited,80.52,701-TA-570,
USA-CVD-640,"Manakin Industries, LLC 12",80.52,701-TA-570,
USA-CVD-640,All-Others,18.62,701-TA-570,
USA-CVD-641,LDC Argentina S.A 1,72.28,701-TA-571,
USA-CVD-641,Vicentin S.A.I.C 2,71.45,701-TA-571,
USA-CVD-641,All Others,71.87,701-TA-571,
USA-CVD-642,"Wilmar Trading Co., Ltd",34.45,701-TA-572,
USA-CVD-642,PT Musim Mas,64.73,701-TA-572,
USA-CVD-642,All Others,38.95,701-TA-572,
USA-CVD-643,Ferriere Nord S.p.A,4.16,701-TA-573,
USA-CVD-643,Ferriera Valsider S.p.A,44.18,701-TA-573,
USA-CVD-643,All-Others,4.16,701-TA-573,
USA-CVD-644,Habas Sinai Ve Tibbi Gazlar Istih (Habas),3.88,701-TA-574,
USA-CVD-644,Icdas Celik Eberji Tersane Ve Ulasim San (Icdas),3.81,701-TA-574,
USA-CVD-644,All-Others,3.85,701-TA-574,
USA-CVD-645,"Jiangsu Tongrun Equipment Technology Co., Ltd 5",15.09,701-TA-575,
USA-CVD-645,"Zhongshan Geelong Manufacturing Co., Ltd",14.03,701-TA-575,
USA-CVD-645,"Allround Hardware Co., Ltd",95.96,701-TA-575,
USA-CVD-645,"Beijing Kang Jie Kong International Cargo Agent Co., Ltd",95.96,701-TA-575,
USA-CVD-645,"Changshu Zhongcheng Tool Box Co., Ltd",14.39,701-TA-575,
USA-CVD-645,Changzhou City Hongfei Metalwork Corporation,95.96,701-TA-575,
USA-CVD-645,"Changzhou Machan Steel Furniture Co., Ltd",14.39,701-TA-575,
USA-CVD-645,China National Electronics Import and Export Ningbo Co,95.96,701-TA-575,
USA-CVD-645,"Foshan Lishida Metal Products Co., Ltd",95.96,701-TA-575,
USA-CVD-645,"Gem-Year Industrial Co., Ltd",95.96,701-TA-575,
USA-CVD-645,"Guangdong Hisense Home Appliances Co., Ltd",14.39,701-TA-575,
USA-CVD-645,"Guerjie Enterprise Co., Ltd",95.96,701-TA-575,
USA-CVD-645,Haiyan Dingfeng Fasteners Ltd,95.96,701-TA-575,
USA-CVD-645,"Hangzhou Xiaoshan Import and Export Trading Co., Ltd",95.96,701-TA-575,
USA-CVD-645,Hyxion Metal Industry,14.39,701-TA-575,
USA-CVD-645,"Jiaxing Pinyou Import & Export Co., Ltd",95.96,701-TA-575,
USA-CVD-645,"Jin Rong Hua Le Metal Manufactures Co., Ltd",14.39,701-TA-575,
USA-CVD-645,Jinhua JG Tools Manufacturing Co,14.39,701-TA-575,
USA-CVD-645,"Jinhua Yahu Tools Co., Ltd",14.39,701-TA-575,
USA-CVD-645,"Keesung Manufacturing Co., Ltd",14.39,701-TA-575,
USA-CVD-645,"Kingstar Tools Co., Ltd",95.96,701-TA-575,
USA-CVD-645,"Liyang Flying Industry Co., Ltd",95.96,701-TA-575,
USA-CVD-645,"Meridian International Co., Ltd",14.39,701-TA-575,
USA-CVD-645,"Ningbo Better Design Industry Co., Ltd",95.96,701-TA-575,
USA-CVD-645,"Ningbo Hualei Tool Co., Ltd",95.96,701-TA-575,
USA-CVD-645,Ningbo Jiufeng Electronic Tools,95.96,701-TA-575,
USA-CVD-645,Ningbo Safewell International Holding Corp,14.39,701-TA-575,
USA-CVD-645,"Ningbo Xiunan International Co., Ltd",95.96,701-TA-575,
USA-CVD-645,"Pinghu Chenda Storage Office Equipment Co., Ltd",14.39,701-TA-575,
USA-CVD-645,"Pooke Technology Co., Ltd",14.39,701-TA-575,
USA-CVD-645,"Shanghai All‐Fast International Trade Co., Ltd",14.39,701-TA-575,
USA-CVD-645,"Shanghai All‐Hop Industry Co., Ltd",14.39,701-TA-575,
USA-CVD-645,Shanghai Delta International Trading,95.96,701-TA-575,
USA-CVD-645,"Shanghai Fairlong International Trading Co., Ltd",95.96,701-TA-575,
USA-CVD-645,"Shanghai ITPC Hardware Co., Ltd",14.39,701-TA-575,
USA-CVD-645,"Shanghai Legsteel Metal Products Co., Ltd",95.96,701-TA-575,
USA-CVD-645,Shanghai Tung Hsing Technology Inc,95.96,701-TA-575,
USA-CVD-645,Shining Golden Yida Welding & Cutting Machinery Manufacture Ltd,95.96,701-TA-575,
USA-CVD-645,"Suzhou Aomeijia Metallic Products Co., Ltd",95.96,701-TA-575,
USA-CVD-645,"Suzhou Goldenline Machinery Co., Ltd",95.96,701-TA-575,
USA-CVD-645,"Suzhou Xindadi Hardware Co., Ltd",14.39,701-TA-575,
USA-CVD-645,"Taixing Hutchin Mfg. Co., Ltd",14.39,701-TA-575,
USA-CVD-645,"Tong Ming Enterprise (Jiaxing) Co., Ltd",95.96,701-TA-575,
USA-CVD-645,"Trantex Product (Zhong Shan) Co., Ltd",14.39,701-TA-575,
USA-CVD-645,"Wuyi Yunlin Steel Products Co., Ltd",95.96,701-TA-575,
USA-CVD-645,"Yangzhou Huayu Pipe Fitting Co., Ltd",95.96,701-TA-575,
USA-CVD-645,Yangzhou Triple Harvest Power Tools Limited,14.39,701-TA-575,
USA-CVD-645,"Zhangjiagang Houfeng Machinery Co., Ltd",95.96,701-TA-575,
USA-CVD-645,Zhejiang KC Mechanical & Electrical,95.96,701-TA-575,
USA-CVD-645,Zhejiang Zhenglian Corp,95.96,701-TA-575,
USA-CVD-645,Zhuhai Shichang Metals Ltd,95.96,701-TA-575,
USA-CVD-645,All-Others,14.39,701-TA-575,
USA-CVD-646,"Jiangsu Hongyi Steel Pipe Co., Ltd 5",21.41,701-TA-576,
USA-CVD-646,"Zhangjiagang Huacheng Import & Export Co., Ltd 6",18.27,701-TA-576,
USA-CVD-646,All-Others,19.84,701-TA-576,
USA-CVD-647,Goodluck India Limited,8.02,701-TA-577,
USA-CVD-647,Tube Investments of India Limited,42.6,701-TA-577,
USA-CVD-647,All-Others,22.4,701-TA-577,
USA-CVD-649,Jiangyin Hailun Chemical Fiber Co. Ltd.,38,701-TA-579,
USA-CVD-649,Jiangyin Huahong Chemical Fiber Co. Ltd.,47.57,701-TA-579,
USA-CVD-649,All-Others,42.66,701-TA-579,
USA-CVD-650,ombay Dyeing & Mfg. Co. Ltd,13.38,701-TA-580,
USA-CVD-650,Reliance Industries Limited,27.36,701-TA-580,
USA-CVD-650,All-Others,24.8,701-TA-580,
USA-CVD-652,Jiangyin Hailun Chemical Fiber Co. Ltd,37.75,701-TA-582,
USA-CVD-652,Jiangyin Huahong Chemical Fiber Co. Ltd,47.57,701-TA-582,
USA-CVD-652,All-Others,42.66,701-TA-582,
USA-CVD-653,Bombay Dyeing & Mfg. Co. Ltd,13.38,701-TA-583,
USA-CVD-653,Reliance Industries Limited,27.36,701-TA-583,
USA-CVD-653,All-Others,24.8,701-TA-583,
USA-CVD-654,Catalyst Paper Corporation,3.38,701-TA-584,
USA-CVD-654,Kruger Trois-Rivieres L.P,9.53,701-TA-584,
USA-CVD-654,Resolute FP Canada Inc,9.81,701-TA-584,
USA-CVD-654,White Birch Paper Canada Company NSULC,0.82,701-TA-584,
USA-CVD-654,All-Others,8.54,701-TA-584,
USA-CVD-655,"Bothwell (Jiangyan) Steel Fittings Co., Ltd",174.73,701-TA-585,
USA-CVD-655,Hydro-Fluids Controls Limited,174.73,701-TA-585,
USA-CVD-655,"Jiangyin Shengda Brite Line Kasugai Flange Co., Ltd",174.73,701-TA-585,
USA-CVD-655,"Qingdao I-Flow Co., Ltd",174.73,701-TA-585,
USA-CVD-655,All-Others,174.73,701-TA-585,
USA-CVD-656,Bebitz Flanges Works Private Limited,256.16,701-TA-586,
USA-CVD-656,Echjay Forgings Private Limited,4.92,701-TA-586,
USA-CVD-656,All Others,4.92,701-TA-586,
USA-CVD-659,"Both-Well (Taizhou) Steel Fittings, Co., Ltd",13.41,701-TA-589,
USA-CVD-659,All-Others,13.41,701-TA-589,
USA-CVD-660,"Xiwang Pharmaceutical Co., Ltd",213.15,701-TA-590,
USA-CVD-660,"Zhucheng Shuguang Biotech Co., Ltd",213.15,701-TA-590,
USA-CVD-660,China-wide Entity,213.15,701-TA-590,
USA-CVD-661,"Chalco Ruimin Co., Ltd",116.49,701-TA-591,
USA-CVD-661,"Chalco-SWA Cold Rolling Co., Ltd",116.49,701-TA-591,
USA-CVD-661,"Henan Mingtai Industrial Co., Ltd./Zhengzhou Mingtai Industry Co., Ltd 5",46.48,701-TA-591,
USA-CVD-661,"Yong Jie New Material Co., Ltd 6",55.02,701-TA-591,
USA-CVD-661,All-Others,50.75,701-TA-591,
USA-CVD-662,"Seng San Enterprises Co., Ltd.",18.03,701-TA-592,
USA-CVD-662,"Joynice Gifts & Crafts Co., Ltd",14.27,701-TA-592,
USA-CVD-662,"Santa's Collection Shaoxing Co., Ltd",94.67,701-TA-592,
USA-CVD-662,All-Others,16.15,701-TA-592,
USA-CVD-663,Hefei Zijin Steel Tube Manufacturing Co,198.49,701-TA-593,
USA-CVD-663,Hefei Ziking Steel Pipe,198.49,701-TA-593,
USA-CVD-663,Panyu Chu Kong Steel Pipe Co. Ltd,198.49,701-TA-593,
USA-CVD-663,All-Others,198.49,701-TA-593,
USA-CVD-664,Bhushan Steel,541.15,701-TA-594,
USA-CVD-664,Welspun Trading Limited,541.15,701-TA-594,
USA-CVD-664,All-Others,541.15,701-TA-594,
USA-CVD-665,"Husteel Co., Ltd",0.01,701-TA-595,
USA-CVD-665,Hyundai Steel Company 16,0.44,701-TA-595,
USA-CVD-665,SeAH Steel Corporation 17,27.42,701-TA-595,
USA-CVD-665,All Others,9.29,701-TA-595,
USA-CVD-666,HDM Celik Boru Sanayi ve Ticaret A.S.14,3.72,701-TA-596,
USA-CVD-666,Borusan Mannesmann Boru Sanayi ve Ticaret A.S.15,0.92,701-TA-596,
USA-CVD-666,All Others,3.72,701-TA-596,
USA-CVD-667,"Kingway Pipe Co., Ltd",109.27,701-TA-597,
USA-CVD-667,"Yuncheng Jiangxian Economic Development Zone HengTong Casting Co., Ltd 8",14.69,701-TA-597,
USA-CVD-667,All-Others,14.69,701-TA-597,
USA-CVD-668,"Graceful Imp. & Exp. Co., Ltd",125.77,701-TA-598,
USA-CVD-668,"Moyoung Trading Co., Ltd",125.77,701-TA-598,
USA-CVD-668,"Ningbo Syloon Imp & Exp Co., Ltd",125.77,701-TA-598,
USA-CVD-668,All-Others,125.77,701-TA-598,
USA-CVD-671,Duong Vinh Hoa Packaging Company Limited,3.02,701-TA-601,
USA-CVD-671,"Xinsheng Plastic Industry Co., Ltd",198.87,701-TA-601,
USA-CVD-671,All-Others,3.02,701-TA-601,
USA-CVD-672,"Xiamen Sunrise Wheel Group Co., Ltd 13",457.1,701-TA-602,
USA-CVD-672,Zhejiang Jingu Company Limited 14,457.1,701-TA-602,
USA-CVD-672,All-Others,457.1,701-TA-602,
USA-CVD-673,"Kumar Industries, India",6.99,701-TA-603,
USA-CVD-673,Paras Intermediates Private Limited,3.03,701-TA-603,
USA-CVD-673,All Others,5.01,701-TA-603,
USA-CVD-674,JC Chemicals Limited,144.01,701-TA-604,
USA-CVD-674,Sigmachem Corp,144.01,701-TA-604,
USA-CVD-674,All Others,144.01,701-TA-604,
USA-CVD-676,"Foshan Hero Stone Co., Ltd",190.99,701-TA-606,
USA-CVD-676,Fasa Industrial Corporation Limited,190.99,701-TA-606,
USA-CVD-676,"Foshan Yixin Stone Co., Ltd",45.32,701-TA-606,
USA-CVD-676,Foshan Nanhai Julang Quartz Co,190.99,701-TA-606,
USA-CVD-676,Qinguan Yuefeng Decoration Material Co,190.99,701-TA-606,
USA-CVD-676,All Others,45.32,701-TA-606,
USA-CVD-677,Guangzhou Lion Cylinders Co. Ltd,142.37,701-TA-607,
USA-CVD-677,Hubei Daly LPG Cylinder Manufacturer Co. Ltd,142.37,701-TA-607,
USA-CVD-677,Shandong Huanri Group Co. Ltd,37.91,701-TA-607,
USA-CVD-677,Taishan Machinery Factory Ltd,142.37,701-TA-607,
USA-CVD-677,TPA Metals and Machinery (SZ) Co. Ltd,142.37,701-TA-607,
USA-CVD-677,"Wuyi Xilinde Machinery Manufacture Co., Ltd",142.37,701-TA-607,
USA-CVD-677,"Zhejiang Jucheng Steel Cylinder Co., Ltd",142.37,701-TA-607,
USA-CVD-677,All Others,37.91,701-TA-607,
USA-CVD-678,Designa Inc,102.23,701-TA-608,
USA-CVD-678,"Dongguan Baike Electronic Co., Ltd",102.23,701-TA-608,
USA-CVD-678,Ezidone Display Corp. Ltd,102.23,701-TA-608,
USA-CVD-678,"Fenghua Huige Metal Products Co., Ltd",102.23,701-TA-608,
USA-CVD-678,"Formost Plastic Metal Works (Jiaxing) Co., Ltd",102.23,701-TA-608,
USA-CVD-678,"Jiangsu Kingmore Storage Equipment Manufacturing Co., Ltd",102.23,701-TA-608,
USA-CVD-678,"Nanjing Dongsheng Shelf Manufacturing Co., Ltd",1.5,701-TA-608,
USA-CVD-678,"Nanjing Huade Storage Equipment Manufacture Co., Ltd",102.23,701-TA-608,
USA-CVD-678,"Ningbo Bocheng Home Products Co., Ltd",102.23,701-TA-608,
USA-CVD-678,"Ningbo Joys Imp. & Exp. Co., Ltd",102.23,701-TA-608,
USA-CVD-678,Ningbo Li Zhan Import & Export Co,102.23,701-TA-608,
USA-CVD-678,"Qingdao Haineng Hardware Products Co., Ltd",102.23,701-TA-608,
USA-CVD-678,"Qingdao Huatian Hand Truck Co., Ltd",102.23,701-TA-608,
USA-CVD-678,"Qingdao Zeal-Line Stainless Steel Products Co., Ltd",102.23,701-TA-608,
USA-CVD-678,"Seven Seas Furniture Industrial (Xiamen) Co., Ltd",102.23,701-TA-608,
USA-CVD-678,"Shijiazhuang Wells Trading & Mfg. Co., Ltd",102.23,701-TA-608,
USA-CVD-678,Tangshan Apollo Energy Equipment Company,102.23,701-TA-608,
USA-CVD-678,All-Others,1.5,701-TA-608,
USA-CVD-679,Xingmin Intelligent Transportation Systems (Group),386.45,701-TA-609,
USA-CVD-679,Zhejiang Jingu Company Limited,388.31,701-TA-609,
USA-CVD-679,All Others,387.38,701-TA-609,
USA-CVD-680,"Equipmentines (Dalian) E‐Commerce Co., Ltd",145.23,701-TA-610,
USA-CVD-680,"Jinan HaoLu Machinery Equipment Co., Ltd",145.23,701-TA-610,
USA-CVD-680,NDL Keg Qingdao Inc,145.23,701-TA-610,
USA-CVD-680,"Ningbo Direct Import & Export Co., Ltd",145.23,701-TA-610,
USA-CVD-680,"Ningbo Hefeng Container Manufacture Co., Ltd",145.23,701-TA-610,
USA-CVD-680,"Ningbo Hefeng Kitchen Utensils Manufacture Co., Ltd",145.23,701-TA-610,
USA-CVD-680,"Ningbo HGM Food Machinery Co., Ltd",145.23,701-TA-610,
USA-CVD-680,"Ningbo Jiangbei Bei Fu Industry and Trade Co., Ltd",145.23,701-TA-610,
USA-CVD-680,"Ningbo Master International Trade Co., Ltd",16.21,701-TA-610,
USA-CVD-680,"Ningbo Sanfino Import & Export Co., Ltd",145.23,701-TA-610,
USA-CVD-680,"Ningbo Shimaotong International Co., Ltd",145.23,701-TA-610,
USA-CVD-680,"Ningbo Sunburst International Trading Co., Ltd",145.23,701-TA-610,
USA-CVD-680,"Orient Equipment (Taizhou) Co., Ltd",145.23,701-TA-610,
USA-CVD-680,Penglai Jinfu Stainless Steel Products,145.23,701-TA-610,
USA-CVD-680,"Qingdao Henka Precision Technology Co., Ltd",145.23,701-TA-610,
USA-CVD-680,Shandong Tiantai Beer Equipment,145.23,701-TA-610,
USA-CVD-680,Sino Dragon Trading International,145.23,701-TA-610,
USA-CVD-680,Wenzhou Deli Machinery Equipment Co,145.23,701-TA-610,
USA-CVD-680,"Wuxi Taihu Lamps and Lanterns Co., Ltd",145.23,701-TA-610,
USA-CVD-680,"Yantai Trano New Material Co., Ltd",145.23,701-TA-610,
USA-CVD-680,All Others,16.21,701-TA-610,
USA-CVD-681,"Shanghai Silin Special Equipment Co., Ltd",165.63,701-TA-611,
USA-CVD-681,"Changfeng Wire & Cable Co., Ltd",33.44,701-TA-611,
USA-CVD-681,Shanghai Yang Pu Qu Gong,165.63,701-TA-611,
USA-CVD-681,All Others,33.44,701-TA-611,
USA-CVD-682,"Fujian Billion Polymerization Fiber Technology Industrial Co., Ltd 4",32.18,701-TA-612,
USA-CVD-682,"Suzhou Shenghong Fiber Co., Ltd 5",473.09,701-TA-612,
USA-CVD-682,Suzhou Shenghong Garmant Development Co,472.51,701-TA-612,
USA-CVD-682,All Others,32.18,701-TA-612,
USA-CVD-683,JBF Industries Limited,21.83,701-TA-613,
USA-CVD-683,Reliance Industries Limited,4.29,701-TA-613,
USA-CVD-683,All Others,4.65,701-TA-613,
USA-CVD-688,"Ningbo Zhongjiang High Strength Bolts Co., Ltd",31.02,701-TA-618,
USA-CVD-688,"Zhejiang Junyue Standard Part Co., Ltd",66.81,701-TA-618,
USA-CVD-688,All Others,41.17,701-TA-618,
USA-CVD-689,Daksh Fasteners,211.72,701-TA-619,
USA-CVD-689,Mangal Steel Enterprises Limited,6.07,701-TA-619,
USA-CVD-689,All Others,6.07,701-TA-619,
USA-CVD-690,"The Ancientree Cabinet Co., Ltd.",13.33,701-TA-620,
USA-CVD-690,"Dalian Meisen Woodworking Co., Ltd.",18.27,701-TA-620,
USA-CVD-690,Rizhao Foremost Woodwork Manufacturing Company Ltd.,31.18,701-TA-620,
USA-CVD-690,"Henan AiDiJia Furniture Co., Ltd",293.45,701-TA-620,
USA-CVD-690,"Deway International Trade Co., Ltd",293.45,701-TA-620,
USA-CVD-690,All Others,20.93,701-TA-620,
USA-CVD-691,Temgoo International Trading Limited,358.81,701-TA-621,
USA-CVD-691,"Foshan Sanfi Imp & Exp Co., Ltd.",358.81,701-TA-621,
USA-CVD-691,All Others,358.81,701-TA-621,
USA-CVD-693,Non-Responsive Companies,271.79,701-TA-623,
USA-CVD-693,All Others,271.79,701-TA-623,
USA-CVD-694,Antique Marbonite Private Limited,1.57,701-TA-624,
USA-CVD-694,Pokarna Engineered Stone Limited,2.34,701-TA-624,
USA-CVD-694,All Others,2.17,701-TA-624,
USA-CVD-695,Belenco Diş Ticaret A.Ş. and Peker Yüzey Tasarımları Sanayi ve Ticaret A.Ş,2.43,701-TA-625,
USA-CVD-695,All Others,2.43,701-TA-625,
USA-CVD-696,"Zhejiang Best Nail Industrial Co., Ltd",12.32,701-TA-626,
USA-CVD-696,"Hai Sheng Xin Group Co., Ltd",192.64,701-TA-626,
USA-CVD-696,Ningbo Deli Stationery,192.64,701-TA-626,
USA-CVD-696,All Others,12.32,701-TA-626,
USA-CVD-697,"Marmen Inc., Marmen Énergie Inc., and Gestion Marmen Inc.",1.13,701-TA-627,
USA-CVD-697,All Others,1.13,701-TA-627,
USA-CVD-698,PT Kenertec Power System,5.9,701-TA-628,
USA-CVD-698,All Others,5.9,701-TA-628,
USA-CVD-699,"CS Wind Vietnam Co., Ltd. (a.k.a. CS Wind Tower Co., Ltd.)",2.84,701-TA-629,
USA-CVD-699,All Others,2.84,701-TA-629,