V_NUMBER,CVD_CTY_NAME,CASE_ID,CASE_REPCODE,INV_CTY_NAME,INV_CTY_CODE,PRODUCT,INIT_DATE,P_SUB_DATE,P_INJ_DATE,P_SUB_DEC,P_INJ_DEC,P_CVD_DATE,P_CVD_MEASURE,F_SUB_DATE,F_INJ_DATE,F_SUB_DEC,F_INJ_DEC,F_CVD_DATE,F_CVD_MEASURE,REVOKE_DATE,REVOKE_YEAR,WTO_F_CVD_MEASURE,WTO_F_MARGIN_MIN,WTO_F_MARGIN_MAX,WTO_CITATION,RELATED_AD,INIT_GP,P_GP,P_CVD_DUTY,F_GP,F_CVD_DUTY,CHINA_OFFICIAL_CASE_ID,NOTES
Q1_2021,China,CHN-CVD-1,CHN-CVD-1,USA,USA,Grain Oriented Flat-rolled Electrical Steel,2009-05-31,2009-12-09,2009-12-09,A,A,2009-12-10,AVD,2010-04-09,2010-04-09,A,A,2010-04-10,AVD,2015-04-09,2015,AVD,11.7,12,G/SCM/N/212/CHN,CHN-AD-172,Public Notice No.41/2009,Public Notice No.99/2009,11.7-12,Public Notice No.21/2010,11.7-44.6,MI,
Q1_2021,China,CHN-CVD-2,CHN-CVD-2,USA,USA,Broiler Products or Chicken Products,2009-09-26,2010-04-27,2010-04-27,A,A,2010-04-29,AVD,2010-08-28,2010-08-28,A,A,2010-09-26,AVD,2018-02-26,2018,AVD,4,30.3,G/SCM/N/219/CHN,CHN-AD-178,Public Notice No.75/2009,Public Notice No.26/2010,3.8-31.4,Public Notice No.52/2010,50.3-105.4,MI,
Q1_2021,China,CHN-CVD-3,CHN-CVD-3,USA,USA,Saloon Cars and Cross-country Cars (of a Cylinder Capacity ≥ 2000cc),2009-11-05,2011-04-01,2011-04-01,A,A,.,.,2011-05-04,2011-05-04,A,A,2011-12-14,AVD,2013-12-14,2013,AVD,0,12.9,G/SCM/N/235/CHN,CHN-AD-180,Public Notice No.84/2009,Public Notice No.13/2011,.,Public Notice No.20/2011,MI,MI,
Q1_2021,China,CHN-CVD-4,CHN-CVD-4,European Union,EUN,Potato Starch,2010-08-29,2011-05-15,2011-05-15,A,A,2011-05-18,AVD,2011-09-15,2011-09-15,A,A,2011-09-16,AVD,IF,IF,AVD,7.5,12.4,G/SCM/N/235/CHN,.,Public Notice No.48/2010,Public Notice No.19/2011,11.19,Public Notice No.54/2011,12.4,MI,
Q1_2021,China,CHN-CVD-5,CHN-CVD-5,USA,USA,Solar Grade Polysilicon,2012-07-19,2013-09-15,2013-09-15,A,A,2013-09-19,AVD,MI,MI,A,A,2014-01-19,AVD,IF,IF,AVD,0,2.1,G/SCM/N/274/CHN,CHN-AD-199,Public Notice No.41/2012,Public Notice No.63/2013,0-6.5,MI,2.1,MI,source of the final fields is China's semi-annual report to the WTO
Q1_2021,China,CHN-CVD-6,CHN-CVD-5,European Union,EUN,Solar Grade Polysilicon,2012-10-31,2014-01-23,2014-01-23,A,A,2014-01-23,AVD,2014-04-29,2014-04-29,A,A,2014-04-30,AVD,2018-10-31,2018,AVD,1.2,1.2,G/SCM/N/274/CHN,CHN-AD-203,Public Notice No.70/2012,MI,MI,Public Notice No.26/2014,1.2,MI,
Q1_2021,China,CHN-CVD-7,CHN-CVD-7,European Union,EUN,Wines,2013-06-30,2014-03-23,2014-03-23,W,W,.,.,.,.,.,.,.,.,.,.,.,.,.,.,CHN-AD-212,Public Notice No.36/2013,Public Notice No.19/2014,.,.,.,.,withdrawal letter was submitted on 03/19/2014
Q1_2021,China,CHN-CVD-8,CHN-CVD-8,USA,USA,Distillers Dried Grains with or without Solubles,2016-01-11,2016-09-28,2016-09-28,A,A,2016-09-29,AVD,2017-01-11,2017-01-11,A,A,2017-01-11,AVD,IF,IF,AVD,11.2,12,G/SCM/N/321/CHN,CHN-AD-233,Public Notice No. 6/2016,Public Notice No. 48/2016,10.7,Public Notice No. 80/2016,12,MI,
Q1_2021,China,CHN-CVD-9,CHN-CVD-9,India,IND,Ortho-Chloro Para Nitroaniline,2017-02-12,2017-10-19,2017-10-19,A,A,2017-10-19,AVD,2018-02-11,2018-02-11,A,A,2018-02-12,AVD,IF,IF,AVD,21.2,166.8,G/SCM/N/334/CHN,CHN-AD-238,Public Notice No. 5/2017,Public Notice No. 57/2017,166,Public Notice No. 18/2018,166.8,MI,
Q1_2021,China,CHN-CVD-10,CHN-CVD-10,USA,USA,Sorghum Grain,2018-02-03,2018-04-16,2018-04-16,A,A,2018-04-17,MI,2018-05-17,2018-05-17,T,T,.,.,.,.,.,.,.,.,CHN-AD-264,Public Notice No. 13/2018,Public Notice No. 38/2018,178.65,Public Notice No. 44/2018,.,MI,Both CVD and AD investigations terminated for reasons of public interest--the levying of duties could harm downstream industries
Q1_2021,China,CHN-CVD-11,CHN-CVD-11,India,IND,7-phenylacetomido-3-chloromethyl-3-cephem-4-carboxylic Acidpmethoxybenzyl Ester,2018-11-26,MI,MI,MI,MI,MI,MI,MI,MI,MI,MI,MI,MI,MI,MI,MI,MI,MI,MI,CHN-AD-277,Public Notice No. 91/2018,MI,MI,MI,MI,MI,ongoing investigation
Q1_2021,China,CHN-CVD-12,CHN-CVD-12,Australia,AUS,Barley,2018-12-20,.,.,B,B,.,.,2020-05-17,2020-05-17,A,A,2020-05-18,AVD,MI,MI,MI,MI,MI,MI,CHN-AD-276,Public Notice No. 99/2018,.,.,Public Notice No.15/2020,6.9,MI,
Q1_2021,China,CHN-CVD-13,CHN-CVD-13,USA,USA,N-Propanol,2019-07-28,2020-09-03,2020-09-03,A,A,2020-09-03,AVD,MI,MI,MI,MI,MI,MI,MI,MI,MI,MI,MI,MI,CHN-AD-288,Public Notice No. 35./2019,Public Notice No. 33/2020,MI,MI,MI,MI,
Q1_2021,China,CHN-CVD-14,CHN-CVD-14,USA,USA,Polyphenylene ether,2020-08-13,MI,MI,MI,MI,MI,MI,MI,MI,MI,MI,MI,MI,MI,MI,MI,MI,MI,MI,CHN-AD-292,Public Notice No. 32/2020,MI,37.7,MI,MI,MI,
Q1_2021,China,CHN-CVD-15,CHN-CVD-15,USA,USA,Wines in containers holding 2 liters or less,2020-08-30,2020-12-09,2020-12-09,A,A,2020-12-09,AVD,MI,MI,MI,MI,MI,MI,MI,MI,MI,MI,MI,MI,CHN-AD-293,Public Notice No. 35/2020,Public Notice No. 58/2020,6.4,MI,MI,MI,
Q1_2021,China,CHN-CVD-16,CHN-CVD-16,USA,USA,Certain monoalkyl ethers of ethylene glycol and propylene glycol或Certain glycol ehters,2020-09-13,MI,MI,MI,MI,MI,MI,MI,MI,MI,MI,MI,MI,MI,MI,MI,MI,MI,MI,CHN-AD-294,Public Notice No. 37/2020,MI,MI,MI,MI,MI,
Q1_2021,China,CHN-CVD-17,CHN-CVD-17,USA,USA,Polyvinyl Chloride,2020-10-13,MI,MI,MI,MI,MI,MI,MI,MI,MI,MI,MI,MI,MI,MI,MI,MI,MI,MI,CHN-AD-295,Public Notice No. 41/2020,MI,MI,MI,MI,MI,