Dataset Component,Number of Files,Total Observations,Total Columns,Directional Coverage,Phase Coverage
US Tariffs,1,18027,15,China,Phase Trump 1.0
China Tariffs,1,8558,20,US,Phase Trump 1.0
Exclusion Lists,4,2960,77,"Bilateral, US-focused",Phase Trump 1.0
Trade Flows,5,59865,68,Bilateral,Phase Trump 1.0
Antidumping Actions,9,48528,187,"China-focused, US-focused",Phase Trump 1.0
Countervailing Duties,8,17192,120,"China-focused, US-focused",Phase Trump 1.0
Strategic Panel,2,137,10,Bilateral,"Phase Trump 1.0, Phase Trump 2.0"
TOTAL,30,155267,497,Mixed,Both Phases
