V_NUMBER,AD_CTY_NAME,CASE_ID,CASE_REPCODE,INV_CTY_NAME,INV_CTY_CODE,PRODUCT,INIT_DATE,P_DUMP_DATE,P_INJ_DATE,P_DUMP_DEC,P_INJ_DEC,P_AD_DATE,P_AD_MEASURE,F_DUMP_DATE,F_INJ_DATE,F_DUMP_DEC,F_INJ_DEC,F_AD_DATE,F_AD_MEASURE,REVOKE_DATE,REVOKE_YEAR,WTO_F_AD_MEASURE,WTO_F_MARGIN_MIN,WTO_F_MARGIN_MAX,WTO_CITATION,RELATED_CVD,INIT_GP,P_GP,P_AD_DUTY,F_GP,F_AD_DUTY,REVIEW_INIT_GP,CHINA_OFFICIAL_CASE_ID,NOTES
Q1_2021,China,CHN-AD-1,CHN-AD-1,South Korea,KOR,Newsprint in Rolls or Sheets,1997-12-09,1998-07-08,1998-07-08,A,A,1998-07-08,AVD,1999-06-02,1999-06-02,A,A,1999-06-02,AVD,2009-06-29,2009,AVD,.,.,.,.,Public Notice No.04/1997,Public Notice No.02/1998,17.11-55.95,Public Notice No.04/1999,9-55,Public Notice No.29/2003,0001AC2219971210,
Q1_2021,China,CHN-AD-2,CHN-AD-1,Canada,CAN,Newsprint in Rolls or Sheets,1997-12-09,1998-07-08,1998-07-08,A,A,1998-07-08,AVD,1999-06-02,1999-06-02,A,A,1999-06-02,AVD,2009-06-29,2009,AVD,.,.,.,.,Public Notice No.04/1997,Public Notice No.02/1998,57.95-78.93,Public Notice No.22/2009,57-78,Public Notice No.29/2003,0001AC2219971210,
Q1_2021,China,CHN-AD-3,CHN-AD-1,USA,USA,Newsprint in Rolls or Sheets,1997-12-09,1998-07-08,1998-07-08,A,A,1998-07-08,AVD,1999-06-02,1999-06-02,A,A,1999-06-02,AVD,2009-06-29,2009,AVD,.,.,.,.,Public Notice No.04/1997,Public Notice No.02/1998,78.93-78.93,Public Notice No.22/2010,78-78,Public Notice No.29/2003,0001AC2219971210,
Q1_2021,China,CHN-AD-4,CHN-AD-4,Russia,RUS,Cold Rolled Silicon Steel,1999-03-11,1999-12-29,1999-12-29,A,A,1999-12-29,AVD,2000-09-10,2000-09-10,A,A,2000-09-10,AVD,2004-12-29,2004,AVD,.,.,.,.,Public Notice No.01/1999,MI,11-73,Public Notice No.08/2000,6-62,Public Notice No.76/2004,0002AC3219990312,
Q1_2021,China,CHN-AD-5,CHN-AD-5,South Korea,KOR,Polyester Film,1999-04-15,1999-12-28,1999-12-28,A,A,1999-12-28,AVD,2000-08-24,2000-08-24,A,A,2000-08-24,AVD,2010-12-27,2010,AVD,.,.,.,.,Public Notice No.02/1999,MI,21-72,Public Notice No.07/2000,13-46,Public Notice No.84/2004,0003AC2619990316,
Q1_2021,China,CHN-AD-6,CHN-AD-6,Japan,JPN,Cold-Rolled Steel Sheets,1999-06-16,2000-04-12,2000-04-12,A,A,2000-04-12,AVD,2000-12-17,2000-12-17,A,A,2000-12-17,AVD,2011-04-07,2011,AVD,.,.,.,.,Public Notice No.05/1999,Public Notice No.13/2001,26-75,Public Notice No.13/2001,17-58,Public Notice No.15/2005,0004AC3219990617,
Q1_2021,China,CHN-AD-7,CHN-AD-6,South Korea,KOR,Cold-Rolled Steel Sheets,1999-06-16,2000-04-12,2000-04-12,A,A,2000-04-12,AVD,2000-12-17,2000-12-17,A,A,2000-12-17,PU,2011-04-07,2011,PU,.,.,.,.,Public Notice No.05/1999,Public Notice No.13/2001,4-69,Public Notice No.15/2000,57-57,Public Notice No.15/2005,0004AC3219990617,
Q1_2021,China,CHN-AD-8,CHN-AD-8,Germany,DEU,Esters of Acrylic Acid,1999-12-09,2000-11-22,2000-11-22,A,A,2000-11-22,AVD,2001-06-08,2001-06-08,A,A,2001-06-08,AVD,MI,2004,AVD,.,.,.,.,Public Notice No.11/1999,MI,71-74,MI,negligible import,.,0005AC2619991210,
Q1_2021,China,CHN-AD-9,CHN-AD-8,Japan,JPN,Esters of Acrylic Acid,1999-12-09,2000-11-22,2000-11-22,A,A,2000-11-22,AVD,2001-06-08,2001-06-08,A,A,2001-06-08,AVD,2005-11-22,2005,AVD,.,.,.,.,Public Notice No.11/1999,MI,31-60,MI,31-60,.,0005AC2619991210,
Q1_2021,China,CHN-AD-10,CHN-AD-8,USA,USA,Esters of Acrylic Acid,1999-12-09,2000-11-22,2000-11-22,A,A,2000-11-22,AVD,2001-06-08,2001-06-08,A,A,2001-06-08,AVD,2005-11-22,2005,AVD,.,.,.,.,Public Notice No.11/1999,MI,24-69,MI,31-67,.,0005AC2619991210,
Q1_2021,China,CHN-AD-11,CHN-AD-11,Germany,DEU,Dichloromethane (Methylene Chloride),2000-12-19,2001-08-15,2001-08-15,A,A,2001-08-15,AVD,2002-04-10,2002-04-10,A,A,2002-04-10,AVD,2012-08-13,2012,AVD,66,66,G/ADP/N/92/CHN,.,Public Notice No.14/2000,Public Notice No.11/2001,67-67,Public Notice No.20/2002,66-66,.,0006AC2620001220,
Q1_2021,China,CHN-AD-12,CHN-AD-11,France,FRA,Dichloromethane (Methylene Chloride),2000-12-19,2001-08-15,2001-08-15,A,A,2001-08-15,AVD,2002-04-10,2002-04-10,A,A,2002-04-10,AVD,MI,MI,AVD,MI,MI,MI,.,Public Notice No.14/2000,Public Notice No.11/2001,28-75,Public Notice No.20/2002,negligible import,.,0006AC2620001220,
Q1_2021,China,CHN-AD-13,CHN-AD-11,Netherlands,NLD,Dichloromethane (Methylene Chloride),2000-12-19,2001-08-15,2001-08-15,A,A,2001-08-15,AVD,2002-04-10,2002-04-10,A,A,2002-04-10,AVD,2012-08-13,2012,AVD,9,57,G/ADP/N/92/CHN,.,Public Notice No.14/2000,Public Notice No.11/2001,10-58,Public Notice No.20/2002,9-57,.,0006AC2620001220,
Q1_2021,China,CHN-AD-14,CHN-AD-11,South Korea,KOR,Dichloromethane (Methylene Chloride),2000-12-19,2001-08-15,2001-08-15,A,A,2001-08-15,AVD,2002-04-10,2002-04-10,A,A,2002-04-10,AVD,2012-08-13,2012,AVD,4,28,G/ADP/N/92/CHN,.,Public Notice No.14/2000,Public Notice No.11/2001,7-28,Public Notice No.20/2002,4-28,.,0006AC2620001220,
Q1_2021,China,CHN-AD-15,CHN-AD-11,UK,GBR,Dichloromethane (Methylene Chloride),2000-12-19,2001-08-15,2001-08-15,A,A,2001-08-15,AVD,2002-04-10,2002-04-10,A,A,2002-04-10,AVD,2012-08-13,2012,AVD,6,39,G/ADP/N/92/CHN,.,Public Notice No.14/2000,Public Notice No.11/2001,7-39,Public Notice No.20/2002,6-39,.,0006AC2620001220,
Q1_2021,China,CHN-AD-16,CHN-AD-11,USA,USA,Dichloromethane (Methylene Chloride),2000-12-19,2001-08-15,2001-08-15,A,A,2001-08-15,AVD,2002-04-10,2002-04-10,A,A,2002-04-10,AVD,2012-08-13,2012,AVD,49,58,G/ADP/N/92/CHN,.,Public Notice No.14/2000,Public Notice No.11/2001,49-58,Public Notice No.20/2002,49-58,.,0006AC2620001220,
Q1_2021,China,CHN-AD-17,CHN-AD-17,South Korea,KOR,Polystyrene,2001-02-08,2001-12-05,2001-12-05,N,N,.,.,.,.,.,.,.,.,.,.,.,.,.,.,.,Public Notice No.02/2001,Public Notice No.13/2001,.,MI,.,.,0007AC2620010209,
Q1_2021,China,CHN-AD-18,CHN-AD-17,Japan,JPN,Polystyrene,2001-02-08,2001-12-05,2001-12-05,N,N,.,.,.,.,.,.,.,.,.,.,.,.,.,.,.,Public Notice No.02/2001,Public Notice No.13/2001,.,MI,.,.,0007AC2620010209,
Q1_2021,China,CHN-AD-19,CHN-AD-17,Thailand,THA,Polystyrene,2001-02-08,2001-12-05,2001-12-05,N,N,.,.,.,.,.,.,.,.,.,.,.,.,.,.,.,Public Notice No.02/2001,Public Notice No.13/2001,.,MI,.,.,0007AC2620010209,
Q1_2021,China,CHN-AD-20,CHN-AD-17,USA,USA,Lysine and its Esters and Salts Thereof,2001-06-13,2001-09-28,2001-09-28,N,N,.,.,.,.,.,.,.,.,.,.,.,.,.,.,.,MI,Public Notice No.13/2001,.,Public Notice No.13/2001,.,.,0008AC2620010619,
Q1_2021,China,CHN-AD-21,CHN-AD-17,Indonesia,IDN,Lysine and its Esters and Salts Thereof,2001-06-13,2001-09-28,2001-09-28,N,N,.,.,.,.,.,.,.,.,.,.,.,.,.,.,.,MI,Public Notice No.13/2001,.,Public Notice No.13/2001,.,.,0008AC2620010619,
Q1_2021,China,CHN-AD-22,CHN-AD-17,South Korea,KOR,Lysine and its Esters and Salts Thereof,2001-06-13,2001-09-28,2001-09-28,N,N,.,.,.,.,.,.,.,.,.,.,.,.,.,.,.,MI,Public Notice No.23/2002,.,Public Notice No.13/2001,.,.,0008AC2620010619,
Q1_2021,China,CHN-AD-23,CHN-AD-23,South Korea,KOR,Polyester Chip,2001-08-02,2002-10-28,2002-10-28,A,A,2002-10-28,AVD,2003-02-02,2003-02-02,A,A,2003-02-02,AVD,2008-02-02,2008,AVD,5,52,G/ADP/N/105/CHN,.,Public Notice No.09/2001,Public Notice No.32/2002,8-52,Public Notice No.03/2003,5-52,.,0009AC2620010803,
Q1_2021,China,CHN-AD-24,CHN-AD-24,South Korea,KOR,Polyester Staple Fibre,2001-08-02,2002-10-21,2002-10-21,A,A,2002-10-21,AVD,2003-01-02,2003-01-02,A,A,2003-01-02,AVD,2008-02-02,2008,AVD,2,48,G/ADP/N/105/CHN,.,Public Notice No.10/2001,Public Notice No.21/2002,4-48,Public Notice No.04/2003,2-48,.,0010AC2820010803,
Q1_2021,China,CHN-AD-25,CHN-AD-25,South Korea,KOR,Esters of Acrylic Acid,2001-08-02,2002-10-21,2002-10-21,A,A,2002-10-21,AVD,2003-01-03,2003-01-03,A,A,2003-01-03,AVD,2009-04-08,2009,AVD,2,20,G/ADP/N/105/CHN,.,Public Notice No.15/2001,Public Notice No.47/2002,11-20,Public Notice No.03/2003,2-20,Public Notice No.18/2009,0011AC2620011010,
Q1_2021,China,CHN-AD-26,CHN-AD-25,Malaysia,MYS,Esters of Acrylic Acid,2001-08-02,2002-10-21,2002-10-21,A,A,2002-10-21,AVD,2003-01-04,2003-01-04,A,A,2003-01-04,AVD,2014-04-07,2014,AVD,4,38,G/ADP/N/105/CHN,.,Public Notice No.15/2001,Public Notice No.47/2002,12-38,Public Notice No.03/2003,4-38,Public Notice No.18/2009,0011AC2620011010,
Q1_2021,China,CHN-AD-27,CHN-AD-25,Singapore,SGP,Esters of Acrylic Acid,2001-08-02,2002-10-21,2002-10-21,A,A,2002-10-21,AVD,2003-01-05,2003-01-05,A,A,2003-01-05,AVD,2014-04-07,2014,AVD,30,49,G/ADP/N/105/CHN,.,Public Notice No.15/2001,Public Notice No.47/2002,46-49,Public Notice No.03/2003,30-49,Public Notice No.18/2009,0011AC2620011010,
Q1_2021,China,CHN-AD-28,CHN-AD-25,Indonesia,IDN,Esters of Acrylic Acid,2001-10-09,2002-12-04,2002-12-04,A,A,2002-12-04,AVD,2003-04-09,2003-04-09,A,A,2003-04-09,AVD,2014-04-07,2014,AVD,11,24,G/ADP/N/105/CHN,.,Public Notice No.15/2001,Public Notice No.47/2002,11-24,Public Notice No.03/2003,11-24,Public Notice No.18/2009,0011AC2620011010,
Q1_2021,China,CHN-AD-29,CHN-AD-29,Belgium,BEL,Hexanelactam (Epsilon-Caprolactam),2001-12-06,2001-12-06,2001-12-06,A,A,2001-12-06,AVD,2003-06-05,2003-06-05,A,A,2003-06-05,AVD,2008-06-05,2008,AVD,6,16,G/ADP/N/105/CHN,.,Public Notice No.21/2001,Public Notice No.56/2002,6-16,Public Notice No.22/2003,6-16,.,0012AC2620011207,
Q1_2021,China,CHN-AD-30,CHN-AD-29,Germany,DEU,Hexanelactam (Epsilon-Caprolactam),2001-12-06,2001-12-06,2001-12-06,A,A,2001-12-06,AVD,2003-06-05,2003-06-05,A,A,2003-06-05,AVD,2008-06-05,2008,AVD,22,28,G/ADP/N/105/CHN,.,Public Notice No.21/2001,Public Notice No.56/2002,28-38,Public Notice No.22/2003,22-38,.,0012AC2620011207,
Q1_2021,China,CHN-AD-31,CHN-AD-29,Russia,RUS,Hexanelactam (Epsilon-Caprolactam),2001-12-06,2001-12-06,2001-12-06,A,A,2001-12-06,AVD,2003-06-05,2003-06-05,A,A,2003-06-05,AVD,2008-06-05,2008,AVD,7,16,G/ADP/N/105/CHN,.,Public Notice No.21/2001,Public Notice No.56/2002,6-29,Public Notice No.22/2003,7-16,.,0012AC2620011207,
Q1_2021,China,CHN-AD-32,CHN-AD-29,Netherlands,NLD,Hexanelactam (Epsilon-Caprolactam),2001-12-06,2001-12-06,2001-12-06,A,A,2001-12-06,AVD,2003-06-05,2003-06-05,A,A,2003-06-05,AVD,2008-06-05,2008,AVD,6,18,G/ADP/N/105/CHN,.,Public Notice No.21/2001,Public Notice No.56/2002,9-18,Public Notice No.22/2003,6-18,.,0012AC2620011207,
Q1_2021,China,CHN-AD-33,CHN-AD-29,Japan,JPN,Hexanelactam (Epsilon-Caprolactam),2001-12-06,2001-12-06,2001-12-06,A,A,2001-12-06,AVD,2003-06-05,2003-06-05,A,A,2003-06-05,AVD,2008-06-05,2008,AVD,5,18,G/ADP/N/105/CHN,.,Public Notice No.21/2001,Public Notice No.56/2002,5-21,Public Notice No.22/2003,5-18,.,0012AC2620011207,
Q1_2021,China,CHN-AD-34,CHN-AD-34,South Korea,KOR,Paper and Paperboard of a kind used for Writing,2002-02-05,2002-11-25,2002-11-25,A,A,2002-11-25,AVD,2003-08-05,2003-08-05,A,A,2003-08-05,AVD,2014-08-04,2014,AVD,4,51,G/ADP/N/112/CHN,.,Public Notice No.04/2002,Public Notice No.45/2002,5.58-51.09,Public Notice No.35/2003,4-51,.,0013AC2220020206,
Q1_2021,China,CHN-AD-35,CHN-AD-34,Japan,JPN,Paper and Paperboard of a kind used for Writing,2002-02-05,2002-11-25,2002-11-25,A,A,2002-11-25,AVD,2003-08-05,2003-08-05,A,A,2003-08-05,AVD,2014-08-04,2014,AVD,9,71,G/ADP/N/112/CHN,.,Public Notice No.04/2002,Public Notice No.45/2002,23.89-71.02,Public Notice No.35/2003,9-71,.,0013AC2220020206,
Q1_2021,China,CHN-AD-36,CHN-AD-34,Finland,FIN,Paper and Paperboard of a kind used for Writing,2002-02-05,2002-11-25,2002-11-25,T,T,.,.,2003-08-05,2003-08-05,T,T,.,.,.,.,.,.,.,.,.,Public Notice No.04/2002,Public Notice No.45/2002,MI,Public Notice No.35/2003,.,.,0013AC2220020206,
Q1_2021,China,CHN-AD-37,CHN-AD-34,USA,USA,Paper and Paperboard of a kind used for Writing,2002-02-05,2002-11-25,2002-11-25,A,A,2002-11-25,AVD,2003-08-05,2003-08-05,T,T,.,.,.,.,.,.,.,.,.,Public Notice No.04/2002,Public Notice No.45/2002,29.65-63.45,Public Notice No.35/2003,.,.,0013AC2220020206,
Q1_2021,China,CHN-AD-38,CHN-AD-38,European Union,EUN,Catechol,2002-02-28,2002-11-03,2002-11-03,A,A,2002-11-03,AVD,2003-08-26,2003-08-26,A,A,2003-08-26,AVD,2014-08-25,2014,AVD,20,79,G/ADP/N/112/CHN,.,Public Notice No.05/2002,Public Notice No.43/2002,50-92,Public Notice No.41/2003,20-79,Public Notice No.53/2009,0014AC2620020301,
Q1_2021,China,CHN-AD-39,CHN-AD-39,Japan,JPN,Phthalic Anhydride,2002-03-05,2003-01-07,2003-01-07,A,A,2003-01-07,AVD,2003-09-02,2003-09-02,A,A,2003-09-02,AVD,2014-08-30,2014,AVD,66,66,G/ADP/N/112/CHN,.,Public Notice No.11/2002,Public Notice No.65/2002,66-66,Public Notice No.13/2001,66-66,Public Notice No.53/2008,0015AC2620020306,
Q1_2021,China,CHN-AD-40,CHN-AD-39,India,IND,Phthalic Anhydride,2002-03-05,2003-01-07,2003-01-07,A,A,2003-01-07,AVD,2003-09-02,2003-09-02,A,A,2003-09-02,AVD,2014-08-30,2014,AVD,13,13,G/ADP/N/112/CHN,.,Public Notice No.04/2002,Public Notice No.65/2002,33-33,Public Notice No.40/2003,13-13,Public Notice No.53/2008,0015AC2620020306,
Q1_2021,China,CHN-AD-41,CHN-AD-39,South Korea,KOR,Phthalic Anhydride,2002-03-05,2003-01-07,2003-01-07,A,A,2003-01-07,AVD,2003-09-02,2003-09-02,A,A,2003-09-02,AVD,2014-08-30,2014,AVD,1.4,13,G/ADP/N/112/CHN,.,Public Notice No.04/2002,Public Notice No.65/2002,14-33,Public Notice No.40/2003,0-13,Public Notice No.53/2008,0015AC2620020306,
Q1_2021,China,CHN-AD-42,CHN-AD-42,South Korea,KOR,Styrene Butadine Rubber (SBR),2002-03-19,2003-04-15,2003-04-15,A,A,2003-04-15,AVD,2003-09-08,2003-09-08,A,A,2003-09-08,AVD,2014-09-07,2014,AVD,7,27,G/ADP/N/112/CHN,.,Public Notice No.14/2002,Public Notice No.08/2003,10-27,Public Notice No.49/2003,7-27,Public Notice No.86/2004,0016AC2620020315,
Q1_2021,China,CHN-AD-43,CHN-AD-42,Japan,JPN,Styrene Butadine Rubber (SBR),2002-03-19,2003-04-15,2003-04-15,A,A,2003-04-15,AVD,2003-09-08,2003-09-08,A,A,2003-09-08,AVD,2014-09-07,2014,AVD,0,33,G/ADP/N/112/CHN,.,Public Notice No.14/2002,Public Notice No.08/2003,0-33,Public Notice No.49/2003,0-33,Public Notice No.86/2004,0016AC2620020315,
Q1_2021,China,CHN-AD-44,CHN-AD-42,Russia,RUS,Styrene Butadine Rubber (SBR),2002-03-19,2003-04-15,2003-04-15,A,A,2003-04-15,AVD,2003-09-08,2003-09-08,A,A,2003-09-08,AVD,2014-09-07,2014,AVD,14,38,G/ADP/N/112/CHN,.,Public Notice No.14/2002,Public Notice No.08/2003,16-46,Public Notice No.49/2003,14-38,Public Notice No.86/2004,0016AC2620020315,
Q1_2021,China,CHN-AD-45,CHN-AD-45,Kazakhstan,KAZ,Cold-Rolled Steel Products,2002-03-19,2003-05-19,2003-05-19,A,A,2003-05-19,AVD,2003-09-23,2003-09-23,A,A,2003-09-23,AVD,2008-09-22,2008,AVD,14,48,G/ADP/N/112/CHN,.,Public Notice No.14/2002,Public Notice No.17/2003,21-48,Public Notice No.50/2003,14-48,Public Notice No.53/2004,0017AC3220020320,
Q1_2021,China,CHN-AD-46,CHN-AD-45,South Korea,KOR,Cold-Rolled Steel Products,2002-03-19,2003-05-19,2003-05-19,A,A,2003-05-19,AVD,2003-09-23,2003-09-23,A,A,2003-09-23,AVD,2008-09-22,2008,AVD,0,40,G/ADP/N/112/CHN,.,Public Notice No.14/2002,Public Notice No.17/2003,9-40,Public Notice No.50/2003,0-40,Public Notice No.53/2004,0017AC3220020320,
Q1_2021,China,CHN-AD-47,CHN-AD-45,Taiwan,TWN,Cold-Rolled Steel Products,2002-03-19,2003-05-19,2003-05-19,A,A,2003-05-19,AVD,2003-09-23,2003-09-23,A,A,2003-09-23,AVD,2008-09-22,2008,AVD,6,55,G/ADP/N/112/CHN,.,Public Notice No.14/2002,Public Notice No.17/2003,8-55,Public Notice No.50/2003,6-55,Public Notice No.53/2004,0017AC3220020320,
Q1_2021,China,CHN-AD-48,CHN-AD-45,Ukraine,UKR,Cold-Rolled Steel Products,2002-03-19,2003-05-19,2003-05-19,A,A,2003-05-19,AVD,2003-09-23,2003-09-23,A,A,2003-09-23,AVD,2008-09-22,2008,AVD,9,49,G/ADP/N/112/CHN,.,Public Notice No.14/2002,Public Notice No.17/2003,12-22,Public Notice No.50/2003,9-49,Public Notice No.53/2004,0017AC3220020320,
Q1_2021,China,CHN-AD-49,CHN-AD-45,Russia,RUS,Cold-Rolled Steel Products,2002-03-19,2003-05-19,2003-05-19,A,A,2003-05-19,AVD,2003-09-23,2003-09-23,A,A,2003-09-23,AVD,2008-09-22,2008,AVD,7,29,G/ADP/N/112/CHN,.,Public Notice No.14/2002,Public Notice No.17/2003,9-29,Public Notice No.50/2003,7-29,Public Notice No.53/2004,0017AC3220020320,
Q1_2021,China,CHN-AD-50,CHN-AD-50,Russia,RUS,Polyvinyl Chloride,2002-03-28,2003-05-11,2003-05-11,A,A,2003-05-11,AVD,2003-09-28,2003-09-28,A,A,2003-09-28,AVD,2015-09-27,2015,AVD/PU,34,47,G/ADP/N/112/CHN,.,Public Notice No.15/2002,Public Notice No.11/2003,34-82,Public Notice No.48/2003,34-47,.,0018AC2620020329,
Q1_2021,China,CHN-AD-51,CHN-AD-50,South Korea,KOR,Polyvinyl Chloride,2002-03-28,2003-05-11,2003-05-11,A,A,2003-05-11,AVD,2003-09-28,2003-09-28,A,A,2003-09-28,AVD,2019-10-29,2019,AVD,6,76,G/ADP/N/112/CHN,.,Public Notice No.15/2002,Public Notice No.11/2003,10-76,Public Notice No.48/2003,6-76,.,0018AC2620020329,
Q1_2021,China,CHN-AD-52,CHN-AD-50,USA,USA,Polyvinyl Chloride,2002-03-28,2003-05-11,2003-05-11,A,A,2003-05-11,AVD,2003-09-28,2003-09-28,A,A,2003-09-28,AVD,2019-10-29,2019,AVD,11,83,G/ADP/N/112/CHN,.,Public Notice No.15/2002,Public Notice No.11/2003,25-83,Public Notice No.48/2003,11-83,.,0018AC2620020329,
Q1_2021,China,CHN-AD-53,CHN-AD-50,Japan,JPN,Polyvinyl Chloride,2002-03-28,2003-05-11,2003-05-11,A,A,2003-05-11,AVD,2003-09-28,2003-09-28,A,A,2003-09-28,AVD,2019-10-29,2019,AVD,7,84,G/ADP/N/112/CHN,.,Public Notice No.15/2002,Public Notice No.11/2003,32-115,Public Notice No.48/2003,7-84,.,0018AC2620020329,
Q1_2021,China,CHN-AD-54,CHN-AD-50,Taiwan,TWN,Polyvinyl Chloride,2002-03-28,2003-05-11,2003-05-11,A,A,2003-05-11,AVD,2003-09-28,2003-09-28,A,A,2003-09-28,AVD,2019-10-29,2019,AVD,10,25,G/ADP/N/112/CHN,.,Public Notice No.15/2002,Public Notice No.11/2003,10-27,Public Notice No.48/2003,10-25,.,0018AC2620020329,
Q1_2021,China,CHN-AD-55,CHN-AD-55,South Korea,KOR,Toluene Diisocyanate,2002-05-21,2003-06-09,2003-06-09,A,A,2003-06-09,AVD,2003-11-21,2003-11-21,A,A,2003-11-21,AVD,2014-11-20,2014,AVD,3,5,G/ADP/N/112/CHN,.,Public Notice No.22/2002,Public Notice No.21/2003,6-22,Public Notice No.61/2003,3-5,MI,0019AC2620020522,
Q1_2021,China,CHN-AD-56,CHN-AD-55,USA,USA,Toluene Diisocyanate,2002-05-21,2003-06-09,2003-06-09,A,A,2003-06-09,AVD,2003-11-21,2003-11-21,A,A,2003-11-21,AVD,2014-11-20,2014,AVD,7,28,G/ADP/N/112/CHN,.,Public Notice No.22/2002,Public Notice No.21/2003,23-28,Public Notice No.61/2003,7-28,MI,0019AC2620020522,
Q1_2021,China,CHN-AD-57,CHN-AD-55,Japan,JPN,Toluene Diisocyanate,2002-05-21,2003-06-09,2003-06-09,A,A,2003-06-09,AVD,2003-11-21,2003-11-21,A,A,2003-11-21,AVD,2014-11-20,2014,AVD,4,49,G/ADP/N/112/CHN,.,Public Notice No.22/2002,Public Notice No.21/2003,19-49,Public Notice No.61/2003,4-49,MI,0019AC2620020522,
Q1_2021,China,CHN-AD-58,CHN-AD-58,South Korea,KOR,Phenol (Hydroxybenzene) and its Salts,2002-07-31,2003-06-08,2003-06-08,A,A,2003-06-08,AVD,2004-01-31,2004-01-31,A,A,2004-01-31,AVD,2015-01-29,2015,AVD,5,16,G/ADP/N/119/CHN,.,Public Notice No.35/2002,Public Notice No.20/2003,10,Public Notice No.02/2004,5-16,Public Notice No.3/2009,0020AC2620020801,
Q1_2021,China,CHN-AD-59,CHN-AD-58,USA,USA,Phenol (Hydroxybenzene) and its Salts,2002-07-31,2003-06-08,2003-06-08,A,A,2003-06-08,AVD,2004-01-31,2004-01-31,A,A,2004-01-31,AVD,2015-01-29,2015,AVD,36,36,G/ADP/N/119/CHN,.,Public Notice No.35/2002,Public Notice No.20/2003,49-49,Public Notice No.02/2004,36-36,Public Notice No.3/2009,0020AC2620020801,
Q1_2021,China,CHN-AD-60,CHN-AD-58,Japan,JPN,Phenol (Hydroxybenzene) and its Salts,2002-07-31,2003-06-08,2003-06-08,A,A,2003-06-08,AVD,2004-01-31,2004-01-31,A,A,2004-01-31,AVD,2015-01-29,2015,AVD,6,144,G/ADP/N/119/CHN,.,Public Notice No.35/2002,Public Notice No.20/2003,7-144,Public Notice No.02/2004,6-144,Public Notice No.3/2009,0020AC2620020801,
Q1_2021,China,CHN-AD-61,CHN-AD-58,Taiwan,TWN,Phenol (Hydroxybenzene) and its Salts,2002-07-31,2003-06-08,2003-06-08,A,A,2003-06-08,AVD,2004-01-31,2004-01-31,A,A,2004-01-31,AVD,2015-01-29,2015,AVD,3,19,G/ADP/N/119/CHN,.,Public Notice No.35/2002,Public Notice No.20/2003,7-20,Public Notice No.02/2004,3-19,Public Notice No.3/2009,0020AC2620020801,
Q1_2021,China,CHN-AD-62,CHN-AD-62,Japan,JPN,Pure MDI Polymeric-MDI,2002-09-19,2003-11-27,2003-11-27,T,T,.,.,.,.,.,.,.,.,.,.,.,.,.,.,.,Public Notice No.38/2002,Public Notice No.13/2001,.,.,.,.,0022AC2620020920,
Q1_2021,China,CHN-AD-63,CHN-AD-62,South Korea,KOR,Pure MDI Polymeric-MDI,2002-09-19,2003-11-27,2003-11-27,T,T,.,.,.,.,.,.,.,.,.,.,.,.,.,.,.,Public Notice No.38/2002,Public Notice No.66/2003,.,.,.,.,0022AC2620020920,
Q1_2021,China,CHN-AD-64,CHN-AD-64,USA,USA,Monoethanolamine Diethanolamine and its Salts,2003-05-13,2004-03-24,2004-03-24,A,A,2004-03-24,AVD,2004-11-13,2004-11-13,A,A,2004-11-13,AVD,2015-11-12,2015,AVD,20,74,G/ADP/N/126/CHN,.,Public Notice No.12/2003,Public Notice No.08/2004,32-112,Public Notice No.57/2004,20-70,Public Notice No.90/2009,0023AC2620030514,
Q1_2021,China,CHN-AD-65,CHN-AD-64,Mexico,MEX,Monoethanolamine Diethanolamine and its Salts,2003-05-13,2004-03-24,2004-03-24,A,A,2004-03-24,AVD,2004-11-13,2004-11-13,A,A,2004-11-13,AVD,2009-11-13,2009,AVD,74,74,G/ADP/N/126/CHN,.,Public Notice No.12/2003,Public Notice No.08/2004,21-21,Public Notice No.57/2004,74-74,.,0023AC2620030514,
Q1_2021,China,CHN-AD-66,CHN-AD-64,Japan,JPN,Monoethanolamine Diethanolamine and its Salts,2003-05-13,2004-03-24,2004-03-24,A,A,2004-03-24,AVD,2004-11-13,2004-11-13,A,A,2004-11-13,AVD,2015-11-12,2015,AVD,74,74,G/ADP/N/126/CHN,.,Public Notice No.12/2003,Public Notice No.08/2004,137-137,Public Notice No.57/2004,74-74,Public Notice No.90/2009,0023AC2620030514,
Q1_2021,China,CHN-AD-67,CHN-AD-64,Taiwan,TWN,Monoethanolamine Diethanolamine and its Salts,2003-05-13,2004-03-24,2004-03-24,A,A,2004-03-24,AVD,2004-11-13,2004-11-13,A,A,2004-11-13,AVD,2015-11-12,2015,AVD,20,74,G/ADP/N/126/CHN,.,Public Notice No.12/2003,Public Notice No.08/2004,23-43,Public Notice No.57/2004,20-74,Public Notice No.90/2009,0023AC2620030514,
Q1_2021,China,CHN-AD-68,CHN-AD-64,Iran,IRN,Monoethanolamine Diethanolamine and its Salts,2003-05-13,2004-03-24,2004-03-24,A,A,2004-03-24,AVD,2004-11-13,2004-11-13,A,A,2004-11-13,AVD,2009-11-13,2009,AVD,26,32,G/ADP/N/126/CHN,.,Public Notice No.12/2003,Public Notice No.08/2004,26-27,Public Notice No.57/2004,26-32,.,0023AC2620030514,
Q1_2021,China,CHN-AD-69,CHN-AD-64,Malaysia,MYS,Monoethanolamine Diethanolamine and its Salts,2003-05-13,2004-03-24,2004-03-24,A,A,2004-03-24,AVD,2004-11-13,2004-11-13,A,A,2004-11-13,AVD,2015-11-12,2015,AVD,9,74,G/ADP/N/126/CHN,.,Public Notice No.12/2003,Public Notice No.08/2004,9-40,Public Notice No.57/2004,9-74,Public Notice No.90/2009,0023AC2620030514,
Q1_2021,China,CHN-AD-70,CHN-AD-64,Germany,DEU,Monoethanolamine Diethanolamine and its Salts,2003-05-13,2004-03-24,.,T,T,.,.,.,.,.,.,.,.,.,.,.,.,.,.,.,.,.,.,.,.,.,.,
Q1_2021,China,CHN-AD-71,CHN-AD-71,USA,USA,Chloroform (Trichloromethane),2003-05-29,2004-04-07,2004-04-07,A,A,2004-04-07,AVD,2004-11-29,2004-11-29,A,A,2004-11-29,AVD,2014-11-29,2014,AVD/PU,96,96,G/ADP/N/126/CHN,.,Public Notice No.15/2003,Public Notice No.09/2004,45-65,Public Notice No.81/2004,96-96,Public Notice No.105/2009,0024AC2620030530,
Q1_2021,China,CHN-AD-72,CHN-AD-71,European Union,EUN,Chloroform (Trichloromethane),2003-05-29,2004-04-07,2004-04-07,A,A,2004-04-07,AVD,2004-11-29,2004-11-29,A,A,2004-11-29,AVD,2014-11-29,2014,AVD/PU,32,96,G/ADP/N/126/CHN,.,Public Notice No.15/2003,Public Notice No.09/2004,16-59,Public Notice No.81/2004,32-96,Public Notice No.105/2009,0024AC2620030530,
Q1_2021,China,CHN-AD-73,CHN-AD-71,India,IND,Chloroform (Trichloromethane),2003-05-29,2004-04-07,2004-04-07,A,A,2004-04-07,AVD,2004-11-29,2004-11-29,A,A,2004-11-29,AVD,2009-11-29,2009,AVD,96,96,G/ADP/N/126/CHN,.,Public Notice No.15/2003,Public Notice No.09/2004,96-96,Public Notice No.81/2004,96-96,.,0024AC2620030530,
Q1_2021,China,CHN-AD-74,CHN-AD-71,South Korea,KOR,Chloroform (Trichloromethane),2003-05-29,2004-04-07,2004-04-07,A,A,2004-04-07,AVD,2004-11-29,2004-11-29,A,A,2004-11-29,AVD,2014-11-29,2014,AVD/PU,96,96,G/ADP/N/126/CHN,.,Public Notice No.15/2003,Public Notice No.09/2004,45-65,Public Notice No.81/2004,96-96,Public Notice No.105/2009,0024AC2620030530,
Q1_2021,China,CHN-AD-75,CHN-AD-75,USA,USA,Dispersion Unshifted Single-Mode Optical Fiber,2003-06-30,2004-06-15,2004-06-15,A,A,2004-06-15,AVD,2005-04-27,2005-04-27,A,A,2005-04-27,AVD,2009-12-30,2009,AVD,1.51,46,G/ADP/N/132/CHN,.,Public Notice No.24/2003,Public Notice No.28/2004,16-46,Public Notice No.96/2004,46-46,Public Notice No.107/2009,0025AC3920030701,
Q1_2021,China,CHN-AD-76,CHN-AD-75,Japan,JPN,Dispersion Unshifted Single-Mode Optical Fiber,2003-06-30,2004-06-15,2004-06-15,A,A,2004-06-15,AVD,2005-04-27,2005-04-27,A,A,2005-04-27,AVD,IF,IF,AVD,46,46,G/ADP/N/132/CHN,.,Public Notice No.24/2003,Public Notice No.28/2004,46-46,Public Notice No.96/2004,46-46,Public Notice No.107/2009,0025AC3920030701,
Q1_2021,China,CHN-AD-77,CHN-AD-75,South Korea,KOR,Dispersion Unshifted Single-Mode Optical Fiber,2003-06-30,2004-06-15,2004-06-15,A,A,2004-06-15,AVD,2005-04-27,2005-04-27,A,A,2005-04-27,AVD,IF,IF,AVD,7,46,G/ADP/N/132/CHN,.,Public Notice No.24/2003,Public Notice No.28/2004,7-46,Public Notice No.96/2004,7-46,Public Notice No.107/2009,0025AC3920030701,
Q1_2021,China,CHN-AD-78,CHN-AD-78,Taiwan,TWN,Of Nylon or Other Polyamides,2003-10-30,2004-08-26,2004-08-26,A,A,2004-08-26,AVD,2005-04-27,2005-04-27,T,T,.,.,.,.,.,.,.,.,.,Public Notice No.56/2003,Public Notice No.43/2004,0-13,Public Notice No.24/2005,.,.,0026AC2820031031,
Q1_2021,China,CHN-AD-79,CHN-AD-79,European Union,EUN,Chloroprene Rubber (CR),2003-11-09,2004-11-30,2004-11-30,A,A,2004-11-30,AVD,2005-04-27,2005-04-27,A,A,2005-04-27,AVD,IF,IF,AVD,11,151,G/ADP/N/132/CHN,.,Public Notice No.68/2003,Public Notice No.69/2004,32-151,Public Notice No.23/2005,11-151,Public Notice No.25/2010,0027AC2620031110,
Q1_2021,China,CHN-AD-80,CHN-AD-79,Japan,JPN,Chloroprene Rubber (CR),2003-11-09,2004-11-30,2004-11-30,A,A,2004-11-30,AVD,2005-04-27,2005-04-27,A,A,2005-04-27,AVD,IF,IF,AVD,2,151,G/ADP/N/132/CHN,.,Public Notice No.68/2003,Public Notice No.69/2004,0-151,Public Notice No.23/2005,2-151,Public Notice No.25/2010,0027AC2620031110,
Q1_2021,China,CHN-AD-81,CHN-AD-79,USA,USA,Chloroprene Rubber (CR),2003-11-09,2004-11-30,2004-11-30,A,A,2004-11-30,AVD,2005-04-27,2005-04-27,A,A,2005-04-27,AVD,IF,IF,AVD,151,151,G/ADP/N/132/CHN,.,Public Notice No.68/2003,Public Notice No.69/2004,151-151,Public Notice No.23/2005,151-151,Public Notice No.25/2010,0027AC2620031110,
Q1_2021,China,CHN-AD-82,CHN-AD-82,South Korea,KOR,Hydrazine and Hydroxylamine and their Inorganic Salts,2003-12-16,2004-08-02,2004-08-02,A,A,2004-08-02,AVD,2005-06-16,2005-06-16,A,A,2005-06-16,DPU,2016-06-15,2016,AVD,28,184,G/ADP/N/132/CHN,.,Public Notice No.68/2003,Public Notice No.38/2004,28-35,Public Notice No.36/2005,28-184,Public Notice No.94/2006,0028AC2620031217,
Q1_2021,China,CHN-AD-83,CHN-AD-82,USA,USA,Hydrazine and Hydroxylamine and their Inorganic Salts,2003-12-16,2004-08-02,2004-08-02,A,A,2004-08-02,AVD,2005-06-16,2005-06-16,A,A,2005-06-16,DPU,2016-06-15,2016,AVD,184,184,G/ADP/N/132/CHN,.,Public Notice No.68/2003,Public Notice No.38/2004,184-184,Public Notice No.36/2005,184-184,Public Notice No.94/2006,0028AC2620031217,
Q1_2021,China,CHN-AD-84,CHN-AD-82,Japan,JPN,Hydrazine and Hydroxylamine and their Inorganic Salts,2003-12-16,2004-08-02,2004-08-02,A,A,2004-08-02,AVD,2005-06-16,2005-06-16,A,A,2005-06-16,DPU,2016-06-15,2016,AVD,184,184,G/ADP/N/132/CHN,.,Public Notice No.68/2003,Public Notice No.38/2004,108-108,Public Notice No.36/2005,184-184,Public Notice No.94/2006,0028AC2620031217,
Q1_2021,China,CHN-AD-85,CHN-AD-82,France,FRA,Hydrazine and Hydroxylamine and Their Inorganic Salts,2003-12-16,2004-08-02,2004-08-02,A,A,2004-08-02,AVD,2005-06-16,2005-06-16,A,A,2005-06-16,DPU,2016-06-15,2016,AVD,68,184,G/ADP/N/132/CHN,.,Public Notice No.68/2003,Public Notice No.38/2004,118-120,Public Notice No.36/2005,68-184,Public Notice No.94/2006,0028AC2620031217,
Q1_2021,China,CHN-AD-86,CHN-AD-86,USA,USA,Unbleached Kraft Liner/Linerboard,2004-03-30,2005-05-30,2005-05-30,A,A,2005-05-30,AVD,2005-09-29,2005-09-29,A,A,2005-09-29,AVD,2006-01-08,2006,AVD,12.9,65.2,G/ADP/N/139/CHN,.,Public Notice No.10/2004,Public Notice No.28/2005,16-65.2,Public Notice No.60/2005,12.9-65.2,.,0029AC2220040331,
Q1_2021,China,CHN-AD-87,CHN-AD-86,Taiwan,TWN,Unbleached Kraft Liner/Linerboard,2004-03-30,2005-05-30,2005-05-30,A,A,2005-05-30,AVD,2005-09-29,2005-09-29,A,A,2005-09-29,AVD,2006-01-08,2006,AVD,9,65.2,G/ADP/N/139/CHN,.,Public Notice No.10/2004,Public Notice No.28/2005,7.2-65.2,Public Notice No.60/2005,7-65.2,.,0029AC2220040331,
Q1_2021,China,CHN-AD-88,CHN-AD-86,Thailand,THA,Unbleached Kraft Liner/Linerboard,2004-03-30,2005-05-30,2005-05-30,A,A,2005-05-30,AVD,2005-09-29,2005-09-29,A,A,2005-09-29,AVD,2006-01-08,2006,AVD,13.2,65.2,G/ADP/N/139/CHN,.,Public Notice No.10/2004,Public Notice No.28/2005,12.8-65.2,Public Notice No.60/2005,13.2-65.2,.,0029AC2220040331,
Q1_2021,China,CHN-AD-89,CHN-AD-86,South Korea,KOR,Unbleached Kraft Liner/Linerboard,2004-03-30,2005-05-30,2005-05-30,A,A,2005-05-30,AVD,2005-09-29,2005-09-29,A,A,2005-09-29,AVD,2006-01-08,2006,AVD,11,65.2,G/ADP/N/139/CHN,.,Public Notice No.10/2004,Public Notice No.28/2005,11-65.2,Public Notice No.60/2005,11-65.2,.,0029AC2220040331,
Q1_2021,China,CHN-AD-90,CHN-AD-90,Japan,JPN,Trichloroethylene,2004-04-15,2005-01-06,2005-01-06,A,A,2005-01-06,AVD,2005-07-21,2005-07-21,A,A,2005-07-21,AVD,2016-07-20,2016,AVD,159,159,G/ADP/N/139/CHN,.,Public Notice No.19/2004,Public Notice No.101/2004,159-159,Public Notice No.37/2005,159-159,Public Notice No.45/2010,0030AC2620040416,
Q1_2021,China,CHN-AD-91,CHN-AD-90,Russia,RUS,Trichloroethylene,2004-04-15,2005-01-06,2005-01-06,A,A,2005-01-06,AVD,2005-07-21,2005-07-21,A,A,2005-07-21,AVD,2016-07-20,2016,AVD,3,159,G/ADP/N/139/CHN,.,Public Notice No.19/2004,Public Notice No.101/2004,5-159,Public Notice No.37/2005,3-159,Public Notice No.45/2010,0030AC2620040416,
Q1_2021,China,CHN-AD-92,CHN-AD-92,South Korea,KOR,Bisphenol-A (BPA),2004-05-11,2005-11-06,2005-11-06,W,W,.,.,.,NaN-NaN-NaN,NaN-NaN-NaN,NaN-NaN-NaN,.,.,.,.,.,.,.,.,.,Public Notice No.19/2004,Public Notice No.13/2001,.,.,.,.,0031AC2620040512,
Q1_2021,China,CHN-AD-93,CHN-AD-92,Japan,JPN,Bisphenol-A (BPA),2004-05-11,2005-11-06,2005-11-06,W,W,.,.,.,NaN-NaN-NaN,NaN-NaN-NaN,NaN-NaN-NaN,.,.,.,.,.,.,.,.,.,Public Notice No.19/2004,Public Notice No.13/2001,.,.,.,.,0031AC2620040512,
Q1_2021,China,CHN-AD-94,CHN-AD-92,Taiwan,TWN,Bisphenol-A (BPA),2004-05-11,2005-11-06,2005-11-06,W,W,.,.,.,NaN-NaN-NaN,NaN-NaN-NaN,NaN-NaN-NaN,.,.,.,.,.,.,.,.,.,Public Notice No.19/2004,Public Notice No.13/2001,.,.,.,.,0031AC2620040512,
Q1_2021,China,CHN-AD-95,CHN-AD-92,Singapore,SGP,Bisphenol-A (BPA),2004-05-11,2005-11-06,2005-11-06,W,W,.,.,.,NaN-NaN-NaN,NaN-NaN-NaN,NaN-NaN-NaN,.,.,.,.,.,.,.,.,.,Public Notice No.19/2004,Public Notice No.13/2001,.,.,.,.,0031AC2620040512,
Q1_2021,China,CHN-AD-96,CHN-AD-92,Russia,RUS,Bisphenol-A (BPA),2004-05-11,2005-11-06,2005-11-06,W,W,.,.,.,NaN-NaN-NaN,NaN-NaN-NaN,NaN-NaN-NaN,.,.,.,.,.,.,.,.,.,Public Notice No.19/2004,Public Notice No.70/2005,.,.,.,.,0031AC2620040512,
Q1_2021,China,CHN-AD-97,CHN-AD-97,USA,USA,Dimethyl Cyclosiloxane or Cyclic Dimethyl Siloxane,2004-07-15,2005-09-28,2005-09-28,A,A,2005-09-28,AVD,2006-01-15,2006-01-15,A,A,2006-01-15,AVD,2011-01-15,2011,AVD,13,22,G/ADP/N/145/CHN,.,Public Notice No.36/2004,Public Notice No.46/2005,13-35,Public Notice No.123/2005,13-22,.,0032AC2620040716,
Q1_2021,China,CHN-AD-98,CHN-AD-97,Japan,JPN,Dimethyl Cyclosiloxane or Cyclic Dimethyl Siloxane,2004-07-15,2005-09-28,2005-09-28,A,A,2005-09-28,AVD,2006-01-15,2006-01-15,A,A,2006-01-15,AVD,2011-01-15,2011,AVD,13,22,G/ADP/N/145/CHN,.,Public Notice No.36/2004,Public Notice No.46/2005,16-35,Public Notice No.123/2005,14-22,.,0032AC2620040716,
Q1_2021,China,CHN-AD-99,CHN-AD-97,UK,GBR,Dimethyl Cyclosiloxane or Cyclic Dimethyl Siloxane,2004-07-15,2005-09-28,2005-09-28,A,A,2005-09-28,AVD,2006-01-15,2006-01-15,A,A,2006-01-15,AVD,2011-01-15,2011,AVD,13,22,G/ADP/N/145/CHN,.,Public Notice No.36/2004,Public Notice No.46/2005,13-35,Public Notice No.123/2005,13-22,.,0032AC2620040716,
Q1_2021,China,CHN-AD-100,CHN-AD-97,Germany,DEU,Dimethyl Cyclosiloxane or Cyclic Dimethyl Siloxane,2004-07-15,2005-09-28,2005-09-28,A,A,2005-09-28,AVD,2006-01-15,2006-01-15,A,A,2006-01-15,AVD,2011-01-15,2011,AVD,13,22,G/ADP/N/145/CHN,.,Public Notice No.36/2004,Public Notice No.46/2005,35-35,Public Notice No.123/2005,22-22,.,0032AC2620040716,
Q1_2021,China,CHN-AD-101,CHN-AD-101,Netherlands,NLD,Ethylenepropylenenonconjugated Diene Rubber (EPDM),2004-08-09,2005-11-15,2005-11-15,A,A,2005-11-15,AVD,2006-02-08,2006-02-08,W,W,.,.,.,.,.,.,.,.,.,Public Notice No.42/2004,Public Notice No.76/2005,6-43,Public Notice No.9/2006,MI,.,0033AC2620040810,
Q1_2021,China,CHN-AD-102,CHN-AD-101,USA,USA,Ethylenepropylenenonconjugated Diene Rubber (EPDM),2004-08-09,2005-11-15,2005-11-15,A,A,2005-11-15,AVD,2006-02-08,2006-02-08,W,W,.,.,.,.,.,.,.,.,.,Public Notice No.42/2004,Public Notice No.76/2005,3-43,Public Notice No.9/2006,MI,.,0033AC2620040810,
Q1_2021,China,CHN-AD-103,CHN-AD-101,South Korea,KOR,Ethylenepropylenenonconjugated Diene Rubber (EPDM),2004-08-09,2005-11-15,2005-11-15,A,A,2005-11-15,AVD,2006-02-08,2006-02-08,W,W,.,.,.,.,.,.,.,.,.,Public Notice No.42/2004,Public Notice No.76/2005,11-43,Public Notice No.9/2006,MI,.,0033AC2620040810,
Q1_2021,China,CHN-AD-104,CHN-AD-104,European Union,EUN,Benzofuranol 7-Hydroxy or Furan Phenol,2004-08-11,2005-06-15,2005-06-15,A,A,2005-06-15,AVD,2006-02-11,2006-02-11,A,A,2006-02-11,DPU,2011-02-11,2011,DPU,113.2,113.2,G/ADP/N/145/CHN,.,Public Notice No.41/2004,Public Notice No.32/2005,113.2,Public Notice No.7/2006,113.2,.,0034AC2620040812,
Q1_2021,China,CHN-AD-105,CHN-AD-104,Japan,JPN,Benzofuranol 7-Hydroxy or Furan Phenol,2004-08-11,2005-06-15,2005-06-15,A,A,2005-06-15,AVD,2006-02-11,2006-02-11,A,A,2006-02-11,DPU,2011-02-11,2011,DPU,113.2,113.2,G/ADP/N/145/CHN,.,Public Notice No.41/2004,Public Notice No.32/2005,113.2,Public Notice No.7/2006,113.2,.,0034AC2620040812,
Q1_2021,China,CHN-AD-106,CHN-AD-104,USA,USA,Benzofuranol 7-Hydroxy or Furan Phenol,2004-08-11,2005-06-15,2005-06-15,A,A,2005-06-15,AVD,2006-02-11,2006-02-11,A,A,2006-02-11,DPU,2011-02-11,2011,DPU,44,44,G/ADP/N/145/CHN,.,Public Notice No.41/2004,Public Notice No.32/2005,74.6-113.2,Public Notice No.7/2006,44-113.2,.,0034AC2620040812,
Q1_2021,China,CHN-AD-107,CHN-AD-107,South Korea,KOR,Disodium 5'-Inosinate Disodium 5'-Guanylate Disodium 5’-Ribonucleotide,2004-11-11,2005-08-03,2005-08-03,A,A,2005-08-03,AVD,2006-05-11,2006-05-11,A,A,2006-05-11,AVD,2011-05-11,2011,DPU,25,119,G/ADP/N/145/CHN,.,Public Notice No.67/2004,MI,MI,Public Notice No.24/2006,25-119,.,0035AC1420041112,
Q1_2021,China,CHN-AD-108,CHN-AD-107,Japan,JPN,Disodium 5'-Inosinate Disodium 5'-Guanylate Disodium 5’-Ribonucleotide,2004-11-11,2005-08-03,2005-08-03,A,A,2005-08-03,AVD,2006-05-11,2006-05-11,A,A,2006-05-11,AVD,2011-05-11,2011,DPU,25,119,G/ADP/N/145/CHN,.,Public Notice No.67/2004,MI,MI,Public Notice No.24/2006,119,.,0035AC1420041112,
Q1_2021,China,CHN-AD-109,CHN-AD-109,South Korea,KOR,Epichlorohydrin (ECH),2004-12-27,2005-09-20,2005-09-20,A,A,2005-09-20,AVD,2006-06-27,2006-06-27,A,A,2006-06-27,AVD,2017-06-26,2017,DPU,3.8,71.5,G/ADP/N/145/CHN,.,Public Notice No.91/2004,MI,4.3-71.5,Public Notice No.44/2006,3.8-71.5,.,0036AC2820041228,
Q1_2021,China,CHN-AD-110,CHN-AD-109,USA,USA,Epichlorohydrin (ECH),2004-12-27,2005-09-20,2005-09-20,A,A,2005-09-20,AVD,2006-06-27,2006-06-27,A,A,2006-06-28,AVD,2017-06-26,2017,DPU,4.3,71.5,G/ADP/N/145/CHN,.,Public Notice No.91/2004,MI,4.3-71.5,Public Notice No.44/2006,4-71.5,.,0036AC2820041228,
Q1_2021,China,CHN-AD-111,CHN-AD-109,Japan,JPN,Epichlorohydrin (ECH),2004-12-27,2005-09-20,2005-09-20,A,A,2005-09-20,AVD,2006-06-27,2006-06-27,A,A,2006-06-29,AVD,2017-06-26,2017,DPU,0,71.5,G/ADP/N/145/CHN,.,Public Notice No.91/2004,MI,0-71.5,Public Notice No.44/2006,0-71.5,.,0036AC2820041228,
Q1_2021,China,CHN-AD-112,CHN-AD-109,Russia,RUS,Epichlorohydrin (ECH),2004-12-27,2005-09-20,2005-09-20,A,A,2005-09-20,AVD,2006-06-27,2006-06-27,A,A,2006-06-30,AVD,2017-06-26,2017,DPU,5.4,71.5,G/ADP/N/145/CHN,.,Public Notice No.91/2004,MI,8.6-71.5,Public Notice No.44/2006,5.4-71.5,.,0036AC2820041228,
Q1_2021,China,CHN-AD-113,CHN-AD-113,USA,USA,Spendex (or Spandex),2005-04-12,2006-05-23,2006-05-23,A,A,2006-05-23,MI,2006-10-18,2006-10-18,A,A,2006-10-12,AVD,2017-10-11,2017,MI,61,61,G/ADP/N/153/CHN,.,Public Notice No.19/2005,Public Notice No.33/2005,61,Public Notice No.74/2006,61,.,0037AC2820050413,
Q1_2021,China,CHN-AD-114,CHN-AD-113,Japan,JPN,Spendex (or Spandex),2005-04-12,2006-05-23,2006-05-23,A,A,2006-05-24,MI,2006-10-18,2006-10-18,A,A,2006-10-12,AVD,2017-10-11,2017,MI,12.87,61,G/ADP/N/153/CHN,.,Public Notice No.19/2005,Public Notice No.33/2006,13.87-61,Public Notice No.74/2006,12.87-61,.,0037AC2820050413,
Q1_2021,China,CHN-AD-115,CHN-AD-113,Taiwan,TWN,Spendex (or Spandex),2005-04-12,2006-05-23,2006-05-23,A,A,2006-05-25,MI,2006-10-18,2006-10-18,A,A,2006-10-12,AVD,2017-10-11,2017,MI,5.19,61,G/ADP/N/153/CHN,.,Public Notice No.19/2005,Public Notice No.33/2007,5.09-61,Public Notice No.74/2006,5.19-61,.,0037AC2820050413,
Q1_2021,China,CHN-AD-116,CHN-AD-113,Singapore,SGP,Spendex (or Spandex),2005-04-12,2006-05-23,2006-05-23,A,A,2006-05-26,MI,2006-10-18,2006-10-18,A,A,2006-10-12,AVD,2017-10-11,2017,MI,10.85,61,G/ADP/N/153/CHN,.,Public Notice No.19/2005,Public Notice No.33/2008,11.5-61,Public Notice No.74/2006,10.85-61,.,0037AC2820050413,
Q1_2021,China,CHN-AD-117,CHN-AD-113,South Korea,KOR,Spendex (or Spandex),2005-04-12,2006-05-23,2006-05-23,A,A,2006-05-27,MI,2006-10-18,2006-10-18,A,A,2006-10-12,AVD,2017-10-11,2017,MI,0,61,G/ADP/N/153/CHN,.,Public Notice No.19/2005,Public Notice No.33/2009,0-61,Public Notice No.74/2006,0-61,.,0037AC2820050413,
Q1_2021,China,CHN-AD-118,CHN-AD-118,Japan,JPN,O-Dihydroxybenzene (Catechol Pyrocatechol),2005-05-30,2005-12-13,2005-12-13,A,A,2005-12-01,AVD,2006-05-21,2006-05-21,A,A,2006-05-21,AVD,2017-05-20,2017,DPU,42.86,42.86,G/ADP/N/145/CHN,.,Public Notice No.29/2005,Public Notice No.82/2005,42.86,Public Notice No.32/2006,42.86,.,0038AC2620050531,
Q1_2021,China,CHN-AD-119,CHN-AD-118,USA,USA,O-Dihydroxybenzene (Catechol Pyrocatechol),2005-05-30,2005-12-13,2005-12-13,A,A,2005-12-01,AVD,2006-05-21,2006-05-21,A,A,2006-05-21,AVD,2017-05-20,2017,DPU,4,46.81,G/ADP/N/145/CHN,.,Public Notice No.29/2005,Public Notice No.82/2005,6-46.81,Public Notice No.32/2006,4-46.81,.,0038AC2620050531,
Q1_2021,China,CHN-AD-120,CHN-AD-120,Taiwan,TWN,Polybutylene Terephthalate Resin (PBT),2005-06-05,2006-03-21,2006-03-21,A,A,2006-03-21,AVD,2006-07-23,2006-07-23,A,A,2006-07-21,AVD,2011-07-21,2011,AVD,6.24,17.31,G/ADP/N/153/CHN,.,Public Notice No.30/2005,Public Notice No.15/2006,12.78-17.31,Public Notice No.42/2006,6.24-17.31,.,0039AC2620050606,
Q1_2021,China,CHN-AD-121,CHN-AD-120,Japan,JPN,Polybutylene Terephthalate Resin (PBT),2005-06-05,2006-03-21,2006-03-21,A,A,2006-03-21,AVD,2006-07-23,2006-07-23,A,A,2006-07-21,AVD,2011-07-21,2011,AVD,6.24,17.31,G/ADP/N/153/CHN,.,Public Notice No.30/2005,Public Notice No.15/2006,17.31,Public Notice No.42/2006,17.31,.,0039AC2620050606,
Q1_2021,China,CHN-AD-122,CHN-AD-122,European Union,EUN,Glassine and Other Glazed Transparent or Translucent Papers,2005-06-12,2006-06-15,2006-06-15,A,A,2006-06-15,AVD,2006-12-11,2006-12-11,A,A,2006-12-12,AVD,2011-12-12,2011,AVD,10,42.08,G/ADP/N/153/CHN,.,Public Notice No.34/2005,Public Notice No.45/2006,10.35-42.79,Public Notice No.93/2006,10-42.8,.,0040AC2220050613,
Q1_2021,China,CHN-AD-123,CHN-AD-122,USA,USA,Glassine and Other Glazed Transparent or Translucent Papers,2005-06-12,2006-06-15,2006-06-15,A,A,2006-06-15,AVD,2006-12-11,2006-12-11,A,A,2006-12-12,AVD,2011-12-12,2011,AVD,4.1,42.8,G/ADP/N/153/CHN,.,Public Notice No.34/2005,Public Notice No.45/2006,26.64-42.79,Public Notice No.93/2006,4.1-42.8,.,0040AC2220050613,
Q1_2021,China,CHN-AD-124,CHN-AD-124,European Union,EUN,Octanol (Octyl Alcohol) and Isomers Thereof,2005-09-14,2007-01-30,2007-01-30,A,N,.,.,.,.,.,.,.,.,.,.,.,.,.,.,.,Public Notice No.58/2005,Public Notice No.4/2007,.,.,.,.,0041AC2620050915,
Q1_2021,China,CHN-AD-125,CHN-AD-124,Japan,JPN,Octanol (Octyl Alcohol) and Isomers Thereof,2005-09-14,2007-01-30,2007-01-30,A,N,.,.,.,.,.,.,.,.,.,.,.,.,.,.,.,Public Notice No.58/2005,Public Notice No.4/2007,.,.,.,.,0041AC2620050915,
Q1_2021,China,CHN-AD-126,CHN-AD-124,Saudi Arabia,SAU,Octanol (Octyl Alcohol) and Isomers Thereof,2005-09-14,2007-01-30,2007-01-30,A,N,.,.,.,.,.,.,.,.,.,.,.,.,.,.,.,Public Notice No.58/2005,Public Notice No.4/2007,.,.,.,.,0041AC2620050915,
Q1_2021,China,CHN-AD-127,CHN-AD-124,Indonesia,IDN,Octanol (Octyl Alcohol) and Isomers Thereof,2005-09-14,2007-01-30,2007-01-30,A,N,.,.,.,.,.,.,.,.,.,.,.,.,.,.,.,Public Notice No.58/2005,Public Notice No.4/2007,.,.,.,.,0041AC2620050915,
Q1_2021,China,CHN-AD-128,CHN-AD-124,South Korea,KOR,Octanol (Octyl Alcohol) and Isomers Thereof,2005-09-14,2007-01-30,2007-01-30,A,N,.,.,.,.,.,.,.,.,.,.,.,.,.,.,.,Public Notice No.58/2005,Public Notice No.4/2007,.,.,.,.,0041AC2620050915,
Q1_2021,China,CHN-AD-129,CHN-AD-129,Malaysia,MYS,Butan-1-Ol (N-Butyl Alcohol),2005-10-13,2007-03-01,2007-03-01,A,N,.,.,.,.,.,.,.,.,.,.,.,.,.,.,.,Public Notice No.66/2005,Public Notice No.10/2007,.,.,.,.,0042AC2620051014,
Q1_2021,China,CHN-AD-130,CHN-AD-129,USA,USA,Butan-1-Ol (N-Butyl Alcohol),2005-10-13,2007-03-01,2007-03-01,A,N,.,.,.,.,.,.,.,.,.,.,.,.,.,.,.,Public Notice No.66/2005,Public Notice No.10/2007,.,.,.,.,0042AC2620051014,
Q1_2021,China,CHN-AD-131,CHN-AD-129,South Africa,ZAF,Butan-1-Ol (N-Butyl Alcohol),2005-10-13,2007-03-01,2007-03-01,A,N,.,.,.,.,.,.,.,.,.,.,.,.,.,.,.,Public Notice No.66/2005,Public Notice No.10/2007,.,.,.,.,0042AC2620051014,
Q1_2021,China,CHN-AD-132,CHN-AD-129,European Union,EUN,Butan-1-Ol (N-Butyl Alcohol),2005-10-13,2007-03-01,2007-03-01,A,N,.,.,.,.,.,.,.,.,.,.,.,.,.,.,.,Public Notice No.66/2005,Public Notice No.10/2007,.,.,.,.,0042AC2620051014,
Q1_2021,China,CHN-AD-133,CHN-AD-129,Japan,JPN,Butan-1-Ol (N-Butyl Alcohol),2005-10-13,2007-03-01,2007-03-01,A,N,.,.,.,.,.,.,.,.,.,.,.,.,.,.,.,Public Notice No.66/2005,Public Notice No.10/2007,.,.,.,.,0042AC2620051014,
Q1_2021,China,CHN-AD-134,CHN-AD-129,Russia,RUS,Butan-1-Ol (N-Butyl Alcohol),2005-10-13,2007-03-01,2007-03-01,A,N,.,.,.,.,.,.,.,.,.,.,.,.,.,.,.,Public Notice No.66/2005,Public Notice No.10/2007,.,.,.,.,0042AC2620051014,
Q1_2021,China,CHN-AD-135,CHN-AD-135,India,IND,Octylphenol Nonylphenol and their Isomers and Salts Thereof,2005-12-28,2006-07-09,2006-07-09,A,A,2006-07-09,AVD,2007-03-27,2007-03-27,A,A,2007-03-28,AVD,IF,IF,AVD,12.22,20.38,G/ADP/N/158/CHN,.,Public Notice No.102/2005,Public Notice No.51/2006,17.96-20.38,Public Notice No.11/2007,12.22-20.38,.,0043AC2620051229,
Q1_2021,China,CHN-AD-136,CHN-AD-135,Taiwan,TWN,Octylphenol Nonylphenol and their Isomers and Salts Thereof,2005-12-28,2006-07-09,2006-07-09,A,A,2006-07-09,AVD,2007-03-27,2007-03-27,A,A,2007-03-28,AVD,IF,IF,AVD,4.08,20.38,G/ADP/N/158/CHN,.,Public Notice No.102/2005,Public Notice No.51/2006,9.07-20.38,Public Notice No.11/2007,4.08-20.38,.,0043AC2620051229,
Q1_2021,China,CHN-AD-137,CHN-AD-137,European Union,EUN,Potato Starch,2006-02-05,2006-08-17,2006-08-17,A,A,2006-08-17,AVD,2007-02-05,2007-02-05,A,A,2007-02-05,AVD,IF,IF,AVD,17,35,G/ADP/N/158/CHN,.,Public Notice No.04/2006,Public Notice No.60/2006,35-57.1,Public Notice No.8/2007,17-35,Public Notice No.22/2010,0044AC1320060206,
Q1_2021,China,CHN-AD-138,CHN-AD-138,Japan,JPN,Paper for Electrolytic Capacitor,2006-04-17,2006-10-18,2006-10-18,A,A,2006-10-19,AVD,2007-04-16,2007-04-16,A,A,2007-04-17,AVD,IF,IF,AVD,15,40.83,G/ADP/N/158/CHN,.,Public Notice No.28/2006,Public Notice No.80/2006,15-40.83,Public Notice No.30/2007,15-40.83,.,MI,
Q1_2021,China,CHN-AD-139,CHN-AD-139,India,IND,Sulfamethoxazole or Sulphamethoxazole or SMZ,2006-06-15,2007-01-31,2007-01-31,A,A,2007-01-31,AVD,2007-06-14,2007-06-14,A,A,2007-06-15,AVD,2018-06-07,2018,AVD,10.1,37.7,G/ADP/N/158/CHN,.,Public Notice No.43/2006,Public Notice No.24/2007,15.2-37.7,Public Notice No.48/2007,10.1-37.7,.,MI,source of revocation: Ministry of Commerce website
Q1_2021,China,CHN-AD-140,CHN-AD-140,Japan,JPN,Bisphenol-A (BPA),2006-08-29,2007-03-20,2007-03-20,A,A,2007-03-20,AVD,2007-08-28,2007-08-28,A,A,2007-08-29,AVD,IF,IF,AVD,6.1,37.1,G/ADP/N/166/CHN,.,Public Notice No.69/2006,Public Notice No.24/2007,6.2-37.1,Public Notice No.68/2007,6.1-37.1,.,MI,
Q1_2021,China,CHN-AD-141,CHN-AD-140,Singapore,SGP,Bisphenol-A (BPA),2006-08-29,2007-03-20,2007-03-20,A,A,2007-03-20,AVD,2007-08-28,2007-08-28,A,A,2007-08-29,AVD,IF,IF,AVD,5,37.1,G/ADP/N/166/CHN,.,Public Notice No.69/2006,Public Notice No.24/2007,6-37.1,Public Notice No.68/2007,5.0-37.1,.,MI,
Q1_2021,China,CHN-AD-142,CHN-AD-140,South Korea,KOR,Bisphenol-A (BPA),2006-08-29,2007-03-20,2007-03-20,A,A,2007-03-20,AVD,2007-08-28,2007-08-28,A,A,2007-08-29,AVD,IF,IF,AVD,5.8,37.1,G/ADP/N/166/CHN,.,Public Notice No.69/2006,Public Notice No.24/2007,6.9-37.1,Public Notice No.68/2007,5.8-37.1,.,MI,
Q1_2021,China,CHN-AD-143,CHN-AD-140,Taiwan,TWN,Bisphenol-A (BPA),2006-08-29,2007-03-20,2007-03-20,A,A,2007-03-20,AVD,2007-08-28,2007-08-28,A,A,2007-08-29,AVD,IF,IF,AVD,5.3,37.1,G/ADP/N/166/CHN,.,Public Notice No.69/2006,Public Notice No.24/2007,5.3-37.1,Public Notice No.68/2007,5.3-37.1,.,MI,
Q1_2021,China,CHN-AD-144,CHN-AD-144,Japan,JPN,Methyl Ethyl Ketone (MEK) or Butanone or 2-Butanone,2006-11-21,2007-08-07,2007-08-07,A,A,2007-08-07,AVD,2007-11-20,2007-11-20,A,A,2007-11-21,AVD,2019-11-19,2019,AVD,9.6,66.4,G/ADP/N/166/CHN,.,Public Notice No.92/2006,Public Notice No.67/2007,9.6-66.45,Public Notice No.81/2007,9.6-66.4,.,MI,
Q1_2021,China,CHN-AD-145,CHN-AD-144,Taiwan,TWN,Methyl Ethyl Ketone (MEK) or Butanone or 2-Butanone,2006-11-21,2007-08-07,2007-08-07,A,A,2007-08-08,AVD,2007-11-20,2007-11-20,A,A,2007-11-21,AVD,2019-11-19,2019,AVD,25,25,G/ADP/N/166/CHN,.,Public Notice No.92/2006,Public Notice No.67/2007,25.07,Public Notice No.81/2007,25,.,MI,
Q1_2021,China,CHN-AD-146,CHN-AD-144,Singapore,SGP,Methyl Ethyl Ketone (MEK) or Butanone or 2-Butanone,2006-11-21,2007-08-07,2007-08-07,A,A,2007-08-09,AVD,2007-11-20,2007-11-20,A,A,2007-11-21,AVD,2012-11-20,2012,AVD,17,17,G/ADP/N/166/CHN,.,Public Notice No.92/2006,Public Notice No.67/2007,17.01,Public Notice No.81/2007,17,.,MI,
Q1_2021,China,CHN-AD-147,CHN-AD-147,Japan,JPN,Acetone/Dimethyl Ketone or 2-Propanone,2007-03-08,2007-11-21,2007-11-21,A,A,2007-11-22,AVD,2008-06-09,2008-06-09,A,A,2008-06-08,AVD,IF,IF,AVD,7.2,51.6,G/ADP/N/173/CHN,.,Public Notice No.12/2007,Public Notice No.95/2007,10.7-52.4,Public Notice No.40/2008,7.2-51.6,.,MI,
Q1_2021,China,CHN-AD-148,CHN-AD-147,Singapore,SGP,Acetone/Dimethyl Ketone or 2-Propanone,2007-03-08,2007-11-21,2007-11-21,A,A,2007-11-22,AVD,2008-06-09,2008-06-09,A,A,2008-06-08,AVD,IF,IF,AVD,6.7,51.6,G/ADP/N/173/CHN,.,Public Notice No.12/2007,Public Notice No.95/2007,7.8-54.1,Public Notice No.40/2008,6.7-51.6,.,MI,
Q1_2021,China,CHN-AD-149,CHN-AD-147,South Korea,KOR,Acetone/Dimethyl Ketone or 2-Propanone,2007-03-08,2007-11-21,2007-11-21,A,A,2007-11-22,AVD,2008-06-09,2008-06-09,A,A,2008-06-08,AVD,IF,IF,AVD,5,51.6,G/ADP/N/173/CHN,.,Public Notice No.12/2007,Public Notice No.95/2007,5-52.9,Public Notice No.40/2008,5-51.6,.,MI,
Q1_2021,China,CHN-AD-150,CHN-AD-147,Taiwan,TWN,Acetone/Dimethyl Ketone or 2-Propanone,2007-03-08,2007-11-21,2007-11-21,A,A,2007-11-22,AVD,2008-06-09,2008-06-09,A,A,2008-06-08,AVD,IF,IF,AVD,6.2,51.6,G/ADP/N/173/CHN,.,Public Notice No.12/2007,Public Notice No.95/2007,6.2-51.6,Public Notice No.40/2008,6.2-51.6,.,MI,
Q1_2021,China,CHN-AD-151,CHN-AD-151,South Korea,KOR,Dimethyl Cyclosiloxane or Cyclic Dimethyl Siloxane,2008-05-27,2008-11-05,2008-11-05,A,A,2008-11-06,AVD,2009-06-01,2009-06-01,A,A,2009-05-27,AVD,2014-05-27,2014,AVD,25.1,25.1,G/ADP/N/188/CHN,.,Public Notice No.35/2008,Public Notice No.87/2007,25.1,Public Notice No.31/2009,25.1,.,MI,
Q1_2021,China,CHN-AD-152,CHN-AD-151,Thailand,THA,Dimethyl Cyclosiloxane or Cyclic Dimethyl Siloxane,2008-05-27,2008-11-05,2008-11-05,A,A,2008-11-06,AVD,2009-06-01,2009-06-01,A,A,2009-05-28,AVD,2014-05-27,2014,AVD,5.4,21.8,G/ADP/N/188/CHN,.,Public Notice No.35/2008,Public Notice No.87/2007,5.4-21.8,Public Notice No.31/2009,5.4-21.8,.,MI,
Q1_2021,China,CHN-AD-153,CHN-AD-153,Japan,JPN,Gas Chromatograph-Mass Spectrometer (GC/MS),2008-06-04,.,.,W,W,.,.,.,.,.,.,.,.,.,.,.,.,.,.,.,Public Notice No.34/2008,.,.,.,.,.,MI,
Q1_2021,China,CHN-AD-154,CHN-AD-154,Saudi Arabia,SAU,1.4-Butanediol or BDO,2008-09-24,2009-05-06,2009-05-06,A,A,2009-05-05,AVD,2009-12-23,2009-12-23,A,A,2009-12-24,AVD,2014-12-24,2014,AVD,4.5,13.6,G/ADP/N/195/CHN,.,MI,Public Notice No.26/2009,20.9-31.6,Public Notice No.106/2009,4.5-13.6,.,MI,
Q1_2021,China,CHN-AD-155,CHN-AD-154,Taiwan,TWN,1.4-Butanediol or BDO,2008-09-24,2009-05-06,2009-05-06,A,A,2009-05-05,AVD,2009-12-23,2009-12-23,A,A,2009-12-24,AVD,2014-12-24,2014,AVD,4.6,13.6,G/ADP/N/195/CHN,.,MI,Public Notice No.26/2009,9.3-31.6,Public Notice No.106/2009,4.6-13.6,.,MI,
Q1_2021,China,CHN-AD-156,CHN-AD-156,South Korea,KOR,Adipic Acid or AA,2008-11-09,2009-06-25,2009-06-25,A,A,2009-06-26,AVD,2009-10-31,2009-10-31,A,A,2009-11-01,AVD,IF,IF,AVD,5,16.7,G/ADP/N/195/CHN,.,Public Notice No.88/2008,Public Notice No.48/2009,5.7-16.7,Public Notice No.78/2009,5.0-16.7,.,MI,
Q1_2021,China,CHN-AD-157,CHN-AD-156,European Union,EUN,Adipic Acid or AA,2008-11-09,2009-06-25,2009-06-25,A,A,2009-06-26,AVD,2009-10-31,2009-10-31,A,A,2009-11-01,AVD,IF,IF,AVD,7.4,16.7,G/ADP/N/195/CHN,.,Public Notice No.88/2008,Public Notice No.48/2009,11.3-30.3,Public Notice No.78/2009,7.4-16.7,.,MI,
Q1_2021,China,CHN-AD-158,CHN-AD-156,USA,USA,Adipic Acid or AA,2008-11-09,2009-06-25,2009-06-25,A,A,2009-06-26,AVD,2009-10-31,2009-10-31,A,A,2009-11-01,AVD,IF,IF,AVD,16.8,35.4,G/ADP/N/195/CHN,.,Public Notice No.88/2008,Public Notice No.48/2009,16.8-35.4,Public Notice No.78/2009,16.8-35.4,.,MI,
Q1_2021,China,CHN-AD-159,CHN-AD-159,USA,USA,Polyamide-6.6,2008-11-16,2009-06-24,2009-06-24,A,A,2009-06-25,AVD,2009-10-11,2009-10-11,A,A,2009-10-12,AVD,IF,IF,AVD,25.2,37.5,G/ADP/N/195/CHN,.,Public Notice No.89/2008,Public Notice No.44/2009,20.2-34.4,Public Notice No.79/2009,25.2-37.5,.,MI,
Q1_2021,China,CHN-AD-160,CHN-AD-159,Italy,ITA,Polyamide-6.6,2008-11-16,2009-06-24,2009-06-24,A,A,2009-06-25,AVD,2009-10-11,2009-10-11,A,A,2009-10-12,AVD,IF,IF,AVD,5.3,20.9,G/ADP/N/195/CHN,.,Public Notice No.89/2008,Public Notice No.44/2009,10.9-20.9,Public Notice No.79/2009,5.3-20.9,.,MI,
Q1_2021,China,CHN-AD-161,CHN-AD-159,UK,GBR,Polyamide-6.6,2008-11-16,2009-06-24,2009-06-24,A,A,2009-06-25,AVD,2009-10-11,2009-10-11,A,A,2009-10-12,AVD,2015-10-12,2015,AVD,20.9,20.9,G/ADP/N/195/CHN,.,Public Notice No.89/2008,Public Notice No.44/2009,28.8,Public Notice No.79/2009,20.9,.,MI,
Q1_2021,China,CHN-AD-162,CHN-AD-159,France,FRA,Polyamide-6.6,2008-11-16,2009-06-24,2009-06-24,A,A,2009-06-25,AVD,2009-10-11,2009-10-11,A,A,2009-10-12,AVD,IF,IF,AVD,20.9,20.9,G/ADP/N/195/CHN,.,Public Notice No.89/2008,Public Notice No.44/2009,33.7,Public Notice No.79/2009,20.9,.,MI,
Q1_2021,China,CHN-AD-163,CHN-AD-159,Taiwan,TWN,Polyamide-6.6,2008-11-16,2009-06-24,2009-06-24,A,A,2009-06-25,AVD,2009-10-11,2009-10-11,A,A,2009-10-12,AVD,IF,IF,AVD,20.9,20.9,G/ADP/N/195/CHN,.,Public Notice No.89/2008,Public Notice No.44/2009,37.5,Public Notice No.79/2009,20.9,.,MI,
Q1_2021,China,CHN-AD-164,CHN-AD-164,European Union,EUN,Certain Iron or Steel Fasteners,2008-12-28,2009-12-22,2009-12-22,A,A,2009-12-27,AVD,2010-06-27,2010-06-27,A,A,2010-06-28,AVD,IF,IF,AVD,6.1,26,G/ADP/N/202/CHN,.,Public Notice No.115/2008,Public Notice No.115/2009,16.8-24.6,Public Notice No.40/2010,6.1-26,.,MI,
Q1_2021,China,CHN-AD-165,CHN-AD-165,South Korea,KOR,Terephthalic Acid,2009-02-11,2010-02-01,2010-02-01,A,A,2010-02-02,AVD,2010-08-11,2010-08-11,A,A,2010-08-11,AVD,IF,IF,AVD,2,11.2,G/ADP/N/209/CHN,.,Public Notice No.12/2009,Public Notice No.4/2010,2.4-11.2,Public Notice No.47/2010,2.0-11.2,.,MI,
Q1_2021,China,CHN-AD-166,CHN-AD-165,Thailand,THA,Terephthalic Acid,2009-02-11,2010-02-01,2010-02-01,A,A,2010-02-02,AVD,2010-08-11,2010-08-11,A,A,2010-08-11,AVD,IF,IF,AVD,6,20.1,G/ADP/N/209/CHN,.,Public Notice No.12/2009,Public Notice No.4/2010,12.2-20.1,Public Notice No.47/2010,6.0-20.1,.,MI,
Q1_2021,China,CHN-AD-167,CHN-AD-167,Indonesia,IDN,Disodium 5'-Inosinate/Disodium 5'-Guanylate/Disodium 5'-Ribonucleotide,2009-03-23,2010-01-03,2010-01-03,A,A,2010-01-04,AVD,2010-09-20,2010-09-20,A,A,2010-09-23,AVD,2015-09-22,2015,AVD,6.3,29.7,G/ADP/N/209/CHN,.,Public Notice No.19/2009,Public Notice No.118/2009,8.1-29.7,Public Notice No.56/2010,6.3-29.7,.,MI,
Q1_2021,China,CHN-AD-168,CHN-AD-167,Thailand,THA,Disodium 5'-Inosinate/Disodium 5'-Guanylate/Disodium 5'-Ribonucleotide,2009-03-23,2010-01-03,2010-01-03,A,A,2010-01-04,AVD,2010-09-20,2010-09-20,A,A,2010-09-23,AVD,2015-09-22,2015,AVD,4.8,29.7,G/ADP/N/209/CHN,.,Public Notice No.19/2009,Public Notice No.118/2009,6.5-29.7,Public Notice No.56/2010,4.8-29.7,.,MI,
Q1_2021,China,CHN-AD-169,CHN-AD-169,USA,USA,Polycaprolactam/Polyamide-6 (PA6)/Nylon6,2009-04-28,2009-10-18,2009-10-18,A,A,2009-10-19,AVD,2010-04-20,2010-04-20,A,A,2010-04-21,AVD,IF,IF,AVD,29.3,96.5,G/ADP/N/202/CHN,.,Public Notice No.23/2009,Public Notice No.80/2009,30.4-36.2,Public Notice No.15/2010,29.3-96.5,.,MI,
Q1_2021,China,CHN-AD-170,CHN-AD-169,European Union,EUN,Polycaprolactam/Polyamide-6 (PA6)/Nylon6,2009-04-28,2009-10-18,2009-10-18,A,A,2009-10-19,AVD,2010-04-20,2010-04-20,A,A,2010-04-21,AVD,IF,IF,AVD,8,23.9,G/ADP/N/202/CHN,.,Public Notice No.23/2009,Public Notice No.80/2009,8-23.9,Public Notice No.15/2010,8.0-23.9,.,MI,
Q1_2021,China,CHN-AD-171,CHN-AD-169,Russia,RUS,Polycaprolactam/Polyamide-6 (PA6)/Nylon6,2009-04-28,2009-10-18,2009-10-18,A,A,2009-10-19,AVD,2010-04-20,2010-04-20,A,A,2010-04-21,AVD,IF,IF,AVD,5.9,23.9,G/ADP/N/202/CHN,.,Public Notice No.23/2009,Public Notice No.80/2009,5.9-23.9,Public Notice No.15/2010,5.9-23.9,.,MI,
Q1_2021,China,CHN-AD-172,CHN-AD-169,Taiwan,TWN,Polycaprolactam/Polyamide-6 (PA6)/Nylon6,2009-04-28,2009-10-18,2009-10-18,A,A,2009-10-19,AVD,2010-04-20,2010-04-20,A,A,2010-04-21,AVD,IF,IF,AVD,4,23.9,G/ADP/N/202/CHN,.,Public Notice No.23/2009,Public Notice No.80/2009,4-23.9,Public Notice No.15/2010,4.0-4.3,.,MI,
Q1_2021,China,CHN-AD-173,CHN-AD-173,USA,USA,Grain Oriented Flat-rolled Electrical Steel,2009-05-31,2009-12-09,2009-12-09,A,A,2009-12-10,AVD,2010-04-09,2010-04-09,A,A,2010-04-10,AVD,2015-04-09,2015,AVD,7.8,64.8,G/ADP/N/202/CHN,CHN-CVD-1,Public Notice No.40/2009,Public Notice No.99/2009,10.7-25,Public Notice No.21/2010,7.8-64.8,.,MI,
Q1_2021,China,CHN-AD-174,CHN-AD-173,Russia,RUS,Grain Oriented Flat-rolled Electrical Steel,2009-05-31,2009-12-09,2009-12-09,A,A,2009-12-10,AVD,2010-04-09,2010-04-09,A,A,2010-04-10,AVD,2015-04-09,2015,AVD,6.3,24,G/ADP/N/202/CHN,.,Public Notice No.40/2009,Public Notice No.99/2009,4.6-25,Public Notice No.21/2010,6.3-24,.,MI,
Q1_2021,China,CHN-AD-175,CHN-AD-175,Saudi Arabia,SAU,Methanol or Methyl Alcohol,2009-06-23,2010-10-24,2010-10-24,N,N,.,.,.,.,.,.,.,.,.,.,.,.,.,.,.,Public Notice No.35/2009,Public Notice No.71/2010,.,.,.,.,MI,
Q1_2021,China,CHN-AD-176,CHN-AD-175,Malaysia,MYS,Methanol or Methyl Alcohol,2009-06-23,2010-10-24,2010-10-24,A,A,2010-10-27,AVD,2010-12-22,2010-12-22,A,A,2010-12-23,AVD,2015-12-22,2015,AVD,9.1,37.5,G/ADP/N/209/CHN,.,Public Notice No.35/2009,Public Notice No.71/2010,9.1-37.5,MI,MI,.,MI,source of final fields: China's semi-annual report to the WTO
Q1_2021,China,CHN-AD-177,CHN-AD-175,Indonesia,IDN,Methanol or Methyl Alcohol,2009-06-23,2010-10-24,2010-10-24,A,A,2010-10-27,AVD,2010-12-22,2010-12-22,A,A,2010-12-23,AVD,2015-12-22,2015,AVD,9.1,32.5,G/ADP/N/209/CHN,.,Public Notice No.35/2009,Public Notice No.71/2010,9.1-32.5,MI,MI,.,MI,source of final fields: China's semi-annual report to the WTO
Q1_2021,China,CHN-AD-178,CHN-AD-175,New Zealand,NZL,Methanol or Methyl Alcohol,2009-06-23,2010-10-24,2010-10-24,A,A,2010-10-27,AVD,2010-12-22,2010-12-22,A,A,2010-12-23,AVD,2015-12-22,2015,AVD,8.9,36.4,G/ADP/N/209/CHN,.,Public Notice No.35/2009,Public Notice No.71/2010,8.9-36.4,MI,MI,.,MI,source of final fields: China's semi-annual report to the WTO
Q1_2021,China,CHN-AD-179,CHN-AD-179,USA,USA,Broiler Products or Chicken Products,2009-09-26,2010-02-04,2010-02-04,A,A,2010-02-12,AVD,2010-09-25,2010-09-25,A,A,2010-09-26,AVD,2018-02-26,2018,AVD,50.3,105.4,G/ADP/N/209/CHN,CHN-CVD-2,Public Notice No.74/2009,Public Notice No.8/2010,43.1-105.4,Public Notice No.51/2010,50.3-105.4,.,MI,source of revocation: Ministry of Commerce website
Q1_2021,China,CHN-AD-180,CHN-AD-180,European Union,EUN,X-Ray Security Inspection Equipment,2009-10-22,2010-06-08,2010-06-08,A,A,2010-06-09,AVD,2011-01-22,2011-01-22,A,A,2011-01-22,AVD,2014-02-18,2014,AVD,33.5,71.8,G/ADP/N/216/CHN,.,Public Notice No.63/2009,Public Notice No.33/2010,48.2-71.8,Public Notice No.1/2011,71.8,.,MI,
Q1_2021,China,CHN-AD-181,CHN-AD-181,USA,USA,Saloon Cars and Cross-country Cars (of a Cylinder Capacity ≥ 2000cc),2009-11-05,2011-04-01,2011-04-01,A,A,.,.,2011-05-04,2011-05-04,A,A,2011-12-14,AVD,2013-12-14,2013,AVD,2,21.5,G/ADP/N/223/CHN,CHN-CVD-3,Public Notice No.83/2009,Public Notice No.13/2011,.,Public Notice No.20/2011,MI,.,MI,
Q1_2021,China,CHN-AD-182,CHN-AD-182,USA,USA,Dispersion Unshifted Single-Mode Optical Fiber,2010-04-21,2011-02-08,2011-02-08,A,A,2011-02-17,AVD,2011-04-20,2011-04-20,A,A,2011-04-21,AVD,IF,IF,AVD,4.7,18.6,G/ADP/N/216/CHN,.,Public Notice No.23/2010,Public Notice No.4/2011,18.6,Public Notice No.17/2011,18.6,.,MI,
Q1_2021,China,CHN-AD-183,CHN-AD-182,European Union,EUN,Dispersion Unshifted Single-Mode Optical Fiber,2010-04-21,2011-02-08,2011-02-08,A,A,2011-02-17,AVD,2011-04-20,2011-04-20,A,A,2011-04-21,AVD,IF,IF,AVD,12.9,29.1,G/ADP/N/216/CHN,.,Public Notice No.23/2010,Public Notice No.4/2011,29.1,Public Notice No.17/2011,29.1,.,MI,
Q1_2021,China,CHN-AD-184,CHN-AD-184,European Union,EUN,Caprolactam,2010-04-21,2011-01-23,2011-01-23,A,A,2011-01-24,AVD,2011-10-17,2011-10-17,A,A,2011-10-21,AVD,IF,IF,AVD,2.3,25.5,G/ADP/N/223/CHN,.,Public Notice No.24/2010,Public Notice No.3/2011,25.5,Public Notice No.68/2011,25.5,.,MI,
Q1_2021,China,CHN-AD-185,CHN-AD-184,USA,USA,Caprolactam,2010-04-21,2011-01-23,2011-01-23,A,A,2011-01-24,AVD,2011-10-17,2011-10-17,A,A,2011-10-21,AVD,IF,IF,AVD,2.2,24.2,G/ADP/N/223/CHN,.,Public Notice No.24/2010,Public Notice No.3/2011,24.2,Public Notice No.68/2011,24.2,.,MI,
Q1_2021,China,CHN-AD-186,CHN-AD-186,European Union,EUN,Photographic Paper and Paper Board,2010-12-22,2011-08-09,2011-08-09,A,A,2011-08-09,AVD,2012-03-21,2012-03-21,A,A,2012-03-22,AVD,IF,IF,AVD,17.5,19.4,G/ADP/N/230/CHN,.,Public Notice No.93/2010,Public Notice No.45/2011,26.8,Public Notice No.10/2012,19.4,.,MI,
Q1_2021,China,CHN-AD-187,CHN-AD-186,USA,USA,Photographic Paper and Paper Board,2010-12-22,2011-08-09,2011-08-09,A,A,2011-08-09,AVD,2012-03-21,2012-03-21,A,A,2012-03-22,AVD,IF,IF,AVD,16.2,28.8,G/ADP/N/230/CHN,.,Public Notice No.93/2010,Public Notice No.45/2011,28.8,Public Notice No.10/2012,28.8,.,MI,
Q1_2021,China,CHN-AD-188,CHN-AD-186,Japan,JPN,Photographic Paper and Paper Board,2010-12-22,2011-08-09,2011-08-09,A,A,2011-08-09,AVD,2012-03-21,2012-03-21,A,A,2012-03-22,AVD,IF,IF,AVD,28.8,28.8,G/ADP/N/230/CHN,.,Public Notice No.93/2010,Public Notice No.45/2011,28.8,Public Notice No.10/2012,28.8,.,MI,
Q1_2021,China,CHN-AD-189,CHN-AD-189,USA,USA,Distiller’s Dried Grains with or without Solubles,2010-12-27,2012-05-09,2012-05-09,W,W,.,.,.,.,.,.,.,.,.,.,.,.,.,.,.,Public Notice No.99/2010,Public Notice No.31/2012,.,.,.,.,MI,
Q1_2021,China,CHN-AD-190,CHN-AD-190,Japan,JPN,Certain High-performance Stainless Steel Seamless Tubes,2011-09-07,2012-05-07,2012-05-07,A,A,2012-05-08,AVD,2012-11-07,2012-11-07,A,A,2012-11-08,AVD,2016-08-21,2016,AVD,9.2,14.4,G/ADP/N/237/CHN,.,Public Notice No.57/2011,Public Notice No.21/2012,39.2,Public Notice No.72/2012,14.4,.,MI,
Q1_2021,China,CHN-AD-191,CHN-AD-190,European Union,EUN,Certain High-performance Stainless Steel Seamless Tubes,2011-09-07,2012-05-07,2012-05-07,A,A,2012-05-08,AVD,2012-11-07,2012-11-07,A,A,2012-11-08,AVD,2016-08-21,2016,AVD,9.7,11.1,G/ADP/N/237/CHN,.,Public Notice No.57/2011,Public Notice No.21/2012,37.5,Public Notice No.72/2012,11.1,.,MI,
Q1_2021,China,CHN-AD-192,CHN-AD-192,USA,USA,Ethylene Glycol Monobutyl Ether and Diethylene Glycol Monobutyl Ether,2011-11-17,2012-07-26,2012-07-26,A,A,2012-07-27,AVD,2013-01-24,2013-01-24,A,A,2013-01-27,AVD,IF,IF,AVD,10.6,14.1,G/ADP/N/244/CHN,.,Public Notice No.83/2011,Public Notice No.42/2012,15.1,Public Notice No.5/2013,14.1,.,MI,
Q1_2021,China,CHN-AD-193,CHN-AD-192,European Union,EUN,Ethylene Glycol Monobutyl Ether and Diethylene Glycol Monobutyl Ether,2011-11-17,2012-07-26,2012-07-26,A,A,2012-07-27,AVD,2013-01-24,2013-01-24,A,A,2013-01-27,AVD,IF,IF,AVD,9.3,18.8,G/ADP/N/244/CHN,.,Public Notice No.83/2011,Public Notice No.42/2012,14.9,Public Notice No.5/2013,10.8,.,MI,
Q1_2021,China,CHN-AD-194,CHN-AD-194,USA,USA,Coated Bleached Folding Paper and Paperboard,2011-11-17,2013-05-15,2013-05-15,W,W,.,.,.,.,.,.,.,.,.,.,.,.,.,.,.,MI,MI,.,.,.,.,MI,source of this investigation is China's semi-annual report to the WTO
Q1_2021,China,CHN-AD-195,CHN-AD-195,Japan,JPN,Resorcinol,2012-03-22,2012-11-22,2012-11-22,A,A,2012-11-22,AVD,2013-03-21,2013-03-21,A,A,2013-03-22,AVD,IF,IF,AVD,40.5,40.5,G/ADP/N/244/CHN,.,Public Notice No.13/2012,Public Notice No.83/2012,40.5,Public Notice No.13/2013,40.5,.,MI,
Q1_2021,China,CHN-AD-196,CHN-AD-195,USA,USA,Resorcinol,2012-03-22,2012-11-22,2012-11-22,A,A,2012-11-22,AVD,2013-03-21,2013-03-21,A,A,2013-03-22,AVD,IF,IF,AVD,30.1,30.1,G/ADP/N/244/CHN,.,Public Notice No.13/2012,Public Notice No.83/2012,30.1,Public Notice No.13/2013,30.1,.,MI,
Q1_2021,China,CHN-AD-197,CHN-AD-197,European Union,EUN,Toluene Diisocyanate,2012-03-22,2012-11-12,2012-11-12,A,A,2012-11-12,AVD,2013-03-11,2013-03-11,A,A,2013-03-12,AVD,2018-03-12,2018,AVD,6.6,37.7,G/ADP/N/244/CHN,.,Public Notice No.14/2012,Public Notice No.79/2012,37.7,Public Notice No.16/2013,37.7,.,MI,source of revocation: Ministry of Commerce website
Q1_2021,China,CHN-AD-198,CHN-AD-198,European Union,EUN,Toluidine,2012-06-28,2013-02-27,2013-02-27,A,A,2013-02-28,AVD,2013-06-26,2013-06-26,A,A,2013-06-27,AVD,IF,IF,AVD,19.6,36.9,G/ADP/N/244/CHN,.,Public Notice No.36/2012,MI,MI,Public Notice No.44/2013,36.9,.,MI,
Q1_2021,China,CHN-AD-199,CHN-AD-199,USA,USA,Solar Grade Polysilicon,2012-07-19,2013-07-17,2013-07-17,A,A,2013-07-23,AVD,MI,MI,A,A,2014-01-19,AVD,IF,IF,AVD,53.3,57,G/ADP/N/259/CHN,CHN-CVD-5,Public Notice No.40/2012,Public Notice No.48/2013,57,MI,57,.,MI,source of the final findings is China's semi-annual report to the WTO
Q1_2021,China,CHN-AD-200,CHN-AD-199,South Korea,KOR,Solar Grade Polysilicon,2012-07-19,2013-07-17,2013-07-17,A,A,2013-07-23,AVD,MI,MI,A,A,2014-01-19,AVD,IF,IF,AVD,2.4,48.7,G/ADP/N/259/CHN,.,Public Notice No.40/2012,Public Notice No.48/2013,12.3,MI,48.7,.,MI,source of the final findings is China's semi-annual report to the WTO
Q1_2021,China,CHN-AD-201,CHN-AD-201,India,IND,Pyridine,2012-09-20,2013-05-26,2013-05-26,A,A,2013-05-27,AVD,2013-11-19,2013-11-19,A,A,2013-11-22,AVD,2019-11-19,2019,AVD,24.6,57.4,G/ADP/N/252/CHN,.,Public Notice No.55/2012,Public Notice No.30/2013,57.4,MI,57.4,.,MI,source of the final findings is China's semi-annual report to the WTO
Q1_2021,China,CHN-AD-202,CHN-AD-201,Japan,JPN,Pyridine,2012-09-20,2013-05-26,2013-05-26,A,A,2013-05-27,AVD,2013-11-19,2013-11-19,A,A,2013-11-22,AVD,2019-11-19,2019,AVD,47.9,47.9,G/ADP/N/252/CHN,.,Public Notice No.55/2012,Public Notice No.30/2013,47.9,MI,47.9,.,MI,source of the final findings is China's semi-annual report to the WTO
Q1_2021,China,CHN-AD-203,CHN-AD-199,European Union,EUN,Solar Grade Polysilicon,2012-10-31,2014-01-23,2014-01-23,A,A,2014-01-23,AVD,2014-04-29,2014-04-29,A,A,2014-04-30,AVD,2018-10-31,2018,AVD/PU,14.3,42,G/ADP/N/252/CHN,CHN-CVD-6,Public Notice No.70/2012,MI,MI,Public Notice No.25/2014,14.3,.,MI,
Q1_2021,China,CHN-AD-204,CHN-AD-204,Brazil,BRA,Cellulose Pulp,2013-02-05,2013-11-05,2013-11-05,A,A,2013-11-06,AVD,MI,MI,A,A,2014-04-03,DPU/AVD,2019-04-03,2019,DPU/AVD,6.8,11.5,G/ADP/N/259/CHN,.,Public Notice No.10/2013,Public Notice No.75/2013,49.4,MI,11.5,.,MI,source of the final findings is China's semi-annual report to the WTO
Q1_2021,China,CHN-AD-205,CHN-AD-204,Canada,CAN,Cellulose Pulp,2013-02-05,2013-11-05,2013-11-05,A,A,2013-11-06,AVD,MI,MI,A,A,2014-04-03,AVD,2019-04-03,2019,AVD,0,23.7,G/ADP/N/259/CHN,.,Public Notice No.10/2013,Public Notice No.75/2013,50.9,MI,MI,.,MI,
Q1_2021,China,CHN-AD-206,CHN-AD-204,USA,USA,Cellulose Pulp,2013-02-05,2013-11-05,2013-11-05,A,A,2013-11-06,AVD,MI,MI,A,A,2014-04-03,AVD,2019-04-03,2019,AVD,16.9,33.5,G/ADP/N/259/CHN,.,Public Notice No.10/2013,Public Notice No.75/2013,29.8,MI,33.5,.,MI,
Q1_2021,China,CHN-AD-207,CHN-AD-207,European Union,EUN,Certain Alloy-steel Seamless Tubes and Pipes for High Temperature and Pressure Service,2013-05-09,2013-12-12,2013-12-12,A,A,2013-12-16,AVD,2014-05-08,2014-05-08,A,A,2014-05-09,AVD,IF,IF,AVD,13,13.2,G/ADP/N/259/CHN,.,MI,MI,44.2,Public Notice No.34/2014,13.2,.,MI,source of this investigation is China's semi-annual report to the WTO
Q1_2021,China,CHN-AD-208,CHN-AD-207,Japan,JPN,Certain Alloy-steel Seamless Tubes and Pipes for High Temperature and Pressure Service,2013-05-09,2013-12-12,2013-12-12,A,A,2013-12-16,AVD,2014-05-08,2014-05-08,T,N,.,.,.,.,.,.,.,.,.,MI,MI,36.6,Public Notice No.34/2014,.,.,MI,source of this investigation is China's semi-annual report to the WTO
Q1_2021,China,CHN-AD-209,CHN-AD-207,USA,USA,Certain Alloy-steel Seamless Tubes and Pipes for High Temperature and Pressure Service,2013-05-09,2013-12-12,2013-12-12,A,A,2013-12-16,AVD,2014-05-08,2014-05-08,A,A,2014-05-09,AVD,IF,IF,AVD,14.1,14.1,G/ADP/N/259/CHN,.,MI,MI,39,Public Notice No.34/2014,14.1,.,MI,source of this investigation is China's semi-annual report to the WTO
Q1_2021,China,CHN-AD-210,CHN-AD-210,European Union,EUN,Perchlorethylene,2013-05-30,2014-02-16,2014-02-16,A,A,2014-02-17,AVD,2014-05-29,2014-05-29,A,A,2014-05-30,AVD,IF,IF,AVD,27.6,27.6,G/ADP/N/259/CHN,.,Public Notice No.32/2013,Public Notice No.11/2014,33,Public Notice No.32/2014,27.6,.,MI,
Q1_2021,China,CHN-AD-211,CHN-AD-210,USA,USA,Perchlorethylene,2013-05-30,2014-02-16,2014-02-16,A,A,2014-02-17,AVD,2014-05-29,2014-05-29,A,A,2014-05-30,AVD,IF,IF,AVD,71.8,71.8,G/ADP/N/259/CHN,.,Public Notice No.32/2013,Public Notice No.11/2014,76.2,Public Notice No.32/2014,71.8,.,MI,
Q1_2021,China,CHN-AD-212,CHN-AD-212,European Union,EUN,Wines,2013-06-30,2014-03-27,2014-03-27,W,W,.,.,.,.,.,.,.,.,.,.,.,.,.,.,CHN-CVD-7,Public Notice No.36/2013,Public Notice No.19/2014,.,.,.,.,MI,withdrawal letter was submitted on 03/19/2014
Q1_2021,China,CHN-AD-213,CHN-AD-213,India,IND,Single-mode Optical Fibers,2013-08-13,2014-05-12,2014-05-12,A,A,2014-05-13,AVD,2014-08-12,2014-08-12,A,A,2014-08-13,AVD,IF,IF,AVD,7.4,30.6,G/ADP/N/265/CHN,.,Public Notice No.54/2013,Public Notice No.33/2014,47,Public Notice No.56/2014,24.5,.,MI,
Q1_2021,China,CHN-AD-214,CHN-AD-214,India,IND,Tertiary Butylhydroquinone,2013-08-21,2014-04-29,2014-04-29,A,A,2014-04-29,AVD,2014-08-20,2014-08-20,A,A,2014-08-21,AVD,IF,IF,AVD,49.8,49.8,G/ADP/N/265/CHN,.,Public Notice No.57/2013,Public Notice No.28/2014,37.6,Public Notice No.57/2014,49.8,.,MI,
Q1_2021,China,CHN-AD-215,CHN-AD-215,Japan,JPN,Optical Fiber Preform,2014-03-20,2015-05-17,2015-05-17,A,A,2015-05-21,AVD,2015-08-18,2015-08-18,A,A,2015-08-18,AVD,IF,IF,AVD,8,9.1,G/ADP/N/280/CHN,.,Public Notice No.17/2014,Public Notice No.15/2015,8.9,Public Notice No.25/2015,31.2,.,MI,revised in Public Notice No.39/2020
Q1_2021,China,CHN-AD-216,CHN-AD-215,USA,USA,Optical Fiber Preform,2014-03-20,2015-05-17,2015-05-17,A,A,2015-05-21,AVD,2015-08-18,2015-08-18,A,A,2015-08-18,AVD,IF,IF,AVD,17.4,41.7,G/ADP/N/280/CHN,.,Public Notice No.17/2014,Public Notice No.15/2015,39,Public Notice No.25/2015,41.7,.,MI,
Q1_2021,China,CHN-AD-217,CHN-AD-217,Japan,JPN,Hemodialysis Equipment,2014-06-12,2014-12-22,2014-12-22,W,W,.,.,.,.,.,.,.,.,.,.,.,.,.,.,.,Public Notice No.42/2014,Public Notice No.85/2014,.,.,.,.,MI,withdrawal letter was submitted on 12/11/2014
Q1_2021,China,CHN-AD-218,CHN-AD-217,European Union,EUN,Hemodialysis Equipment,2014-06-12,2014-12-22,2014-12-22,W,W,.,.,.,.,.,.,.,.,.,.,.,.,.,.,.,Public Notice No.42/2014,Public Notice No.85/2014,.,.,.,.,MI,withdrawal letter was submitted on 12/11/2014
Q1_2021,China,CHN-AD-219,CHN-AD-219,Singapore,SGP,Methyl Methacrylate,2014-08-07,2015-07-23,2015-07-23,A,A,2015-07-31,AVD,2015-11-30,2015-11-30,A,A,2015-11-30,AVD,IF,IF,AVD,6.7,14.5,G/ADP/N/280/CHN,.,Public Notice No.53/2014,Public Notice No.29/2015,6.8,Public Notice No.60/2015,14.5,.,MI,
Q1_2021,China,CHN-AD-220,CHN-AD-219,Thailand,THA,Methyl Methacrylate,2014-08-07,2015-07-23,2015-07-23,A,A,2015-07-31,AVD,2015-11-30,2015-11-30,A,A,2015-11-30,AVD,2016-12-30,2016,AVD,11.1,18.4,G/ADP/N/280/CHN,.,Public Notice No.53/2014,Public Notice No.29/2015,15.2,Public Notice No.60/2015,18.4,.,MI,
Q1_2021,China,CHN-AD-221,CHN-AD-219,Japan,JPN,Methyl Methacrylate,2014-08-07,2015-07-23,2015-07-23,A,A,2015-07-31,AVD,2015-11-30,2015-11-30,A,A,2015-11-30,AVD,IF,IF,AVD,12.2,34.6,G/ADP/N/280/CHN,.,Public Notice No.53/2014,Public Notice No.29/2015,14.4,Public Notice No.60/2015,34.6,.,MI,
Q1_2021,China,CHN-AD-222,CHN-AD-222,European Union,EUN,Unbleached Sack Paper,2015-04-09,2015-12-09,2015-12-09,A,A,2015-12-10,AVD,2016-04-08,2016-04-08,A,A,2016-04-09,AVD,IF,IF,AVD,23.5,29,G/ADP/N/286/CHN,.,Public Notice No.9/2015,Public Notice No.67/2015,29,Public Notice No.08/2016,29,.,MI,
Q1_2021,China,CHN-AD-223,CHN-AD-222,USA,USA,Unbleached Sack Paper,2015-04-09,2015-12-09,2015-12-09,A,A,2015-12-10,AVD,2016-04-08,2016-04-08,A,A,2016-04-09,AVD,IF,IF,AVD,14.9,14.9,G/ADP/N/286/CHN,.,Public Notice No.9/2015,Public Notice No.67/2015,14.9,Public Notice No.08/2016,14.9,.,MI,
Q1_2021,China,CHN-AD-224,CHN-AD-222,Japan,JPN,Unbleached Sack Paper,2015-04-09,2015-12-09,2015-12-09,A,A,2015-12-10,AVD,2016-04-08,2016-04-08,A,A,2016-04-09,AVD,IF,IF,AVD,20.5,20.5,G/ADP/N/286/CHN,.,Public Notice No.9/2015,Public Notice No.67/2015,20.2,Public Notice No.08/2016,20.5,.,MI,
Q1_2021,China,CHN-AD-225,CHN-AD-225,Japan,JPN,Polyacrylonitrile (Acrylic) Fiber,2015-07-13,2016-03-31,2016-03-31,A,A,2016-04-04,AVD,2016-07-12,2016-07-12,A,A,2016-07-13,AVD,IF,IF,AVD,15.8,16.1,G/ADP/N/294/CHN,.,Public Notice No.22/2015,Public Notice No.09/2016,17.8,Public Notice No.31/2016,16.1,.,MI,
Q1_2021,China,CHN-AD-226,CHN-AD-225,South Korea,KOR,Polyacrylonitrile (Acrylic) Fiber,2015-07-13,2016-03-31,2016-03-31,A,A,2016-04-04,AVD,2016-07-12,2016-07-12,A,A,2016-07-13,AVD,IF,IF,AVD,4.1,16.1,G/ADP/N/294/CHN,.,Public Notice No.22/2015,Public Notice No.09/2016,6.1,Public Notice No.31/2016,16.1,.,MI,
Q1_2021,China,CHN-AD-227,CHN-AD-225,Turkey,TUR,Polyacrylonitrile (Acrylic) Fiber,2015-07-13,2016-03-31,2016-03-31,A,A,2016-04-04,AVD,2016-07-12,2016-07-12,A,A,2016-07-13,AVD,IF,IF,AVD,8.2,16.1,G/ADP/N/294/CHN,.,Public Notice No.22/2015,Public Notice No.09/2016,10.7,Public Notice No.31/2016,16.1,.,MI,
Q1_2021,China,CHN-AD-228,CHN-AD-228,Japan,JPN,Grain Oriented Flat-rolled Electrical Steel,2015-07-22,2016-03-31,2016-03-31,A,A,2016-04-04,AVD,2016-07-22,2016-07-22,A,A,2016-07-22,AVD,IF,IF,AVD,39,45.7,G/ADP/N/294/CHN,.,Public Notice No.23/2015,Public Notice No.10/2016,45.7,Public Notice No.33/2016,45.7,.,MI,
Q1_2021,China,CHN-AD-229,CHN-AD-228,South Korea,KOR,Grain Oriented Flat-rolled Electrical Steel,2015-07-22,2016-03-31,2016-03-31,A,A,2016-04-04,AVD,2016-07-22,2016-07-22,A,A,2016-07-22,AVD,IF,IF,AVD,37.3,37.3,G/ADP/N/294/CHN,.,Public Notice No.23/2015,Public Notice No.10/2016,29.5,Public Notice No.33/2016,37.3,.,MI,
Q1_2021,China,CHN-AD-230,CHN-AD-228,European Union,EUN,Grain Oriented Flat-rolled Electrical Steel,2015-07-22,2016-03-31,2016-03-31,A,A,2016-04-04,AVD,2016-07-22,2016-07-22,A,A,2016-07-22,AVD,IF,IF,AVD,46.3,46.3,G/ADP/N/294/CHN,.,Public Notice No.23/2015,Public Notice No.10/2016,46.3,Public Notice No.33/2016,46.3,.,MI,
Q1_2021,China,CHN-AD-231,CHN-AD-231,Japan,JPN,Iron-based Amorphous Alloy Ribbon (Strip),2015-11-17,2016-08-17,2016-08-17,A,A,2016-08-17,AVD,2016-11-17,2016-11-17,A,A,2016-11-17,AVD,IF,IF,AVD,MI,MI,MI,.,Public Notice No.61/2015,Public Notice No.42/2016,25.9,Public Notice No.65/2016,25.9,.,MI,
Q1_2021,China,CHN-AD-232,CHN-AD-231,USA,USA,Iron-based Amorphous Alloy Ribbon (Strip),2015-11-17,2016-08-17,2016-08-17,A,A,2016-08-17,AVD,2016-11-17,2016-11-17,A,A,2016-11-17,AVD,IF,IF,AVD,48.5,48.5,G/ADP/N/294/CHN,.,Public Notice No.61/2015,Public Notice No.42/2016,48.5,Public Notice No.65/2016,48.5,.,MI,
Q1_2021,China,CHN-AD-233,CHN-AD-233,USA,USA,Distiller’s Dried Grains with or without Solubles,2016-01-12,2016-09-22,2016-09-22,A,A,2016-09-22,AVD,2017-01-10,2017-01-10,A,A,2017-01-11,AVD,IF,IF,AVD,42.2,53.7,G/ADP/N/300/CHN,CHN-CVD-8,Public Notice No.02/2016,Public Notice No.49/2016,33.8,Public Notice No.79/2016,53.7,.,MI,
Q1_2021,China,CHN-AD-234,CHN-AD-234,Japan,JPN,Vinylidene Chloride - Vinyl Chloride Copolymer Resin,2016-04-19,2017-01-18,2017-01-18,A,A,01/201/2017,AVD,2017-04-19,2017-04-19,A,A,2017-04-19,AVD,IF,IF,AVD,47.1,47.1,G/ADP/N/300/CHN,.,Public Notice No.17/2016,Public Notice No.03/2017,47.1,MI,47.1,.,MI,source of final fields: China's semi-annual report to the WTO
Q1_2021,China,CHN-AD-235,CHN-AD-235,South Korea,KOR,Polyformaldehyde Copolymer (a.k.a. POM Copolymer),2016-10-23,2017-06-25,2017-06-25,A,A,2017-06-29,AVD,2017-10-22,2017-10-22,A,A,2017-10-23,AVD,IF,IF,AVD,6.2,30.4,G/ADP/N/308/CHN,.,Public Notice No.57/2016,Public Notice No.32/2017,30.4,Public Notice No.61/2017,30.4,.,MI,
Q1_2021,China,CHN-AD-236,CHN-AD-235,Malaysia,MYS,Polyformaldehyde Copolymer (a.k.a. POM Copolymer),2016-10-23,2017-06-25,2017-06-25,A,A,2017-06-29,AVD,2017-10-22,2017-10-22,A,A,2017-10-23,AVD,IF,IF,AVD,8,9.5,G/ADP/N/308/CHN,.,Public Notice No.57/2016,Public Notice No.32/2017,9.5,Public Notice No.61/2017,9.5,.,MI,
Q1_2021,China,CHN-AD-237,CHN-AD-235,Thailand,THA,Polyformaldehyde Copolymer (a.k.a. POM Copolymer),2016-10-23,2017-06-25,2017-06-25,A,A,2017-06-29,AVD,2017-10-22,2017-10-22,A,A,2017-10-23,AVD,IF,IF,AVD,18.5,34.9,G/ADP/N/308/CHN,.,Public Notice No.57/2016,Public Notice No.32/2017,34.9,Public Notice No.61/2017,34.9,.,MI,
Q1_2021,China,CHN-AD-238,CHN-AD-238,India,IND,Ortho Chloro Para Nitro Aniline,2017-02-12,2017-10-19,2017-10-19,A,A,2017-10-19,AVD,2018-02-11,2018-02-11,A,A,2018-02-12,AVD,IF,IF,AVD,31.4,49.9,G/ADP/N/314/CHN,CHN-CVD-9,Public Notice No.04/2017,Public Notice No.56/2017,49.9,Public Notice No.19/2018,49.9,.,MI,
Q1_2021,China,CHN-AD-239,CHN-AD-239,Thailand,THA,Bisphenol-A (BPA),2017-03-05,2017-11-08,2017-11-08,A,A,2017-11-08,AVD,2018-02-27,2018-02-27,A,A,2018-03-05,AVD,IF,IF,AVD,9.7,31,G/ADP/N/314/CHN,.,Public Notice No.13/2017,Public Notice No.72/2017,31,Public Notice No.23/2018,31,.,MI,
Q1_2021,China,CHN-AD-240,CHN-AD-240,Japan,JPN,Methyl Isobutyl Ketone,2017-03-26,2017-11-19,2017-11-19,A,A,2017-11-19,AVD,2018-03-18,2018-03-18,A,A,2018-03-19,AVD,IF,IF,AVD,45,190.4,G/ADP/N/314/CHN,.,Public Notice No.16/2017,Public Notice No.70/2017,190.4,Public Notice No.27/2018,190.4,.,MI,
Q1_2021,China,CHN-AD-241,CHN-AD-240,South Korea,KOR,Methyl Isobutyl Ketone,2017-03-26,2017-11-19,2017-11-19,A,A,2017-11-19,AVD,2018-03-18,2018-03-18,A,A,2018-03-19,AVD,IF,IF,AVD,18.5,32.3,G/ADP/N/314/CHN,.,Public Notice No.16/2017,Public Notice No.70/2017,32.3,Public Notice No.27/2018,32.3,.,MI,
Q1_2021,China,CHN-AD-242,CHN-AD-240,South Africa,ZAF,Methyl Isobutyl Ketone,2017-03-26,2017-11-19,2017-11-19,A,A,2017-11-19,AVD,2018-03-18,2018-03-18,A,A,2018-03-19,AVD,IF,IF,AVD,15.9,34.1,G/ADP/N/314/CHN,.,Public Notice No.16/2017,Public Notice No.70/2017,34.1,Public Notice No.27/2018,34.1,.,MI,
Q1_2021,China,CHN-AD-243,CHN-AD-243,India,IND,Meta Phenoxy Benzaldehyde (a.k.a. 3-Phenoxy Benzaldehyde),2017-06-07,2018-02-06,2018-02-06,A,A,2018-02-07,AVD,MI,MI,A,A,2018-05-30,AVD,IF,IF,AVD,36.4,56.9,G/ADP/N/314/CHN,.,Public Notice No.29/2017,Public Notice No.08/2018,56.9,MI,56.9,.,MI,documents related to final findings are missing on MofCom website. The source of final fields is China's semi-annual report to the WTO
Q1_2021,China,CHN-AD-244,CHN-AD-244,South Korea,KOR,Styrene Monomer,2017-06-22,2018-02-11,2018-02-11,A,A,2018-02-12,AVD,2018-06-21,2018-06-21,A,A,2018-06-22,AVD,IF,IF,AVD,6.2,7.5,G/ADP/N/314/CHN,.,Public Notice No.31/2017,Public Notice No.14/2018,8.4,Public Notice No.43/2018,7.5,.,MI,
Q1_2021,China,CHN-AD-245,CHN-AD-244,Taiwan,TWN,Styrene Monomer,2017-06-22,2018-02-11,2018-02-11,A,A,2018-02-12,AVD,2018-06-21,2018-06-21,A,A,2018-06-22,AVD,IF,IF,AVD,3.8,4.2,G/ADP/N/314/CHN,.,Public Notice No.31/2017,Public Notice No.14/2018,5,Public Notice No.43/2018,4.2,.,MI,
Q1_2021,China,CHN-AD-246,CHN-AD-244,USA,USA,Styrene Monomer,2017-06-22,2018-02-11,2018-02-11,A,A,2018-02-12,AVD,2018-06-21,2018-06-21,A,A,2018-06-22,AVD,IF,IF,AVD,13.7,55.7,G/ADP/N/314/CHN,.,Public Notice No.31/2017,Public Notice No.14/2018,10.7,Public Notice No.43/2018,55.7,.,MI,
Q1_2021,China,CHN-AD-247,CHN-AD-247,Brazil,BRA,Broiler Products or Chicken Products,2017-08-17,2018-06-07,2018-06-07,A,A,2018-06-08,AVD,2019-02-14,2019-02-14,A,A,2019-02-16,AVD,IF,IF,AVD,17.8,32.4,G/ADP/N/328/CHN,.,Public Notice No.39/2017,Public Notice No.46/2018,38.4,Public Notice No.06/2019,32.4,.,MI,
Q1_2021,China,CHN-AD-248,CHN-AD-248,European Union,EUN,Halogenated Butyl Rubber,2017-08-30,2018-04-18,2018-04-18,A,A,2018-04-19,AVD,2018-08-09,2018-08-09,A,A,2018-08-19,AVD,IF,IF,AVD,27.4,71.9,G/ADP/N/322/CHN,.,Public Notice No.45/2017,Public Notice No.39/2018,63.7,Public Notice No.40/2018,71.9,.,MI,
Q1_2021,China,CHN-AD-249,CHN-AD-248,Singapore,SGP,Halogenated Butyl Rubber,2017-08-30,2018-04-18,2018-04-18,A,A,2018-04-19,AVD,2018-08-09,2018-08-09,A,A,2018-08-19,AVD,IF,IF,AVD,75.5,75.5,G/ADP/N/322/CHN,.,Public Notice No.45/2017,Public Notice No.39/2018,66.5,Public Notice No.40/2018,45.2,.,MI,discrepancy between government and WTO final duty
Q1_2021,China,CHN-AD-250,CHN-AD-248,USA,USA,Halogenated Butyl Rubber,2017-08-30,2018-04-18,2018-04-18,A,A,2018-04-19,AVD,2018-08-09,2018-08-09,A,A,2018-08-19,AVD,IF,IF,AVD,23.1,45.2,G/ADP/N/322/CHN,.,Public Notice No.45/2017,Public Notice No.39/2018,66.5,Public Notice No.40/2018,75.5,.,MI,discrepancy between government and WTO final duty
Q1_2021,China,CHN-AD-251,CHN-AD-251,Japan,JPN,Hydriodic Acid (HI),2017-10-15,2018-06-15,2018-06-15,A,A,2018-06-22,AVD,2018-10-14,2018-10-14,A,A,2018-10-15,AVD,IF,IF,AVD,41.1,41.1,G/ADP/N/322/CHN,.,Public Notice No.62/2017,Public Notice No.49/2018,41.1,Public Notice No.80/2018,41.1,.,MI,
Q1_2021,China,CHN-AD-252,CHN-AD-251,USA,USA,Hydriodic Acid (HI),2017-10-15,2018-06-15,2018-06-15,A,A,2018-06-22,AVD,2018-10-14,2018-10-14,A,A,2018-10-15,AVD,IF,IF,AVD,123.4,123.4,G/ADP/N/322/CHN,.,Public Notice No.62/2017,Public Notice No.49/2018,118.8,Public Notice No.80/2018,123.4,.,MI,
Q1_2021,China,CHN-AD-253,CHN-AD-253,Malaysia,MYS,Ethanolamine,2017-10-29,2018-06-15,2018-06-15,A,A,2018-06-22,AVD,2018-10-28,2018-10-28,A,A,2018-10-29,AVD,IF,IF,AVD,18.3,20.3,G/ADP/N/322/CHN,.,Public Notice No.67/2017,Public Notice No.50/2018,20.3,Public Notice No.81/2018,20.3,.,MI,
Q1_2021,China,CHN-AD-254,CHN-AD-253,Saudi Arabia,SAU,Ethanolamine,2017-10-29,2018-06-15,2018-06-15,A,A,2018-06-22,AVD,2018-10-28,2018-10-28,A,A,2018-10-29,AVD,IF,IF,AVD,10.1,27.9,G/ADP/N/322/CHN,.,Public Notice No.67/2017,Public Notice No.50/2018,18.7,Public Notice No.81/2018,27.9,.,MI,
Q1_2021,China,CHN-AD-255,CHN-AD-253,Thailand,THA,Ethanolamine,2017-10-29,2018-06-15,2018-06-15,A,A,2018-06-22,AVD,2018-10-28,2018-10-28,A,A,2018-10-29,AVD,IF,IF,AVD,37.6,37.6,G/ADP/N/322/CHN,.,Public Notice No.67/2017,Public Notice No.50/2018,37.6,Public Notice No.81/2018,37.6,.,MI,
Q1_2021,China,CHN-AD-256,CHN-AD-253,USA,USA,Ethanolamine,2017-10-29,2018-06-15,2018-06-15,A,A,2018-06-22,AVD,2018-10-28,2018-10-28,A,A,2018-10-29,AVD,IF,IF,AVD,76,97.1,G/ADP/N/322/CHN,.,Public Notice No.67/2017,Public Notice No.50/2018,97.3,Public Notice No.81/2018,97.1,.,MI,
Q1_2021,China,CHN-AD-257,CHN-AD-257,Japan,JPN,Acrylonitrile-Butadiene Rubber,2017-11-08,2018-07-15,2018-07-15,A,A,2018-07-15,AVD,MI,MI,A,A,2018-11-07,AVD,IF,IF,AVD,16,56.4,G/ADP/N/322/CHN,.,Public Notice No.74/2017,Public Notice No.61/2018,56.4,Public Notice No.84/2018,56.4,.,MI,documents related to final findings are missing on MofCom website. The source of final fields is China's semi-annual report to the WTO
Q1_2021,China,CHN-AD-258,CHN-AD-257,South Korea,ZAF,Acrylonitrile-Butadiene Rubber,2017-11-08,2018-07-15,2018-07-15,A,A,2018-07-15,AVD,MI,MI,A,A,2018-11-07,AVD,IF,IF,AVD,12,37.3,G/ADP/N/322/CHN,.,Public Notice No.74/2017,Public Notice No.61/2018,37.3,Public Notice No.84/2018,37.3,.,MI,documents related to final findings are missing on MofCom website. The source of final fields is China's semi-annual report to the WTO
Q1_2021,China,CHN-AD-259,CHN-AD-259,Malaysia,MYS,Butan-1-Ol (N-Butyl Alcohol),2017-12-28,2018-09-03,2018-09-03,A,A,2018-09-03,AVD,2018-12-27,2018-12-27,A,A,2018-12-28,AVD,IF,IF,AVD,12.7,26.7,G/ADP/N/322/CHN,.,Public Notice No.83/2017,Public Notice No.67/2018,26.7,Public Notice No.100/2018,26.7,.,MI,
Q1_2021,China,CHN-AD-260,CHN-AD-259,Taiwan,TWN,Butan-1-Ol (N-Butyl Alcohol),2017-12-28,2018-09-03,2018-09-03,A,A,2018-09-03,AVD,2018-12-27,2018-12-27,A,A,2018-12-28,AVD,IF,IF,AVD,6,56.1,G/ADP/N/322/CHN,.,Public Notice No.83/2017,Public Notice No.67/2018,56.1,Public Notice No.100/2018,56.1,.,MI,
Q1_2021,China,CHN-AD-261,CHN-AD-259,USA,USA,Butan-1-Ol (N-Butyl Alcohol),2017-12-28,2018-09-03,2018-09-03,A,A,2018-09-03,AVD,2018-12-27,2018-12-27,A,A,2018-12-28,AVD,IF,IF,AVD,52.2,139.3,G/ADP/N/322/CHN,.,Public Notice No.83/2017,Public Notice No.67/2018,139.8,Public Notice No.100/2018,139.3,.,MI,
Q1_2021,China,CHN-AD-262,CHN-AD-262,India,IND,Ortho Dichlorobenzene,2018-01-22,2018-10-07,2018-10-07,A,A,2018-10-11,AVD,2019-01-21,2019-01-21,A,A,2019-01-22,AVD,IF,IF,AVD,31.9,31.9,G/ADP/N/328/CHN,.,Public Notice No.06/2018,Public Notice No. 70/2018,31.9,Public Notice No.01/2019,31.9,.,MI,
Q1_2021,China,CHN-AD-263,CHN-AD-262,Japan,JPN,Ortho Dichlorobenzene,2018-01-22,2018-10-07,2018-10-07,A,A,2018-10-11,AVD,2019-01-21,2019-01-21,A,A,2019-01-22,AVD,IF,IF,AVD,70.4,70.4,G/ADP/N/328/CHN,.,Public Notice No.06/2018,Public Notice No. 70/2018,70.4,Public Notice No.01/2019,70.4,.,MI,
Q1_2021,China,CHN-AD-264,CHN-AD-264,USA,USA,Sorghum Grain,2018-02-03,2018-04-16,2018-04-16,A,A,2018-04-17,AVD,2018-05-17,2018-05-17,T,T,.,.,.,.,.,.,.,.,CHN-CVD-10,Public Notice No.12/2018,Public Notice No.38/2018,178.6,.,.,.,MI,Both AD and CVD investigations terminated for reasons of public interest--the levying of duties could harm downstream industries
Q1_2021,China,CHN-AD-265,CHN-AD-265,European Union,EUN,Phenol,2018-03-25,2018-05-26,2018-05-26,A,A,2018-05-26,AVD,2019-09-02,2019-09-02,A,A,2019-09-02,AVD,IF,IF,AVD,30.4,30.4,G/ADP/N/335/CHN,.,Public Notice No.33/2018,Public Notice No.22/2019,82,Public Notice No.37/2019,30.4,.,MI,
Q1_2021,China,CHN-AD-266,CHN-AD-265,Japan,JPN,Phenol,2018-03-25,2018-05-26,2018-05-26,A,A,2018-05-26,AVD,2019-09-02,2019-09-02,A,A,2019-09-02,AVD,IF,IF,AVD,19.3,27,G/ADP/N/335/CHN,.,Public Notice No.33/2018,Public Notice No.22/2019,81.2,Public Notice No.37/2019,27,.,MI,
Q1_2021,China,CHN-AD-267,CHN-AD-265,South Korea,KOR,Phenol,2018-03-25,2018-05-26,2018-05-26,A,A,2018-05-26,AVD,2019-09-02,2019-09-02,A,A,2019-09-02,AVD,IF,IF,AVD,12.5,23.7,G/ADP/N/335/CHN,.,Public Notice No.33/2018,Public Notice No.22/2019,23.7,Public Notice No.37/2019,23.7,.,MI,
Q1_2021,China,CHN-AD-268,CHN-AD-265,Thailand,THA,Phenol,2018-03-25,2018-05-26,2018-05-26,A,A,2018-05-26,AVD,2019-09-02,2019-09-02,A,A,2019-09-02,AVD,IF,IF,AVD,10.6,28.6,G/ADP/N/335/CHN,.,Public Notice No.33/2018,Public Notice No.22/2019,28.6,Public Notice No.37/2019,28.6,.,MI,
Q1_2021,China,CHN-AD-269,CHN-AD-265,USA,USA,Phenol,2018-03-25,2018-05-26,2018-05-26,A,A,2018-05-26,AVD,2019-09-02,2019-09-02,A,A,2019-09-02,AVD,IF,IF,AVD,244.3,287.2,G/ADP/N/335/CHN,.,Public Notice No.33/2018,Public Notice No.22/2019,129.6,Public Notice No.37/2019,287.2,.,MI,
Q1_2021,China,CHN-AD-270,CHN-AD-270,European Union,EUN,Stainless Steel Billet and Hot-Rolled Stainless Steel Plate (Coil),2018-07-22,2019-03-21,2019-03-21,A,A,2019-03-22,AVD,2019-07-21,2019-07-21,A,A,2019-07-22,AVD,IF,IF,AVD,43,43,G/ADP/N/335/CHN,.,Public Notice No.62/2018,Public Notice No.09/2019,43,Public Notice No.31/2019,43,.,MI,
Q1_2021,China,CHN-AD-271,CHN-AD-270,Indonesia,IDN,Stainless Steel Billet and Hot-Rolled Stainless Steel Plate (Coil),2018-07-22,2019-03-21,2019-03-21,A,A,2019-03-22,AVD,2019-07-21,2019-07-21,A,A,2019-07-22,AVD,IF,IF,AVD,20.2,20.2,G/ADP/N/335/CHN,.,Public Notice No.62/2018,Public Notice No.09/2019,20.2,Public Notice No.31/2019,20.2,.,MI,
Q1_2021,China,CHN-AD-272,CHN-AD-270,Japan,JPN,Stainless Steel Billet and Hot-Rolled Stainless Steel Plate (Coil),2018-07-22,2019-03-21,2019-03-21,A,A,2019-03-22,AVD,2019-07-21,2019-07-21,A,A,2019-07-22,AVD,IF,IF,AVD,18.1,29,G/ADP/N/335/CHN,.,Public Notice No.62/2018,Public Notice No.09/2019,29,Public Notice No.31/2019,29,.,MI,
Q1_2021,China,CHN-AD-273,CHN-AD-270,South Korea,KOR,Stainless Steel Billet and Hot-Rolled Stainless Steel Plate (Coil),2018-07-22,2019-03-21,2019-03-21,A,A,2019-03-22,AVD,2019-07-21,2019-07-21,A,A,2019-07-22,AVD,IF,IF,AVD/PU,23.1,103.1,G/ADP/N/335/CHN,.,Public Notice No.62/2018,Public Notice No.09/2019,103.1,Public Notice No.31/2019,103.1,.,MI,
Q1_2021,China,CHN-AD-274,CHN-AD-274,Japan,JPN,Vertical Machining Center,2018-10-15,2020-04-12,2020-04-12,A,N,.,.,.,.,.,.,.,.,.,.,.,.,.,.,.,Public Notice No. 76/2018,Public Notice No.10/2019,.,.,.,.,MI,
Q1_2021,China,CHN-AD-275,CHN-AD-274,Taiwan,TWN,Vertical Machining Center,2018-10-15,2020-04-12,2020-04-12,A,N,.,.,.,.,.,.,.,.,.,.,.,.,.,.,.,Public Notice No. 76/2018,Public Notice No.10/2019,.,.,.,.,MI,
Q1_2021,China,CHN-AD-276,CHN-AD-276,Australia,AUS,Barley,2018-11-18,.,.,B,B,.,.,2020-05-17,2020-05-17,A,A,2020-05-18,AVD,IF,IF,MI,73.6,73.6,G/ADP/N/342/CHN,CHN-CVD-12,Public Notice No. 89/2018,.,.,Public Notice No.14/2020,73.6,MI,MI,
Q1_2021,China,CHN-AD-277,CHN-AD-277,India,IND,7-phenylacetomido-3-chloromethyl-3-cephem-4-carboxylic Acidpmethoxybenzyl Ester,2018-11-26,MI,MI,MI,MI,MI,MI,,,,,,MI,MI,MI,MI,MI,MI,MI,CHN-CVD-11,Public Notice No. 90/2018,MI,MI,MI,MI,MI,MI,ongoing investigation
Q1_2021,China,CHN-AD-278,CHN-AD-278,Japan,JPN,Methionine,2019-04-09,.,.,.,.,.,.,.,.,T,T,.,.,.,.,.,.,.,.,.,Public Notice No.16/2019,.,.,Public Notice No.43/2020,.,.,.,
Q1_2021,China,CHN-AD-279,CHN-AD-278,Malaysia,MYS,Methionine,2019-04-09,.,.,.,.,.,.,.,.,T,T,.,.,.,.,.,.,.,.,.,Public Notice No.16/2019,.,.,Public Notice No.43/2020,.,.,.,
Q1_2021,China,CHN-AD-280,CHN-AD-278,Singapore,SGP,Methionine,2019-04-09,.,.,.,.,.,.,.,.,T,T,.,.,.,.,.,.,.,.,.,Public Notice No.16/2019,.,.,Public Notice No.43/2020,.,.,.,
Q1_2021,China,CHN-AD-281,CHN-AD-281,Japan,JPN,Polyphenylene Sulfide,2019-05-29,2020-10-15,2020-10-15,A,A,2020-10-15,AVD,2020-11-29,2020-11-29,A,A,2020-11-30,AVD,IF,IF,MI,MI,MI,MI,.,Public Notice No.23/2019,Public Notice No.45/2020,69.1,Public Notice No.53/2020,69.1,MI,MI,
Q1_2021,China,CHN-AD-282,CHN-AD-281,Malaysia,MYS,Polyphenylene Sulfide,2019-05-29,2020-10-15,2020-10-15,A,A,2020-10-15,AVD,2020-11-29,2020-11-29,A,A,2020-11-30,AVD,IF,IF,MI,MI,MI,MI,.,Public Notice No.23/2019,Public Notice No.45/2020,40.5,Public Notice No.53/2020,40.5,MI,MI,
Q1_2021,China,CHN-AD-283,CHN-AD-281,South Korea,KOR,Polyphenylene Sulfide,2019-05-29,2020-10-15,2020-10-15,A,A,2020-10-15,AVD,2020-11-29,2020-11-29,A,A,2020-11-30,AVD,IF,IF,MI,MI,MI,MI,.,Public Notice No.23/2019,Public Notice No.45/2020,46.8,Public Notice No.53/2020,46.8,MI,MI,
Q1_2021,China,CHN-AD-284,CHN-AD-281,USA,USA,Polyphenylene Sulfide,2019-05-29,2020-10-15,2020-10-15,A,A,2020-10-15,AVD,2020-11-29,2020-11-29,A,A,2020-11-30,AVD,IF,IF,MI,MI,MI,MI,.,Public Notice No.23/2019,Public Notice No.45/2020,220.9,Public Notice No.53/2020,220.9,MI,MI,
Q1_2021,China,CHN-AD-285,CHN-AD-285,European Union,EUN,EPDM (Ethylene Propylene Diene Monomer),2019-06-18,2020-10-22,2020-10-22,A,A,2020-10-22,AVD,2020-12-17,2020-12-17,A,A,2020-12-19,AVD,IF,IF,MI,MI,MI,MI,.,Public Notice No.29/2019,Public Notice No.48/2020,31.7,Public Notice No.60/2020,31.7,MI,MI,
Q1_2021,China,CHN-AD-286,CHN-AD-285,South Korea,KOR,EPDM (Ethylene Propylene Diene Monomer),2019-06-18,2020-10-22,2020-10-22,A,A,2020-10-22,AVD,2020-12-17,2020-12-17,A,A,2020-12-19,AVD,IF,IF,MI,MI,MI,MI,.,Public Notice No.29/2019,Public Notice No.48/2020,24.5,Public Notice No.60/2020,24.5,MI,MI,
Q1_2021,China,CHN-AD-287,CHN-AD-285,USA,USA,EPDM (Ethylene Propylene Diene Monomer),2019-06-18,2020-10-22,2020-10-22,A,A,2020-10-22,AVD,2020-12-17,2020-12-17,A,A,2020-12-19,AVD,IF,IF,MI,MI,MI,MI,.,Public Notice No.29/2019,Public Notice No.48/2020,222,Public Notice No.60/2020,222,MI,MI,
Q1_2021,China,CHN-AD-288,CHN-AD-288,USA,USA,N-Propanol,2019-07-22,2020-07-16,2020-07-16,A,A,2020-07-16,AVD,MI,MI,MI,MI,MI,MI,MI,MI,MI,MI,MI,MI,CHN-CVD-13,Public Notice No.32/2019,Public Notice No.25/2020,267.4,MI,MI,MI,MI,
Q1_2021,China,CHN-AD-289,CHN-AD-289,European Union,EUN,M-Cresol,2019-07-28,2020-11-02,2020-11-02,A,A,2020-11-02,AVD,2021-01-13,2021-01-13,A,A,2021-01-14,AVD,IF,IF,MI,MI,MI,MI,.,Public Notice No.33/2019,Public Notice No.50/2020,49.5,Public Notice No.2/2021,49.5,MI,MI,
Q1_2021,China,CHN-AD-290,CHN-AD-289,Japan,JPN,M-Cresol,2019-07-28,2020-11-02,2020-11-02,A,A,2020-11-02,AVD,2021-01-13,2021-01-13,A,A,2021-01-14,AVD,IF,IF,MI,MI,MI,MI,.,Public Notice No.33/2019,Public Notice No.50/2020,54.8,Public Notice No.2/2021,54.8,MI,MI,
Q1_2021,China,CHN-AD-291,CHN-AD-289,USA,USA,M-Cresol,2019-07-28,2020-11-02,2020-11-02,A,A,2020-11-02,AVD,2021-01-13,2021-01-13,A,A,2021-01-14,AVD,IF,IF,MI,MI,MI,MI,.,Public Notice No.33/2019,Public Notice No.50/2020,131.7,Public Notice No.2/2021,131.7,MI,MI,
Q1_2021,China,CHN-AD-292,CHN-AD-292,USA,USA,Polyphenylene ether,2020-08-02,MI,MI,MI,MI,MI,MI,MI,MI,MI,MI,MI,MI,MI,MI,MI,MI,MI,MI,CHN-CVD-14,Public Notice No.31/2020,MI,MI,MI,MI,MI,MI,
Q1_2021,China,CHN-AD-293,CHN-AD-293,USA,USA,Wines in containers holding 2 liters or less,2020-08-18,2020-11-26,2020-11-26,A,A,2020-11-26,AVD,MI,MI,MI,MI,MI,MI,MI,MI,MI,MI,MI,MI,CHN-CVD-15,Public Notice No.34/2020,Public Notice No.59/2020,212.1,MI,MI,MI,MI,
Q1_2021,China,CHN-AD-294,CHN-AD-294,USA,USA,Certain monoalkyl ethers of ethylene glycoland propylene glycol或Certain glycol ehters,2020-08-30,MI,MI,MI,MI,MI,MI,MI,MI,MI,MI,MI,MI,MI,MI,MI,MI,MI,MI,CHN-CVD-16,Public Notice No.36/2020,MI,MI,MI,MI,MI,MI,
Q1_2021,China,CHN-AD-295,CHN-AD-295,USA,USA,Polyvinyl Chloride,2020-09-24,MI,MI,MI,MI,MI,MI,MI,MI,MI,MI,MI,MI,MI,MI,MI,MI,MI,MI,,Public Notice No.40/2020,MI,MI,MI,MI,MI,MI,