CASE_ID,D_FIRM,NOTES
CHN-AD-1,Jilin Paper,
CHN-AD-1,Guangzhou Paper,
CHN-AD-1,Yibin Paper (Sichuan),
CHN-AD-1,Jiangxi Paper,
CHN-AD-1,Yueyang Paper (Hunan),
CHN-AD-1,Shiyan Paper,
CHN-AD-1,Qiqiaher Paper (Helongjiang),
CHN-AD-1,Yulu River Paper,
CHN-AD-1,Fujian Nanpin Paper,
CHN-AD-2,Jilin Paper,
CHN-AD-2,Guangzhou Paper,
CHN-AD-2,Yibin Paper (Sichuan),
CHN-AD-2,Jiangxi Paper,
CHN-AD-2,Yueyang Paper (Hunan),
CHN-AD-2,Shiyan Paper,
CHN-AD-2,Qiqiaher Paper (Helongjiang),
CHN-AD-2,Yulu River Paper,
CHN-AD-2,Fujian Nanpin Paper,
CHN-AD-3,Jilin Paper,
CHN-AD-3,Guangzhou Paper,
CHN-AD-3,Yibin Paper (Sichuan),
CHN-AD-3,Jiangxi Paper,
CHN-AD-3,Yueyang Paper (Hunan),
CHN-AD-3,Shiyan Paper,
CHN-AD-3,Qiqiaher Paper (Helongjiang),
CHN-AD-3,Yulu River Paper,
CHN-AD-3,Fujian Nanpin Paper,
CHN-AD-4,Wuhan Steel Group,
CHN-AD-5,Dupont Hongji Films Foshan Co Ltd,
CHN-AD-5,Shanghai Chemical Co Ltd,
CHN-AD-5,Shandong Weifang Xinlike Plastic Rubber Co Ltd,
CHN-AD-5,China Yizheng Chemical Fiber Group BOPET Plant,
CHN-AD-5,Zhongda Films Nanjing (Zhejiang Ninbo Wuzhou Co Ltd),
CHN-AD-6,Taiyuan Steel Group Co Ltd,
CHN-AD-6,Shanghai Pudong Steel Group,
CHN-AD-6,Shannxi Precise Metal Group,
CHN-AD-7,Taiyuan Steel Group Co Ltd,
CHN-AD-7,Shanghai Pudong Steel Group,
CHN-AD-7,Shannxi Precise Metal Group,
CHN-AD-8,Shanghai Gaqiao Petro-Chemical Acrylic Acid Plant,
CHN-AD-8,Oriental Chemical (Beijiang Oriental Chemical Industry Group),
CHN-AD-8,Jilian (Jilin Province) Petro-Chemical Ltd.,
CHN-AD-9,Shanghai Gaqiao Petro-Chemical Acrylic Acid Plant,
CHN-AD-9,Oriental Chemical (Beijiang Oriental Chemical Industry Group),
CHN-AD-9,Jilian (Jilin Province) Petro-Chemical Ltd.,
CHN-AD-10,Shanghai Gaqiao Petro-Chemical Acrylic Acid Plant,
CHN-AD-10,Oriental Chemical (Beijiang Oriental Chemical Industry Group),
CHN-AD-10,Jilian (Jilin Province) Petro-Chemical Ltd.,
CHN-AD-11,Honghe Chemical  Ltd. (Zigong China),
CHN-AD-11,Quhua Fluorine Chemical Ltd. (Zhejiang),
CHN-AD-12,Honghe Chemical  Ltd. (Zigong China),
CHN-AD-12,Quhua Fluorine Chemical Ltd. (Zhejiang),
CHN-AD-13,Honghe Chemical  Ltd. (Zigong China),
CHN-AD-13,Quhua Fluorine Chemical Ltd. (Zhejiang),
CHN-AD-14,Honghe Chemical  Ltd. (Zigong China),
CHN-AD-14,Quhua Fluorine Chemical Ltd. (Zhejiang),
CHN-AD-15,Honghe Chemical  Ltd. (Zigong China),
CHN-AD-15,Quhua Fluorine Chemical Ltd. (Zhejiang),
CHN-AD-16,Honghe Chemical  Ltd. (Zigong China),
CHN-AD-16,Quhua Fluorine Chemical Ltd. (Zhejiang),
CHN-AD-17,Santou Ocean First Polystyrene Co Ltd,
CHN-AD-17,Beijing Yanshan Petro-Chemical Co Ltd,
CHN-AD-17,Zhanjiang Xinzhongmei Chemical Co Ltd,
CHN-AD-17,PetroChina Daqing,
CHN-AD-18,Santou Ocean First Polystyrene Co Ltd,
CHN-AD-18,Beijing Yanshan Petro-Chemical Co Ltd,
CHN-AD-18,Zhanjiang Xinzhongmei Chemical Co Ltd,
CHN-AD-18,PetroChina Daqing,
CHN-AD-19,Santou Ocean First Polystyrene Co Ltd,
CHN-AD-19,Beijing Yanshan Petro-Chemical Co Ltd,
CHN-AD-19,Zhanjiang Xinzhongmei Chemical Co Ltd,
CHN-AD-19,PetroChina Daqing,
CHN-AD-20,Guangxi Guiyuan lysine Co Ltd,
CHN-AD-20,Sichuan Chemical Weizhisu Co Ltd,
CHN-AD-20,Quanzhou Daquan Lysine Co Ltd,
CHN-AD-21,Guangxi Guiyuan lysine Co Ltd,
CHN-AD-21,Sichuan Chemical Weizhisu Co Ltd,
CHN-AD-21,Quanzhou Daquan Lysine Co Ltd,
CHN-AD-22,Guangxi Guiyuan lysine Co Ltd,
CHN-AD-22,Sichuan Chemical Weizhisu Co Ltd,
CHN-AD-22,Quanzhou Daquan Lysine Co Ltd,
CHN-AD-23,Chemical Fiber Industry Association of China,
CHN-AD-23,Chemical Fiber Industry Association of China,
CHN-AD-24,Chemical Fiber Industry Association of China,
CHN-AD-24,Chemical Fiber Industry Association of China,
CHN-AD-25,Shanghai Gaoqiao Petro Chimical Acrylic Acid Plant,
CHN-AD-25,Oriental Chemical (Beijiang Oriental Chemical Industry Group),
CHN-AD-25,Jilian (Jilin Province) Petro-Chemical Co Ltd,
CHN-AD-26,Shanghai Gaoqiao Petro Chimical Acrylic Acid Plant,
CHN-AD-26,Oriental Chemical (Beijiang Oriental Chemical Industry Group),
CHN-AD-26,Jilian (Jilin Province) Petro-Chemical Co Ltd,
CHN-AD-27,Shanghai Gaoqiao Petro Chimical Acrylic Acid Plant,
CHN-AD-27,Oriental Chemical (Beijiang Oriental Chemical Industry Group),
CHN-AD-27,Jilian (Jilin Province) Petro-Chemical Co Ltd,
CHN-AD-28,Shanghai Gaoqiao Petro Chimical Acrylic Acid Plant,
CHN-AD-28,Oriental Chemical (Beijiang Oriental Chemical Industry Group),
CHN-AD-28,Jilian (Jilin Province) Petro-Chemical Co Ltd,
CHN-AD-29,Nanjing Oriental Petro Chemical Co Ltd,
CHN-AD-29,Yingshan Petro Chemical Plant (Balin Petro),
CHN-AD-29,Shijiazhuang Chemical Fiber Co Ltd,
CHN-AD-30,Nanjing Oriental Petro Chemical Co Ltd,
CHN-AD-30,Yingshan Petro Chemical Plant (Balin Petro),
CHN-AD-30,Shijiazhuang Chemical Fiber Co Ltd,
CHN-AD-31,Nanjing Oriental Petro Chemical Co Ltd,
CHN-AD-31,Yingshan Petro Chemical Plant (Balin Petro),
CHN-AD-31,Shijiazhuang Chemical Fiber Co Ltd,
CHN-AD-32,Nanjing Oriental Petro Chemical Co Ltd,
CHN-AD-32,Yingshan Petro Chemical Plant (Balin Petro),
CHN-AD-32,Shijiazhuang Chemical Fiber Co Ltd,
CHN-AD-33,Nanjing Oriental Petro Chemical Co Ltd,
CHN-AD-33,Yingshan Petro Chemical Plant (Balin Petro),
CHN-AD-33,Shijiazhuang Chemical Fiber Co Ltd,
CHN-AD-34,Jindong Paper (Jiangshu) Co Ltd,
CHN-AD-34,Shandong Wanhao Paper Group,
CHN-AD-34,Shandong Quanlin Paper Co Ltd,
CHN-AD-34,Jiangnan Paper,
CHN-AD-35,Jindong Paper (Jiangshu) Co Ltd,
CHN-AD-35,Shandong Wanhao Paper Group,
CHN-AD-35,Shandong Quanlin Paper Co Ltd,
CHN-AD-35,Jiangnan Paper,
CHN-AD-36,Jindong Paper (Jiangshu) Co Ltd,
CHN-AD-36,Shandong Wanhao Paper Group,
CHN-AD-36,Shandong Quanlin Paper Co Ltd,
CHN-AD-36,Jiangnan Paper,
CHN-AD-37,Jindong Paper (Jiangshu) Co Ltd,
CHN-AD-37,Shandong Wanhao Paper Group,
CHN-AD-37,Shandong Quanlin Paper Co Ltd,
CHN-AD-37,Jiangnan Paper,
CHN-AD-38,Lianyungang Sanjili Chemical Industry Co Ltd,
CHN-AD-38,Shandong Hongxin Chemical Co Ltd,
CHN-AD-38,PetroChina Jilin,
CHN-AD-39,Shijiazhuang Bailong Chemical Co Ltd,
CHN-AD-39,Tianjin Solvent Factory,
CHN-AD-39,Ha'erbin Petro Chemical Plant,
CHN-AD-40,Shijiazhuang Bailong Chemical Co Ltd,
CHN-AD-40,Tianjin Solvent Factory,
CHN-AD-40,Ha'erbin Petro Chemical Plant,
CHN-AD-41,Shijiazhuang Bailong Chemical Co Ltd,
CHN-AD-41,Tianjin Solvent Factory,
CHN-AD-41,Ha'erbin Petro Chemical Plant,
CHN-AD-42,Qilu Petro Inc.,
CHN-AD-42,Shenhua Chemical Co Ltd,
CHN-AD-42,Jilin Chemical Inc.,
CHN-AD-42,PetroChina Lanzhou,
CHN-AD-43,Qilu Petro Inc.,
CHN-AD-43,Shenhua Chemical Co Ltd,
CHN-AD-43,Jilin Chemical Inc.,
CHN-AD-43,PetroChina Lanzhou,
CHN-AD-44,Qilu Petro Inc.,
CHN-AD-44,Shenhua Chemical Co Ltd,
CHN-AD-44,Jilin Chemical Inc.,
CHN-AD-44,PetroChina Lanzhou,
CHN-AD-45,Shanghai Baosan Steel Group,
CHN-AD-45,Ansan Steel Group,
CHN-AD-45,Wuhan Steel Group,
CHN-AD-46,Shanghai Baosan Steel Group,
CHN-AD-46,Ansan Steel Group,
CHN-AD-46,Wuhan Steel Group,
CHN-AD-47,Shanghai Baosan Steel Group,
CHN-AD-47,Ansan Steel Group,
CHN-AD-47,Wuhan Steel Group,
CHN-AD-48,Shanghai Baosan Steel Group,
CHN-AD-48,Ansan Steel Group,
CHN-AD-48,Wuhan Steel Group,
CHN-AD-49,Shanghai Baosan Steel Group,
CHN-AD-49,Ansan Steel Group,
CHN-AD-49,Wuhan Steel Group,
CHN-AD-50,Shanghai Chlor-Alkali Chemical Co Ltd,
CHN-AD-50,Hebei Cangzhou Chemical Co Ltd,
CHN-AD-50,Tianjin Dagu Chemical Co Ltd,
CHN-AD-50,Beijing Huaer Co Ltd,
CHN-AD-50,Jinhua Chemical Co Ltd,
CHN-AD-51,Shanghai Chlor-Alkali Chemical Co Ltd,
CHN-AD-51,Hebei Cangzhou Chemical Co Ltd,
CHN-AD-51,Tianjin Dagu Chemical Co Ltd,
CHN-AD-51,Beijing Huaer Co Ltd,
CHN-AD-51,Jinhua Chemical Co Ltd,
CHN-AD-52,Shanghai Chlor-Alkali Chemical Co Ltd,
CHN-AD-52,Hebei Cangzhou Chemical Co Ltd,
CHN-AD-52,Tianjin Dagu Chemical Co Ltd,
CHN-AD-52,Beijing Huaer Co Ltd,
CHN-AD-52,Jinhua Chemical Co Ltd,
CHN-AD-53,Shanghai Chlor-Alkali Chemical Co Ltd,
CHN-AD-53,Hebei Cangzhou Chemical Co Ltd,
CHN-AD-53,Tianjin Dagu Chemical Co Ltd,
CHN-AD-53,Beijing Huaer Co Ltd,
CHN-AD-53,Jinhua Chemical Co Ltd,
CHN-AD-54,Shanghai Chlor-Alkali Chemical Co Ltd,
CHN-AD-54,Hebei Cangzhou Chemical Co Ltd,
CHN-AD-54,Tianjin Dagu Chemical Co Ltd,
CHN-AD-54,Beijing Huaer Co Ltd,
CHN-AD-54,Jinhua Chemical Co Ltd,
CHN-AD-55,Hebei Cangzhou Dahua TDI Co Ltd,
CHN-AD-55,Sinopec Corp Shanghai Gaoqiao,
CHN-AD-55,Sinopec Corp Yanshan Petro-Chemical,
CHN-AD-55,Sales Center of Jilin Chemical (PetroChina),
CHN-AD-55,China Lanxin Ha'erbin Petro-Chemical Co Ltd,
CHN-AD-56,Hebei Cangzhou Dahua TDI Co Ltd,
CHN-AD-56,Sinopec Corp Shanghai Gaoqiao,
CHN-AD-56,Sinopec Corp Yanshan Petro-Chemical,
CHN-AD-56,Sales Center of Jilin Chemical (PetroChina),
CHN-AD-56,China Lanxin Ha'erbin Petro-Chemical Co Ltd,
CHN-AD-57,Hebei Cangzhou Dahua TDI Co Ltd,
CHN-AD-57,Sinopec Corp Shanghai Gaoqiao,
CHN-AD-57,Sinopec Corp Yanshan Petro-Chemical,
CHN-AD-57,Sales Center of Jilin Chemical (PetroChina),
CHN-AD-57,China Lanxin Ha'erbin Petro-Chemical Co Ltd,
CHN-AD-58,Yantai Wanhua Polyurethanes Co Ltd,
CHN-AD-58,Fushun BeiFang Chemical Co Ltd,
CHN-AD-58,Jilin Chemical Industrial Group,
CHN-AD-58,Sichuan Honghe Precision Chemical Co Ltd,
CHN-AD-59,Yantai Wanhua Polyurethanes Co Ltd,
CHN-AD-59,Fushun BeiFang Chemical Co Ltd,
CHN-AD-59,Jilin Chemical Industrial Group,
CHN-AD-59,Sichuan Honghe Precision Chemical Co Ltd,
CHN-AD-60,Yantai Wanhua Polyurethanes Co Ltd,
CHN-AD-60,Fushun BeiFang Chemical Co Ltd,
CHN-AD-60,Jilin Chemical Industrial Group,
CHN-AD-60,Sichuan Honghe Precision Chemical Co Ltd,
CHN-AD-61,Yantai Wanhua Polyurethanes Co Ltd,
CHN-AD-61,Fushun BeiFang Chemical Co Ltd,
CHN-AD-61,Jilin Chemical Industrial Group,
CHN-AD-61,Sichuan Honghe Precision Chemical Co Ltd,
CHN-AD-62,Zhejiang Ju Hua Co Ltd,
CHN-AD-63,Zhejiang Ju Hua Co Ltd,
CHN-AD-64,Changfei Chemical Fiber Co Ltd,
CHN-AD-64,Jiangsu Fasten Photonics Co. Ltd,
CHN-AD-65,Changfei Chemical Fiber Co Ltd,
CHN-AD-65,Jiangsu Fasten Photonics Co. Ltd,
CHN-AD-66,Changfei Chemical Fiber Co Ltd,
CHN-AD-66,Jiangsu Fasten Photonics Co. Ltd,
CHN-AD-67,Changfei Chemical Fiber Co Ltd,
CHN-AD-67,Jiangsu Fasten Photonics Co. Ltd,
CHN-AD-68,Changfei Chemical Fiber Co Ltd,
CHN-AD-68,Jiangsu Fasten Photonics Co. Ltd,
CHN-AD-69,Changfei Chemical Fiber Co Ltd,
CHN-AD-69,Jiangsu Fasten Photonics Co. Ltd,
CHN-AD-70,Changfei Chemical Fiber Co Ltd,
CHN-AD-70,Jiangsu Fasten Photonics Co. Ltd,
CHN-AD-71,Guangdong Xinhui Meida Nylon Co Ltd,
CHN-AD-71,Shangdong Dacheng Chemical Group Nylon Branch,
CHN-AD-72,Guangdong Xinhui Meida Nylon Co Ltd,
CHN-AD-72,Shangdong Dacheng Chemical Group Nylon Branch,
CHN-AD-73,Guangdong Xinhui Meida Nylon Co Ltd,
CHN-AD-73,Shangdong Dacheng Chemical Group Nylon Branch,
CHN-AD-74,Guangdong Xinhui Meida Nylon Co Ltd,
CHN-AD-74,Shangdong Dacheng Chemical Group Nylon Branch,
CHN-AD-75,Gaoyao Dongtai Textile Co Ltd,
CHN-AD-75,Guangdong Kaipin Chunhui Co Ltd,
CHN-AD-76,Gaoyao Dongtai Textile Co Ltd,
CHN-AD-76,Guangdong Kaipin Chunhui Co Ltd,
CHN-AD-77,Gaoyao Dongtai Textile Co Ltd,
CHN-AD-77,Guangdong Kaipin Chunhui Co Ltd,
CHN-AD-78,Qingdao Zhongda Chemical Fiber Co Ltd,
CHN-AD-78,Hangzhou Huaou Nylon Co Ltd,
CHN-AD-78,Yantai Huarun Nylon Co Ltd,
CHN-AD-78,Beijing Huaying Chemical Fiber Co Ltd,
CHN-AD-78,Hubei Xinning Chemical Fiber Co Ltd,
CHN-AD-78,Changde Nylon Factory (Hunan),
CHN-AD-78,Guilin Hongwei Group Co.,
CHN-AD-78,Jiangsu Qingjiang Synthesized Fiber Factory,
CHN-AD-78,Handan Nylon Factory,
CHN-AD-78,Shanxi Nylon Group Co Ltd,
CHN-AD-78,Chongqing Changshou Chemical Co Ltd,
CHN-AD-78,Shanxi Synthesized Rubber Group,
CHN-AD-78,Xiangyu Precision Chemical (Hunan Zhuzhou Chemical Group),
CHN-AD-78,Yibin Tian Yuan Co Ltd,
CHN-AD-79,Dongguan Jiulong Paper,
CHN-AD-79,Fujian Qingshan Paper,
CHN-AD-80,Dongguan Jiulong Paper,
CHN-AD-80,Fujian Qingshan Paper,
CHN-AD-81,Dongguan Jiulong Paper,
CHN-AD-81,Fujian Qingshan Paper,
CHN-AD-82,Shandong Bohui Paper,
CHN-AD-82,Shandong Taiyang Paper,
CHN-AD-83,Shandong Bohui Paper,
CHN-AD-83,Shandong Taiyang Paper,
CHN-AD-84,Shandong Bohui Paper,
CHN-AD-84,Shandong Taiyang Paper,
CHN-AD-85,Shandong Bohui Paper,
CHN-AD-85,Shandong Taiyang Paper,
CHN-AD-86,Wuxi Chemical Industry Group,
CHN-AD-86,Chlor-Alkali Co Ltd (Jinhua Chemical Group),
CHN-AD-86,New Material Co Ltd (Lanxin Chemical),
CHN-AD-86,New Material Co Ltd (Lanxin Chemical),
CHN-AD-87,Wuxi Chemical Industry Group,
CHN-AD-87,Chlor-Alkali Co Ltd (Jinhua Chemical Group),
CHN-AD-87,New Material Co Ltd (Lanxin Chemical),
CHN-AD-87,New Material Co Ltd (Lanxin Chemical),
CHN-AD-88,Wuxi Chemical Industry Group,
CHN-AD-88,Chlor-Alkali Co Ltd (Jinhua Chemical Group),
CHN-AD-88,New Material Co Ltd (Lanxin Chemical),
CHN-AD-88,New Material Co Ltd (Lanxin Chemical),
CHN-AD-89,Wuxi Chemical Industry Group,
CHN-AD-89,Chlor-Alkali Co Ltd (Jinhua Chemical Group),
CHN-AD-89,New Material Co Ltd (Lanxin Chemical),
CHN-AD-89,New Material Co Ltd (Lanxin Chemical),
CHN-AD-90,Zhejiang Xin'an Chemical Co Ltd,
CHN-AD-90,Jilin Chemical Co Ltd,
CHN-AD-91,Zhejiang Xin'an Chemical Co Ltd,
CHN-AD-91,Jilin Chemical Co Ltd,
CHN-AD-92,Jilin Chemical Co Ltd,
CHN-AD-93,Jilin Chemical Co Ltd,
CHN-AD-94,Jilin Chemical Co Ltd,
CHN-AD-95,Jilin Chemical Co Ltd,
CHN-AD-96,Jilin Chemical Co Ltd,
CHN-AD-97,Hunan Haili Zhuzhou Precision Chemical,
CHN-AD-97,Guangdong Zhaoqing Xinhu Biotech Co Ltd,
CHN-AD-97,Qilu Chemical (Sinopec),
CHN-AD-98,Hunan Haili Zhuzhou Precision Chemical,
CHN-AD-98,Guangdong Zhaoqing Xinhu Biotech Co Ltd,
CHN-AD-98,Qilu Chemical (Sinopec),
CHN-AD-99,Hunan Haili Zhuzhou Precision Chemical,
CHN-AD-99,Guangdong Zhaoqing Xinhu Biotech Co Ltd,
CHN-AD-99,Qilu Chemical (Sinopec),
CHN-AD-100,Hunan Haili Zhuzhou Precision Chemical,
CHN-AD-100,Guangdong Zhaoqing Xinhu Biotech Co Ltd,
CHN-AD-100,Qilu Chemical (Sinopec),
CHN-AD-101,Tianjin Bohai Chemical Co Ltd,
CHN-AD-102,Tianjin Bohai Chemical Co Ltd,
CHN-AD-103,Tianjin Bohai Chemical Co Ltd,
CHN-AD-104,Shandong Yantai Spandex Co Ltd,
CHN-AD-104,Zhejiang Hua Feng Spandex Co Ltd,
CHN-AD-105,Shandong Yantai Spandex Co Ltd,
CHN-AD-105,Zhejiang Hua Feng Spandex Co Ltd,
CHN-AD-106,Shandong Yantai Spandex Co Ltd,
CHN-AD-106,Zhejiang Hua Feng Spandex Co Ltd,
CHN-AD-107,Shaoxin Longshan Spandex Co Ltd,
CHN-AD-107,Lianyungang Sanjili Chemical Industry Co Ltd,
CHN-AD-108,Shaoxin Longshan Spandex Co Ltd,
CHN-AD-108,Lianyungang Sanjili Chemical Industry Co Ltd,
CHN-AD-109,Nantong Xincheng Synthesized Material Co Ltd,
CHN-AD-109,Tanchen Xinxin Paper Co Ltd,
CHN-AD-110,Nantong Xincheng Synthesized Material Co Ltd,
CHN-AD-110,Tanchen Xinxin Paper Co Ltd,
CHN-AD-111,Nantong Xincheng Synthesized Material Co Ltd,
CHN-AD-111,Tanchen Xinxin Paper Co Ltd,
CHN-AD-112,Nantong Xincheng Synthesized Material Co Ltd,
CHN-AD-112,Tanchen Xinxin Paper Co Ltd,
CHN-AD-113,Qilu Chemical (Sinopec),
CHN-AD-113,Jilin Chemical Co Ltd,
CHN-AD-113,Beijing Oriental Chemical No. 4 Plant,
CHN-AD-114,Qilu Chemical (Sinopec),
CHN-AD-114,Jilin Chemical Co Ltd,
CHN-AD-114,Beijing Oriental Chemical No. 4 Plant,
CHN-AD-115,Qilu Chemical (Sinopec),
CHN-AD-115,Jilin Chemical Co Ltd,
CHN-AD-115,Beijing Oriental Chemical No. 4 Plant,
CHN-AD-116,Qilu Chemical (Sinopec),
CHN-AD-116,Jilin Chemical Co Ltd,
CHN-AD-116,Beijing Oriental Chemical No. 4 Plant,
CHN-AD-117,Qilu Chemical (Sinopec),
CHN-AD-117,Jilin Chemical Co Ltd,
CHN-AD-117,Beijing Oriental Chemical No. 4 Plant,
CHN-AD-118,Qilu Chemical (Sinopec),
CHN-AD-119,Qilu Chemical (Sinopec),
CHN-AD-120,Jilin Chemical Co Ltd,
CHN-AD-121,Jilin Chemical Co Ltd,
CHN-AD-122,Beijing Oriental Chemical No. 4 Plant,
CHN-AD-123,Beijing Oriental Chemical No. 4 Plant,
CHN-AD-124,Heilongjiang Petro-Chemical Co Ltd,
CHN-AD-124,Inner-Mongolia Lalun Agricultural Tech. Co Ltd,
CHN-AD-124,Helongjiang Wohua Potato Products Co Ltd,
CHN-AD-125,Heilongjiang Petro-Chemical Co Ltd,
CHN-AD-125,Inner-Mongolia Lalun Agricultural Tech. Co Ltd,
CHN-AD-125,Helongjiang Wohua Potato Products Co Ltd,
CHN-AD-126,Heilongjiang Petro-Chemical Co Ltd,
CHN-AD-126,Inner-Mongolia Lalun Agricultural Tech. Co Ltd,
CHN-AD-126,Helongjiang Wohua Potato Products Co Ltd,
CHN-AD-127,Heilongjiang Petro-Chemical Co Ltd,
CHN-AD-127,Inner-Mongolia Lalun Agricultural Tech. Co Ltd,
CHN-AD-127,Helongjiang Wohua Potato Products Co Ltd,
CHN-AD-128,Heilongjiang Petro-Chemical Co Ltd,
CHN-AD-128,Inner-Mongolia Lalun Agricultural Tech. Co Ltd,
CHN-AD-128,Helongjiang Wohua Potato Products Co Ltd,
CHN-AD-129,Daxinanling Lixue Potato Starch Co Ltd,
CHN-AD-129,Qinghai Weisidun Biotech Co Ltd,
CHN-AD-129,Inner-Mongolia Kexinyuan Food Co Ltd,
CHN-AD-130,Daxinanling Lixue Potato Starch Co Ltd,
CHN-AD-130,Qinghai Weisidun Biotech Co Ltd,
CHN-AD-130,Inner-Mongolia Kexinyuan Food Co Ltd,
CHN-AD-131,Daxinanling Lixue Potato Starch Co Ltd,
CHN-AD-131,Qinghai Weisidun Biotech Co Ltd,
CHN-AD-131,Inner-Mongolia Kexinyuan Food Co Ltd,
CHN-AD-132,Daxinanling Lixue Potato Starch Co Ltd,
CHN-AD-132,Qinghai Weisidun Biotech Co Ltd,
CHN-AD-132,Inner-Mongolia Kexinyuan Food Co Ltd,
CHN-AD-133,Daxinanling Lixue Potato Starch Co Ltd,
CHN-AD-133,Qinghai Weisidun Biotech Co Ltd,
CHN-AD-133,Inner-Mongolia Kexinyuan Food Co Ltd,
CHN-AD-134,Daxinanling Lixue Potato Starch Co Ltd,
CHN-AD-134,Qinghai Weisidun Biotech Co Ltd,
CHN-AD-134,Inner-Mongolia Kexinyuan Food Co Ltd,
CHN-AD-135,Gansu Xinda Potato Starch Co Ltd,
CHN-AD-136,Gansu Xinda Potato Starch Co Ltd,
CHN-AD-137,Neimenggu Talun Agricultural Tech. Co Ltd,
CHN-AD-137,Heilongjiang Wohua Potato Products Co Ltd,
CHN-AD-137,Daxinanling Lixue Potato Starch Co Ltd,
CHN-AD-137,Qinghai Weisidun Biotech Co Ltd,
CHN-AD-137,Neimenggu Kexinyuan Food Co Ltd,
CHN-AD-137,Gansu Xinda Potato Starch Co Ltd,
CHN-AD-137,Yunnan Zhaoyang Weili Potato Starch Co Ltd,
CHN-AD-138,Zhejiang  Kaiente speical materials Ltd.,
CHN-AD-139,Southwestern Pharmaceutical,
CHN-AD-140,Lanxing Chemical New Materials Ltd.,
CHN-AD-141,Lanxing Chemical New Materials Ltd.,
CHN-AD-142,Lanxing Chemical New Materials Ltd.,
CHN-AD-143,Lanxing Chemical New Materials Ltd.,
CHN-AD-144,Hushun PetroChemical Co. (Branch of Sinopec),
CHN-AD-144,Haerbin PetroChemical Co. (Branch of PetroChina),
CHN-AD-144,Xinjiang Dushanzi Tianli High-Tech  Co Ltd,
CHN-AD-144,Jiangsu Taizhou PetroChemical Plant,
CHN-AD-145,Hushun PetroChemical Co. (Branch of Sinopec),
CHN-AD-145,Haerbin PetroChemical Co. (Branch of PetroChina),
CHN-AD-145,Xinjiang Dushanzi Tianli High-Tech  Co Ltd,
CHN-AD-145,Jiangsu Taizhou PetroChemical Plant,
CHN-AD-146,Hushun PetroChemical Co. (Branch of Sinopec),
CHN-AD-146,Haerbin PetroChemical Co. (Branch of PetroChina),
CHN-AD-146,Xinjiang Dushanzi Tianli High-Tech  Co Ltd,
CHN-AD-146,Jiangsu Taizhou PetroChemical Plant,
CHN-AD-147,Shanghai Gaoqiao Branch Sinopec,
CHN-AD-147,Beijing Yanshan Branch Sinopec,
CHN-AD-147,Haerbin Branch of Lanxing Petro-Chemical New Materials Ltd.,
CHN-AD-148,Shanghai Gaoqiao Branch Sinopec,
CHN-AD-148,Beijing Yanshan Branch Sinopec,
CHN-AD-148,Haerbin Branch of Lanxing Petro-Chemical New Materials Ltd.,
CHN-AD-149,Shanghai Gaoqiao Branch Sinopec,
CHN-AD-149,Beijing Yanshan Branch Sinopec,
CHN-AD-149,Haerbin Branch of Lanxing Petro-Chemical New Materials Ltd.,
CHN-AD-150,Shanghai Gaoqiao Branch Sinopec,
CHN-AD-150,Beijing Yanshan Branch Sinopec,
CHN-AD-150,Haerbin Branch of Lanxing Petro-Chemical New Materials Ltd.,
CHN-AD-151,Lanxing Petro-Chemical New Materials Ltd.,
CHN-AD-151,Zhejiang Xin'an Chemical Co Ltd,
CHN-AD-152,Lanxing Petro-Chemical New Materials Ltd.,
CHN-AD-152,Zhejiang Xin'an Chemical Co Ltd,
CHN-AD-153,Beijing East-West Analytic Instrument Co Ltd,
CHN-AD-154,Shanxi Sanwei Group Co Ltd,
CHN-AD-155,Shanxi Sanwei Group Co Ltd,
CHN-AD-156,Liaoyang Petro-Natural Gas Co Ltd (Branch of PetroChina),
CHN-AD-157,Liaoyang Petro-Natural Gas Co Ltd (Branch of PetroChina),
CHN-AD-158,Liaoyang Petro-Natural Gas Co Ltd (Branch of PetroChina),
CHN-AD-159,Pindingshan Engineering Plastics Co Ltd,
CHN-AD-160,Pindingshan Engineering Plastics Co Ltd,
CHN-AD-161,Pindingshan Engineering Plastics Co Ltd,
CHN-AD-162,Pindingshan Engineering Plastics Co Ltd,
CHN-AD-163,Pindingshan Engineering Plastics Co Ltd,
CHN-AD-164,China's Industrial Association of Mechanical General Parts,
CHN-AD-165,Zhejiang HuaLian Sanxin Petro-chemical Co Ltd,
CHN-AD-165,Zhejiang Yisheng Petro-chemical Co Ltd,
CHN-AD-165,Xiamen Xianglu Petro-chemical Co Ltd,
CHN-AD-166,Zhejiang HuaLian Sanxin Petro-chemical Co Ltd,
CHN-AD-166,Zhejiang Yisheng Petro-chemical Co Ltd,
CHN-AD-166,Xiamen Xianglu Petro-chemical Co Ltd,
CHN-AD-167,Guangdong Zhaoqing Xinhu Biotech Co Ltd,
CHN-AD-168,Guangdong Zhaoqing Xinhu Biotech Co Ltd,
CHN-AD-169,Guangdong Xinhui Meida Nylon Co Ltd,
CHN-AD-169,Ningbo Shunlong Nylon Co Ltd,
CHN-AD-169,Wuxi Mingte Chemical Fiber Co Ltd,
CHN-AD-169,Zhejiang Huajian Nylon Co Ltd,
CHN-AD-169,Hangzhou Hongfu Jinlong Co Ltd,
CHN-AD-169,Wushi Chang'an Macro-molecular Material Plant,
CHN-AD-169,Yueyang Baling Petro-chemical Fiber Co Ltd,
CHN-AD-170,Guangdong Xinhui Meida Nylon Co Ltd,
CHN-AD-170,Ningbo Shunlong Nylon Co Ltd,
CHN-AD-170,Wuxi Mingte Chemical Fiber Co Ltd,
CHN-AD-170,Zhejiang Huajian Nylon Co Ltd,
CHN-AD-170,Hangzhou Hongfu Jinlong Co Ltd,
CHN-AD-170,Wushi Chang'an Macro-molecular Material Plant,
CHN-AD-170,Yueyang Baling Petro-chemical Fiber Co Ltd,
CHN-AD-171,Guangdong Xinhui Meida Nylon Co Ltd,
CHN-AD-171,Ningbo Shunlong Nylon Co Ltd,
CHN-AD-171,Wuxi Mingte Chemical Fiber Co Ltd,
CHN-AD-171,Zhejiang Huajian Nylon Co Ltd,
CHN-AD-171,Hangzhou Hongfu Jinlong Co Ltd,
CHN-AD-171,Wushi Chang'an Macro-molecular Material Plant,
CHN-AD-171,Yueyang Baling Petro-chemical Fiber Co Ltd,
CHN-AD-172,Guangdong Xinhui Meida Nylon Co Ltd,
CHN-AD-172,Ningbo Shunlong Nylon Co Ltd,
CHN-AD-172,Wuxi Mingte Chemical Fiber Co Ltd,
CHN-AD-172,Zhejiang Huajian Nylon Co Ltd,
CHN-AD-172,Hangzhou Hongfu Jinlong Co Ltd,
CHN-AD-172,Wushi Chang'an Macro-molecular Material Plant,
CHN-AD-172,Yueyang Baling Petro-chemical Fiber Co Ltd,
CHN-AD-173,Wuhan Steel Group,
CHN-AD-173,Shanghai Baosan Steel Group,
CHN-AD-174,Wuhan Steel Group,
CHN-AD-174,Shanghai Baosan Steel Group,
CHN-AD-175,China Methanol Association,
CHN-AD-176,China Methanol Association,
CHN-AD-177,China Methanol Association,
CHN-AD-178,China Methanol Association,
CHN-AD-179,China Animal Agricultural Association,
CHN-AD-180,Nuctech Company Limited,
CHN-AD-181,China Association of Automobile Manufacturers,
CHN-AD-182,Jiangsu Fasten Photonics Co. Ltd,
CHN-AD-182,FiberHome Fujikura Optic Technology Co Ltd,
CHN-AD-182,Futong Group,
CHN-AD-182,Hengtong Optical Fiber Co. Ltd,
CHN-AD-182,Chendu Sei Optical Fiber Co. Ltd,
CHN-AD-182,Zhongtian Technologies Fiber Optics Co. Ltd,
CHN-AD-183,Jiangsu Fasten Photonics Co. Ltd,
CHN-AD-183,FiberHome Fujikura Optic Technology Co Ltd,
CHN-AD-183,Futong Group,
CHN-AD-183,Hengtong Optical Fiber Co. Ltd,
CHN-AD-183,Chendu Sei Optical Fiber Co. Ltd,
CHN-AD-183,Zhongtian Technologies Fiber Optics Co. Ltd,
CHN-AD-184,SINOPEC Baling Company,
CHN-AD-184,SINOPEC Shijiazhuang Refining & Chemical Company,
CHN-AD-185,SINOPEC Baling Company,
CHN-AD-185,SINOPEC Shijiazhuang Refining & Chemical Company,
CHN-AD-186,Lucky Film Co. Ltd,
CHN-AD-187,Lucky Film Co. Ltd,
CHN-AD-188,Lucky Film Co. Ltd,
CHN-AD-189,Anhui BBCA Biochemical Co. Ltd,
CHN-AD-189,Ji Lin Fuel Alcohol Company Limited,
CHN-AD-189,Fukang Jiujing Co. Ltd,
CHN-AD-189,Jilin Province Xintianlong Wine Co. Ltd,
CHN-AD-190,Jiangsu Wujin Stainless Steel Pipe Group Co.Ltd.,
CHN-AD-190,Changshu Huaxin Pipe Co Ltd,
CHN-AD-190,Zhejiang Jiuli Hi-Tech Metals Co Ltd,supported the petition
CHN-AD-190,Jiangsu Yinhuan Precision Steel Tube Co Ltd,supported the petition
CHN-AD-190,Baoshan Steel Co Ltd,supported the petition
CHN-AD-191,Jiangsu Wujin Stainless Steel Pipe Group Co.Ltd.,
CHN-AD-191,Changshu Huaxin Pipe Co Ltd,
CHN-AD-191,Zhejiang Jiuli Hi-Tech Metals Co Ltd,supported the petition
CHN-AD-191,Jiangsu Yinhuan Precision Steel Tube Co Ltd,supported the petition
CHN-AD-191,Baoshan Steel Co Ltd,supported the petition
CHN-AD-192,Dynamic (Nanjing) Chemical Co Ltd,
CHN-AD-193,Dynamic (Nanjing) Chemical Co Ltd,
CHN-AD-194,MI,
CHN-AD-195,MI,
CHN-AD-196,MI,
CHN-AD-197,MI,
CHN-AD-198,Jiangsu Huaihe Chemicals Co Ltd,
CHN-AD-199,Jiangsu Zhongneng Silicon Technology Development Co Ltd,
CHN-AD-199,Jiangxi Saiwei LDK Photovoltaic Silicon Technology Co Ltd,
CHN-AD-199,China Silicon Corporation Ltd.,
CHN-AD-199,Daqo New Energy Co Ltd,
CHN-AD-200,Jiangsu Zhongneng Silicon Technology Development Co Ltd,
CHN-AD-200,Jiangxi Saiwei LDK Photovoltaic Silicon Technology Co Ltd,
CHN-AD-200,China Silicon Corporation Ltd.,
CHN-AD-200,Daqo New Energy Co Ltd,
CHN-AD-201,Anhui Guoxing Biochemical Co Ltd,
CHN-AD-201,Nanjing Redsun Biochemical Co Ltd,
CHN-AD-201,Weifang Luba Chemical Co Ltd,
CHN-AD-201,Nantong Reilly Chemical Corporation,
CHN-AD-202,Anhui Guoxing Biochemical Co Ltd,
CHN-AD-202,Nanjing Redsun Biochemical Co Ltd,
CHN-AD-202,Weifang Luba Chemical Co Ltd,
CHN-AD-202,Nantong Reilly Chemical Corporation,
CHN-AD-203,Jiangsu Zhongneng Silicon Technology Development Co Ltd,
CHN-AD-203,Jiangxi Saiwei LDK Photovoltaic Silicon Technology Co Ltd,
CHN-AD-203,China Silicon Corporation Ltd.,
CHN-AD-203,Daqo New Energy Co Ltd,
CHN-AD-204,Yibin Changyi Pulp Co Ltd,
CHN-AD-204,Yanbian Shixian Bailu Papermaking Co Ltd,
CHN-AD-204,Fujian Qingshan Paper Industry Co Ltd,
CHN-AD-204,Fujian Nanping Paper Co Ltd,
CHN-AD-204,Hebei Wallin Textile Raw Materials Co Ltd,
CHN-AD-204,Yumen Huayu Textile Co Ltd,
CHN-AD-204,Guizhou Chitianhua Paper Industry Co Ltd,
CHN-AD-204,Hunan Juntai Pulp & Paper Co Ltd,supported the petition
CHN-AD-204,Shandong Sun Paper Industry Joint Stock Co Ltd,supported the petition
CHN-AD-204,Manas Xiangyun Chemical Fiber Co Ltd,supported the petition
CHN-AD-204,Xinjiang Fangcaohu Wanxiang Chemical Fiber Co Ltd,supported the petition
CHN-AD-204,Yibin Zhuhai Bamboo Resource Science and Technology Co Ltd,supported the petition
CHN-AD-204,Yanling Chaofa Cotton Co Ltd,supported the petition
CHN-AD-204,Xinjiang Taichang Industry Co Ltd,supported the petition
CHN-AD-204,Aral Xinnong Cotton Pulp Co Ltd,supported the petition
CHN-AD-205,Yibin Changyi Pulp Co Ltd,
CHN-AD-205,Yanbian Shixian Bailu Papermaking Co Ltd,
CHN-AD-205,Fujian Qingshan Paper Industry Co Ltd,
CHN-AD-205,Fujian Nanping Paper Co Ltd,
CHN-AD-205,Hebei Wallin Textile Raw Materials Co Ltd,
CHN-AD-205,Yumen Huayu Textile Co Ltd,
CHN-AD-205,Guizhou Chitianhua Paper Industry Co Ltd,
CHN-AD-205,Hunan Juntai Pulp & Paper Co Ltd,supported the petition
CHN-AD-205,Shandong Sun Paper Industry Joint Stock Co Ltd,supported the petition
CHN-AD-205,Manas Xiangyun Chemical Fiber Co Ltd,supported the petition
CHN-AD-205,Xinjiang Fangcaohu Wanxiang Chemical Fiber Co Ltd,supported the petition
CHN-AD-205,Yibin Zhuhai Bamboo Resource Science and Technology Co Ltd,supported the petition
CHN-AD-205,Yanling Chaofa Cotton Co Ltd,supported the petition
CHN-AD-205,Xinjiang Taichang Industry Co Ltd,supported the petition
CHN-AD-205,Aral Xinnong Cotton Pulp Co Ltd,supported the petition
CHN-AD-206,Yibin Changyi Pulp Co Ltd,
CHN-AD-206,Yanbian Shixian Bailu Papermaking Co Ltd,
CHN-AD-206,Fujian Qingshan Paper Industry Co Ltd,
CHN-AD-206,Fujian Nanping Paper Co Ltd,
CHN-AD-206,Hebei Wallin Textile Raw Materials Co Ltd,
CHN-AD-206,Yumen Huayu Textile Co Ltd,
CHN-AD-206,Guizhou Chitianhua Paper Industry Co Ltd,
CHN-AD-206,Hunan Juntai Pulp & Paper Co Ltd,supported the petition
CHN-AD-206,Shandong Sun Paper Industry Joint Stock Co Ltd,supported the petition
CHN-AD-206,Manas Xiangyun Chemical Fiber Co Ltd,supported the petition
CHN-AD-206,Xinjiang Fangcaohu Wanxiang Chemical Fiber Co Ltd,supported the petition
CHN-AD-206,Yibin Zhuhai Bamboo Resource Science and Technology Co Ltd,supported the petition
CHN-AD-206,Yanling Chaofa Cotton Co Ltd,supported the petition
CHN-AD-206,Xinjiang Taichang Industry Co Ltd,supported the petition
CHN-AD-206,Aral Xinnong Cotton Pulp Co Ltd,supported the petition
CHN-AD-207,MI,
CHN-AD-208,MI,
CHN-AD-209,MI,
CHN-AD-210,Shandong Xinlong Technology Co Ltd,
CHN-AD-210,Haohua Honghe Chemical Co Ltd,
CHN-AD-210,Alashan Dakang Trichloroethylene and Perchlorethylene Co. Ltd,supported the petition
CHN-AD-210,Ningxia Kangmei Chemical Co Ltd,supported the petition
CHN-AD-210,Shandong Liaocheng Luxi Chemical Group No. 6 Chemical Fertilizer Co Ltd,supported the petition
CHN-AD-211,Shandong Xinlong Technology Co Ltd,
CHN-AD-211,Haohua Honghe Chemical Co Ltd,
CHN-AD-211,Alashan Dakang Trichloroethylene and Perchlorethylene Co. Ltd,supported the petition
CHN-AD-211,Ningxia Kangmei Chemical Co Ltd,supported the petition
CHN-AD-211,Shandong Liaocheng Luxi Chemical Group No. 6 Chemical Fertilizer Co Ltd,supported the petition
CHN-AD-212,China Alcoholic Drinks Association,
CHN-AD-213,Jiangsu Fasten Photonics Co Ltd,
CHN-AD-213,FiberHome Fujikura Optic Technology Co Ltd,
CHN-AD-213,Futong Group,
CHN-AD-213,Jiangsu Hengtong Photoelectric Stock Co Ltd,
CHN-AD-213,Chengdu SEI Optical Fiber Co Ltd,
CHN-AD-213,Zhongtian Technology Fiber Optic Co Ltd,
CHN-AD-213,Jiangsu Tongding Optic-electronic Stock Co Ltd,
CHN-AD-214,Taibond Food Technology Co Ltd,
CHN-AD-215,Yangtze Optical Fibre and Cable Company Ltd.,
CHN-AD-215,Jiangsu Hengtong Photoelectric Stock. Ltd.,
CHN-AD-215,Futong Group Co Ltd,
CHN-AD-215,Jiangsu Fasten Photonics Co Ltd,supported the petition
CHN-AD-215,Fiberhome Telecommunication Technologies Co. Ltd,supported the petition
CHN-AD-215,Zhongtian Technology Precision Materials Co Ltd,supported the petition
CHN-AD-216,Yangtze Optical Fibre and Cable Company Ltd.,
CHN-AD-216,Jiangsu Hengtong Photoelectric Stock. Ltd.,
CHN-AD-216,Futong Group Co Ltd,
CHN-AD-216,Jiangsu Fasten Photonics Co Ltd,supported the petition
CHN-AD-216,Fiberhome Telecommunication Technologies Co. Ltd,supported the petition
CHN-AD-216,Zhongtian Technology Precision Materials Co Ltd,supported the petition
CHN-AD-217,Chongqing Shanwaishan Science & Technology Co Ltd,
CHN-AD-218,Chongqing Shanwaishan Science & Technology Co Ltd,
CHN-AD-219,PetroChina Jilin Petrochemical Company,
CHN-AD-219,Heilongjiang Zhongmeng Longxin Chemical Co Ltd,
CHN-AD-220,PetroChina Jilin Petrochemical Company,
CHN-AD-220,Heilongjiang Zhongmeng Longxin Chemical Co Ltd,
CHN-AD-221,PetroChina Jilin Petrochemical Company,
CHN-AD-221,Heilongjiang Zhongmeng Longxin Chemical Co Ltd,
CHN-AD-222,Fujian Qingshan Paper Industry Co. Ltd,
CHN-AD-222,Zhaoqing Kelun Paper Co. Ltd,supported the petition
CHN-AD-222,Yongzhou Xiangjiang Paper Co. Ltd,supported the petition
CHN-AD-223,Fujian Qingshan Paper Industry Co. Ltd,
CHN-AD-223,Zhaoqing Kelun Paper Co. Ltd,supported the petition
CHN-AD-223,Yongzhou Xiangjiang Paper Co. Ltd,supported the petition
CHN-AD-224,Fujian Qingshan Paper Industry Co. Ltd,
CHN-AD-224,Zhaoqing Kelun Paper Co. Ltd,supported the petition
CHN-AD-224,Yongzhou Xiangjiang Paper Co. Ltd,supported the petition
CHN-AD-225,Jilin Qifeng Chemical Fiber Co Ltd,
CHN-AD-225,Jilin Jimeng Acrylic Fibers Co Ltd,
CHN-AD-225,Zhejiang Hangzhou Bay Acrylic Fibers Co Ltd,
CHN-AD-225,Ningbo Zhongxin Acrylic Fibers Co Ltd,
CHN-AD-225,Sinopec Shanghai Petrochemical Company Limited,supported the petition
CHN-AD-226,Jilin Qifeng Chemical Fiber Co Ltd,
CHN-AD-226,Jilin Jimeng Acrylic Fibers Co Ltd,
CHN-AD-226,Zhejiang Hangzhou Bay Acrylic Fibers Co Ltd,
CHN-AD-226,Ningbo Zhongxin Acrylic Fibers Co Ltd,
CHN-AD-226,Sinopec Shanghai Petrochemical Company Limited,supported the petition
CHN-AD-227,Jilin Qifeng Chemical Fiber Co Ltd,
CHN-AD-227,Jilin Jimeng Acrylic Fibers Co Ltd,
CHN-AD-227,Zhejiang Hangzhou Bay Acrylic Fibers Co Ltd,
CHN-AD-227,Ningbo Zhongxin Acrylic Fibers Co Ltd,
CHN-AD-227,Sinopec Shanghai Petrochemical Company Limited,supported the petition
CHN-AD-228,Wuhan Iron and Steel (Group) Corp,
CHN-AD-228,Baosteel Group Corporation,
CHN-AD-229,Wuhan Iron and Steel (Group) Corp,
CHN-AD-229,Baosteel Group Corporation,
CHN-AD-230,Wuhan Iron and Steel (Group) Corp,
CHN-AD-230,Baosteel Group Corporation,
CHN-AD-231,Advanced Technology & Materials Co Ltd,
CHN-AD-232,Advanced Technology & Materials Co Ltd,
CHN-AD-233,China Alcoholic Drinks Association,
CHN-AD-234,MI,
CHN-AD-235,Shanghai BlueStar POM Co Ltd,
CHN-AD-235,Yunnan Yuntianhua Co Ltd,
CHN-AD-235,Kaifeng Longyu Chemical Industry Co Ltd,
CHN-AD-235,Yankuang Lunan Chemical Fertilizer Plant,supported the petition
CHN-AD-236,Shanghai BlueStar POM Co Ltd,
CHN-AD-236,Yunnan Yuntianhua Co Ltd,
CHN-AD-236,Kaifeng Longyu Chemical Industry Co Ltd,
CHN-AD-236,Yankuang Lunan Chemical Fertilizer Plant,supported the petition
CHN-AD-237,Shanghai BlueStar POM Co Ltd,
CHN-AD-237,Yunnan Yuntianhua Co Ltd,
CHN-AD-237,Kaifeng Longyu Chemical Industry Co Ltd,
CHN-AD-237,Yankuang Lunan Chemical Fertilizer Plant,supported the petition
CHN-AD-238,Suzou Luosen Auxiliaries Co Ltd,
CHN-AD-239,Nantong Xingchen Synthetic Material Co Ltd,
CHN-AD-240,Jilin Petrochemical Branch of PetroChina Company Limited,
CHN-AD-240,Ningbo Oceanking Chemical Development Co Ltd,
CHN-AD-241,Jilin Petrochemical Branch of PetroChina Company Limited,
CHN-AD-241,Ningbo Oceanking Chemical Development Co Ltd,
CHN-AD-242,Jilin Petrochemical Branch of PetroChina Company Limited,
CHN-AD-242,Ningbo Oceanking Chemical Development Co Ltd,
CHN-AD-243,Weifang Runnong Chemical Co Ltd,
CHN-AD-244,Xinyang Technology Group Corporation Limited,
CHN-AD-244,Tianjin Dagu Chemical Co Ltd,
CHN-AD-244,Jiangsu Leasty Chemical Co Ltd,
CHN-AD-244,Changzhou Donghao Chemical Co Ltd,
CHN-AD-244,Ningbo Keyuan Plastic Co Ltd,
CHN-AD-244,Shandong Shengyuan Petrochemical Technology Co Ltd,
CHN-AD-245,Xinyang Technology Group Corporation Limited,
CHN-AD-245,Tianjin Dagu Chemical Co Ltd,
CHN-AD-245,Jiangsu Leasty Chemical Co Ltd,
CHN-AD-245,Changzhou Donghao Chemical Co Ltd,
CHN-AD-245,Ningbo Keyuan Plastic Co Ltd,
CHN-AD-245,Shandong Shengyuan Petrochemical Technology Co Ltd,
CHN-AD-246,Xinyang Technology Group Corporation Limited,
CHN-AD-246,Tianjin Dagu Chemical Co Ltd,
CHN-AD-246,Jiangsu Leasty Chemical Co Ltd,
CHN-AD-246,Changzhou Donghao Chemical Co Ltd,
CHN-AD-246,Ningbo Keyuan Plastic Co Ltd,
CHN-AD-246,Shandong Shengyuan Petrochemical Technology Co Ltd,
CHN-AD-247,China Animal Agricultural Association,
CHN-AD-248,Zhejiang Cenway New Materials Co Ltd,
CHN-AD-248,Panjin Heyun New Materials Co Ltd,
CHN-AD-249,Zhejiang Cenway New Materials Co Ltd,
CHN-AD-249,Panjin Heyun New Materials Co Ltd,
CHN-AD-250,Zhejiang Cenway New Materials Co Ltd,
CHN-AD-250,Panjin Heyun New Materials Co Ltd,
CHN-AD-251,Taian Hanwei Group Co Ltd,
CHN-AD-252,Taian Hanwei Group Co Ltd,
CHN-AD-253,Jiaxing Jinyan Chemical Co Ltd,
CHN-AD-253,Hubei Xianlin Chemical Co Ltd,
CHN-AD-253,Shanghai Fujia Fine Chemical Co Ltd,
CHN-AD-253,Oriental Petrochemical (Yangzhou) Corporation,
CHN-AD-253,Lotte Chemical (Jiaxing) Corp,
CHN-AD-253,Maoming Shihua Dongcheng Chemical Co Ltd,
CHN-AD-254,Jiaxing Jinyan Chemical Co Ltd,
CHN-AD-254,Hubei Xianlin Chemical Co Ltd,
CHN-AD-254,Shanghai Fujia Fine Chemical Co Ltd,
CHN-AD-254,Oriental Petrochemical (Yangzhou) Corporation,
CHN-AD-254,Lotte Chemical (Jiaxing) Corp,
CHN-AD-254,Maoming Shihua Dongcheng Chemical Co Ltd,
CHN-AD-255,Jiaxing Jinyan Chemical Co Ltd,
CHN-AD-255,Hubei Xianlin Chemical Co Ltd,
CHN-AD-255,Shanghai Fujia Fine Chemical Co Ltd,
CHN-AD-255,Oriental Petrochemical (Yangzhou) Corporation,
CHN-AD-255,Lotte Chemical (Jiaxing) Corp,
CHN-AD-255,Maoming Shihua Dongcheng Chemical Co Ltd,
CHN-AD-256,Jiaxing Jinyan Chemical Co Ltd,
CHN-AD-256,Hubei Xianlin Chemical Co Ltd,
CHN-AD-256,Shanghai Fujia Fine Chemical Co Ltd,
CHN-AD-256,Oriental Petrochemical (Yangzhou) Corporation,
CHN-AD-256,Lotte Chemical (Jiaxing) Corp,
CHN-AD-256,Maoming Shihua Dongcheng Chemical Co Ltd,
CHN-AD-257,"PetroChina Co Ltd, Lanzhou Branch",
CHN-AD-257,Ningbo Shunze Rubber Co Ltd,
CHN-AD-258,"PetroChina Co Ltd, Lanzhou Branch",
CHN-AD-258,Ningbo Shunze Rubber Co Ltd,
CHN-AD-259,PetroChina Company Limited Jilin Petrochemical Branch,
CHN-AD-259,PetroChina Company Limited Daqing Petrochemical Branch,
CHN-AD-259,PetroChina Sichuan Petrochemical Co Ltd,
CHN-AD-260,PetroChina Company Limited Jilin Petrochemical Branch,
CHN-AD-260,PetroChina Company Limited Daqing Petrochemical Branch,
CHN-AD-260,PetroChina Sichuan Petrochemical Co Ltd,
CHN-AD-261,PetroChina Company Limited Jilin Petrochemical Branch,
CHN-AD-261,PetroChina Company Limited Daqing Petrochemical Branch,
CHN-AD-261,PetroChina Sichuan Petrochemical Co Ltd,
CHN-AD-262,Jiangsu Yangnong Chemical Group Co Ltd,
CHN-AD-263,Jiangsu Yangnong Chemical Group Co Ltd,
CHN-AD-264,The Ministry of Commerce (investigation self-initiated),
CHN-AD-265,PetroChina Company Limited Jilin Petrochemical Branch,
CHN-AD-265,Changchun Chemical (Jiangsu) Co Ltd,
CHN-AD-265,Xisa Chemical (Shanghai) Co Ltd,
CHN-AD-265,Shanghai Sinopec Mitsui Chemicals Co Ltd,
CHN-AD-265,China BlueStar Harbin Petrochemical Co Ltd,
CHN-AD-265,Shiyou Chemical (Yangzhou) Co Ltd,
CHN-AD-265,Huizhou Zhongxin Chemical Co Ltd,
CHN-AD-266,PetroChina Company Limited Jilin Petrochemical Branch,
CHN-AD-266,Changchun Chemical (Jiangsu) Co Ltd,
CHN-AD-266,Xisa Chemical (Shanghai) Co Ltd,
CHN-AD-266,Shanghai Sinopec Mitsui Chemicals Co Ltd,
CHN-AD-266,China BlueStar Harbin Petrochemical Co Ltd,
CHN-AD-266,Shiyou Chemical (Yangzhou) Co Ltd,
CHN-AD-266,Huizhou Zhongxin Chemical Co Ltd,
CHN-AD-267,PetroChina Company Limited Jilin Petrochemical Branch,
CHN-AD-267,Changchun Chemical (Jiangsu) Co Ltd,
CHN-AD-267,Xisa Chemical (Shanghai) Co Ltd,
CHN-AD-267,Shanghai Sinopec Mitsui Chemicals Co Ltd,
CHN-AD-267,China BlueStar Harbin Petrochemical Co Ltd,
CHN-AD-267,Shiyou Chemical (Yangzhou) Co Ltd,
CHN-AD-267,Huizhou Zhongxin Chemical Co Ltd,
CHN-AD-268,PetroChina Company Limited Jilin Petrochemical Branch,
CHN-AD-268,Changchun Chemical (Jiangsu) Co Ltd,
CHN-AD-268,Xisa Chemical (Shanghai) Co Ltd,
CHN-AD-268,Shanghai Sinopec Mitsui Chemicals Co Ltd,
CHN-AD-268,China BlueStar Harbin Petrochemical Co Ltd,
CHN-AD-268,Shiyou Chemical (Yangzhou) Co Ltd,
CHN-AD-268,Huizhou Zhongxin Chemical Co Ltd,
CHN-AD-269,PetroChina Company Limited Jilin Petrochemical Branch,
CHN-AD-269,Changchun Chemical (Jiangsu) Co Ltd,
CHN-AD-269,Xisa Chemical (Shanghai) Co Ltd,
CHN-AD-269,Shanghai Sinopec Mitsui Chemicals Co Ltd,
CHN-AD-269,China BlueStar Harbin Petrochemical Co Ltd,
CHN-AD-269,Shiyou Chemical (Yangzhou) Co Ltd,
CHN-AD-269,Huizhou Zhongxin Chemical Co Ltd,
CHN-AD-270,Shanxi Taigang Stainless Steel Co Ltd,
CHN-AD-271,Shanxi Taigang Stainless Steel Co Ltd,
CHN-AD-272,Shanxi Taigang Stainless Steel Co Ltd,
CHN-AD-273,Shanxi Taigang Stainless Steel Co Ltd,
CHN-AD-274,MI,
CHN-AD-275,MI,
CHN-AD-276,China Chamber of International Commerce,
CHN-AD-277,Ningbo Renijan Pharmaceutical Co Ltd,
CHN-AD-278,Ningxia Ziguang Tianhua Methionine Co Ltd,
CHN-AD-279,Ningxia Ziguang Tianhua Methionine Co Ltd,
CHN-AD-280,Ningxia Ziguang Tianhua Methionine Co Ltd,
CHN-AD-281,Zhejiang NHU Special Materials Co Ltd,
CHN-AD-282,Zhejiang NHU Special Materials Co Ltd,
CHN-AD-283,Zhejiang NHU Special Materials Co Ltd,
CHN-AD-284,Zhejiang NHU Special Materials Co Ltd,
CHN-AD-285,China National Petroleum Corporation Jilin Petrochemical Branch,
CHN-AD-285,Shanghai Sinopec Mitsui Elastomer Co Ltd,
CHN-AD-286,China National Petroleum Corporation Jilin Petrochemical Branch,
CHN-AD-286,Shanghai Sinopec Mitsui Elastomer Co Ltd,
CHN-AD-287,China National Petroleum Corporation Jilin Petrochemical Branch,
CHN-AD-287,Shanghai Sinopec Mitsui Elastomer Co Ltd,
CHN-AD-288,Nanjing RongXin Chemical Co Ltd,
CHN-AD-288,Zibo Nalcohol Chemical Co Ltd,
CHN-AD-288,Nanjing Noo New Materials Co Ltd,
CHN-AD-289,Anhui Haihua Chemical Technology Co Ltd,
CHN-AD-290,Anhui Haihua Chemical Technology Co Ltd,
CHN-AD-291,Anhui Haihua Chemical Technology Co Ltd,
CHN-AD-292,"Nantong Xingchen Synthetic Material Co., Ltd.",
CHN-AD-293,China Liquor Industry Association,
CHN-AD-294,"Jiangsu Yida Chemical Co., Ltd.",
CHN-AD-294,"Jilin Yida Chemical Co., Ltd.",
CHN-AD-294,"Zhuhai Yida Chemical Co., Ltd.",
CHN-AD-295,"Xinjiang Zhongtai Chemical Co., Ltd.",
CHN-AD-295,"Xinjiang Tianye (Group) Co., Ltd.",
CHN-AD-295,"Shaanxi Beiyuan Chemical Group Co., Ltd.",
CHN-AD-295,"Tianjin Dagu Chemical Co., Ltd.",
CHN-AD-295,"Yibin Tianyuan Group Co., Ltd.",