CASE_ID,D_FIRM,CASE_ITC,NOTES,
USA-CVD-1,MI,753-TA-022,,
USA-CVD-2,MI,753-TA-005,,
USA-CVD-3,MI,753-TA-033,,
USA-CVD-4,MI,303-TA-014,,
USA-CVD-5,MI,701-TA-064,,
USA-CVD-6,MI,753-TA-003,,
USA-CVD-7,MI,701-TA-065,,
USA-CVD-8,MI,COLOMBIA-1,,
USA-CVD-9,MI,701-TA-066,,
USA-CVD-10,MI,753-TA-012,,
USA-CVD-11,MI,701-TA-067,,
USA-CVD-12,MI,701-TA-068,,
USA-CVD-13,MI,701-TA-080,,
USA-CVD-14,MI,AUSTRALIA-1,,
USA-CVD-15,MI,701-TA-069,,
USA-CVD-16,MI,701-TA-070,,
USA-CVD-17,MI,701-TA-071,,
USA-CVD-18,MI,701-TA-072,,
USA-CVD-19,MI,701-TA-073,,
USA-CVD-20,MI,701-TA-074,,
USA-CVD-21,MI,701-TA-075,,
USA-CVD-22,MI,701-TA-076,,
USA-CVD-23,MI,701-TA-077,,
USA-CVD-24,MI,701-TA-078,,
USA-CVD-25,MI,701-TA-079,,
USA-CVD-26,MI,701-TA-081,,
USA-CVD-27,MI,753-TA-011,,
USA-CVD-28,MI,701-TA-082,,
USA-CVD-29,MI,701-TA-083,,
USA-CVD-30,MI,701-TA-084,,
USA-CVD-31,MI,701-TA-085,,
USA-CVD-32,MI,SAFRICA-3,,
USA-CVD-33,MI,SAFRICA-2,,
USA-CVD-34,MI,701-TA-183,,
USA-CVD-35,MI,701-TA-086,,
USA-CVD-36,MI,701-TA-087,,
USA-CVD-37,MI,701-TA-088,,
USA-CVD-38,MI,701-TA-089,,
USA-CVD-39,MI,701-TA-090,,
USA-CVD-40,MI,701-TA-091,,
USA-CVD-41,MI,701-TA-092,,
USA-CVD-42,MI,701-TA-093,,
USA-CVD-43,MI,701-TA-094,,
USA-CVD-44,MI,701-TA-095,,
USA-CVD-45,MI,701-TA-096,,
USA-CVD-46,MI,701-TA-097,,
USA-CVD-47,MI,701-TA-098,,
USA-CVD-48,MI,701-TA-099,,
USA-CVD-49,MI,701-TA-100,,
USA-CVD-50,MI,701-TA-101,,
USA-CVD-51,MI,701-TA-102,,
USA-CVD-52,MI,701-TA-103,,
USA-CVD-53,MI,701-TA-104,,
USA-CVD-54,MI,701-TA-105,,
USA-CVD-55,MI,701-TA-106,,
USA-CVD-56,MI,701-TA-107,,
USA-CVD-57,MI,701-TA-108,,
USA-CVD-58,MI,701-TA-109,,
USA-CVD-59,MI,701-TA-110,,
USA-CVD-60,MI,701-TA-111,,
USA-CVD-61,MI,701-TA-112,,
USA-CVD-62,MI,701-TA-113,,
USA-CVD-63,MI,701-TA-114,,
USA-CVD-64,MI,701-TA-115,,
USA-CVD-65,MI,701-TA-116,,
USA-CVD-66,MI,701-TA-117,,
USA-CVD-67,MI,701-TA-118,,
USA-CVD-68,MI,701-TA-119,,
USA-CVD-69,MI,701-TA-120,,
USA-CVD-70,MI,701-TA-121,,
USA-CVD-71,MI,701-TA-122,,
USA-CVD-72,MI,701-TA-123,,
USA-CVD-73,MI,701-TA-124,,
USA-CVD-74,MI,701-TA-125,,
USA-CVD-75,MI,701-TA-126,,
USA-CVD-76,MI,701-TA-127,,
USA-CVD-77,MI,701-TA-128,,
USA-CVD-78,MI,701-TA-129,,
USA-CVD-79,MI,701-TA-130,,
USA-CVD-80,MI,701-TA-131,,
USA-CVD-81,MI,701-TA-132,,
USA-CVD-82,MI,701-TA-133,,
USA-CVD-83,MI,701-TA-134,,
USA-CVD-84,MI,701-TA-135,,
USA-CVD-85,MI,701-TA-136,,
USA-CVD-86,MI,701-TA-137,,
USA-CVD-87,MI,701-TA-138,,
USA-CVD-88,MI,701-TA-139,,
USA-CVD-89,MI,701-TA-140,,
USA-CVD-90,MI,701-TA-141,,
USA-CVD-91,MI,701-TA-142,,
USA-CVD-92,MI,701-TA-143,,
USA-CVD-93,MI,701-TA-144,,
USA-CVD-94,MI,701-TA-146,,
USA-CVD-95,MI,701-TA-147,,
USA-CVD-96,MI,701-TA-154,,
USA-CVD-97,MI,701-TA-155,,
USA-CVD-98,MI,701-TA-156,,
USA-CVD-99,MI,701-TA-157,,
USA-CVD-100,MI,701-TA-158,,
USA-CVD-101,MI,701-TA-159,,
USA-CVD-102,MI,701-TA-160,,
USA-CVD-103,MI,701-TA-161,,
USA-CVD-104,MI,701-TA-162,,
USA-CVD-105,MI,701-TA-163,,
USA-CVD-106,MI,SAFRICA-4A,,
USA-CVD-107,MI,SAFRICA-4B,,
USA-CVD-108,MI,SAFRICA-4C,,
USA-CVD-109,MI,SAFRICA-4D,,
USA-CVD-110,MI,SAFRICA-4E,,
USA-CVD-111,MI,SAFRICA-4F,,
USA-CVD-112,MI,SAFRCA-4G,,
USA-CVD-113,MI,SAFRICA-4H,,
USA-CVD-114,MI,701-TA-145,,
USA-CVD-115,MI,SAFRICA-5,,
USA-CVD-116,MI,ARGENTINA-1,,
USA-CVD-117,MI,701-TA-148,,
USA-CVD-118,MI,701-TA-149,,
USA-CVD-119,MI,701-TA-150,,
USA-CVD-120,MI,701-TA-151,,
USA-CVD-121,MI,701-TA-176,,
USA-CVD-122,MI,701-TA-177,,
USA-CVD-123,MI,701-TA-178,,
USA-CVD-124,MI,701-TA-152,,
USA-CVD-125,MI,701-TA-153,,
USA-CVD-126,MI,701-TA-164,,
USA-CVD-127,MI,MEXICO-1,,
USA-CVD-128,MI,701-TA-165,,
USA-CVD-129,MI,701-TA-166,,
USA-CVD-130,MI,701-TA-167,,
USA-CVD-131,MI,701-TA-168,,
USA-CVD-132,MI,701-TA-169,,
USA-CVD-133,MI,701-TA-170,,
USA-CVD-134,MI,701-TA-171,,
USA-CVD-135,MI,701-TA-172,,
USA-CVD-136,MI,701-TA-173,,
USA-CVD-137,MI,701-TA-174,,
USA-CVD-138,MI,701-TA-175,,
USA-CVD-139,MI,SAFRICA-6,,
USA-CVD-140,MI,SAFRICA-7,,
USA-CVD-141,MI,753-TA-018,,
USA-CVD-142,MI,753-TA-019,,
USA-CVD-143,MI,701-TA-179,,
USA-CVD-144,MI,701-TA-180,,
USA-CVD-145,MI,701-TA-181,,
USA-CVD-146,MI,MEXICO-3,,
USA-CVD-147,MI,MEXICO-4,,
USA-CVD-148,MI,701-TA-182,,
USA-CVD-149,MI,MEXICO-2,,
USA-CVD-150,MI,701-TA-184,,
USA-CVD-151,MI,701-TA-185,,
USA-CVD-152,MI,701-TA-186,,
USA-CVD-153,MI,701-TA-187,,
USA-CVD-154,MI,COLOMBIA-2,,
USA-CVD-155,MI,701-TA-188,,
USA-CVD-156,MI,MEXICO-5,,
USA-CVD-157,MI,701-TA-189,,
USA-CVD-158,MI,701-TA-191,,
USA-CVD-159,MI,701-TA-192,,
USA-CVD-160,MI,701-TA-193,,
USA-CVD-161,MI,701-TA-194,,
USA-CVD-162,MI,MEXICO-6,,
USA-CVD-163,MI,701-TA-190,,
USA-CVD-164,MI,ARGENTINA-2,,
USA-CVD-165,MI,SAFRICA-8,,
USA-CVD-166,MI,701-TA-195,,
USA-CVD-167,MI,701-TA-196,,
USA-CVD-168,MI,701-TA-197,,
USA-CVD-169,MI,701-TA-198,,
USA-CVD-170,MI,701-TA-199,,
USA-CVD-171,MI,701-TA-200,,
USA-CVD-172,MI,MEXICO-7,,
USA-CVD-173,MI,MEXICO-8,,
USA-CVD-174,MI,MEXICO-9,,
USA-CVD-175,MI,SAFRICA-9,,
USA-CVD-176,MI,MEXICO-10,,
USA-CVD-177,MI,MEXICO-11,,
USA-CVD-178,MI,PHILIPPINES-1,,
USA-CVD-179,MI,701-TA-201,,
USA-CVD-180,MI,TRINIDAD-1,,
USA-CVD-181,MI,SINGAPORE-1,,
USA-CVD-182,MI,701-TA-202,,
USA-CVD-183,MI,MEXICO-12,,
USA-CVD-184,MI,MEXICO-13,,
USA-CVD-185,MI,701-TA-203,,
USA-CVD-186,MI,MEXICO-14,,
USA-CVD-187,MI,753-TA-002,,
USA-CVD-188,MI,MEXICO-15,,
USA-CVD-189,MI,701-TA-204,,
USA-CVD-190,MI,701-TA-205,,
USA-CVD-191,MI,701-TA-206,,
USA-CVD-192,MI,701-TA-207,,
USA-CVD-193,MI,701-TA-208,,
USA-CVD-194,MI,CZECHOSLOVAKIA-1,,
USA-CVD-195,MI,POLAND-1,,
USA-CVD-196,MI,701-TA-209,,
USA-CVD-197,MI,701-TA-210,,
USA-CVD-198,MI,701-TA-211,,
USA-CVD-199,MI,701-TA-212,,
USA-CVD-200,MI,MEXICO-16,,
USA-CVD-201,MI,MEXICO-17,,
USA-CVD-202,MI,PERU-1,,
USA-CVD-203,MI,USSR-1,,
USA-CVD-204,MI,EAST GERMANY-1,,
USA-CVD-205,MI,701-TA-213,,
USA-CVD-206,MI,701-TA-214,,
USA-CVD-207,MI,701-TA-215,,
USA-CVD-208,MI,701-TA-216,,
USA-CVD-209,MI,701-TA-217,,
USA-CVD-210,MI,ARGENTINA-3,,
USA-CVD-211,MI,MEXICO-18,,
USA-CVD-212,MI,701-TA-218,,
USA-CVD-213,MI,701-TA-219,,
USA-CVD-214,MI,COSTA RICA-1,,
USA-CVD-215,MI,701-TA-220,,
USA-CVD-216,MI,PORTUGAL-1,,
USA-CVD-217,MI,PANAMA-1,,
USA-CVD-218,MI,753-TA-021,,
USA-CVD-219,MI,SINGAPORE-2,,
USA-CVD-220,MI,753-TA-024,,
USA-CVD-221,MI,753-TA-007,,
USA-CVD-222,MI,753-TA-001,,
USA-CVD-223,MI,MALAYSIA-2,,
USA-CVD-224,MI,701-TA-245,,
USA-CVD-225,MI,701-TA-246,,
USA-CVD-226,MI,753-TA-023,,
USA-CVD-227,MI,COLOMBIA-3,,
USA-CVD-228,MI,753-TA-013,,
USA-CVD-229,MI,701-TA-247,,
USA-CVD-230,MI,CHINA-1,,
USA-CVD-231,MI,303-TA-015,,
USA-CVD-232,MI,MEXICO-19,,
USA-CVD-233,MI,701-TA-221,,
USA-CVD-234,MI,701-TA-222,,
USA-CVD-235,MI,701-TA-223,,
USA-CVD-236,MI,MEXICO-20,,
USA-CVD-237,MI,701-TA-224,,
USA-CVD-238,MI,701-TA-250,,
USA-CVD-239,MI,701-TA-225,,
USA-CVD-240,MI,701-TA-226,,
USA-CVD-241,MI,701-TA-227,,
USA-CVD-242,MI,701-TA-228,,
USA-CVD-243,MI,701-TA-229,,
USA-CVD-244,MI,701-TA-230,,
USA-CVD-245,MI,701-TA-231,,
USA-CVD-246,MI,701-TA-232,,
USA-CVD-247,MI,701-TA-233,,
USA-CVD-248,MI,701-TA-234,,
USA-CVD-249,MI,701-TA-235,,
USA-CVD-250,MI,701-TA-236,,
USA-CVD-251,MI,701-TA-237,,
USA-CVD-252,MI,701-TA-238,,
USA-CVD-253,MI,SAFRICA-10,,
USA-CVD-254,MI,753-TA-014,,
USA-CVD-255,MI,701-TA-239,,
USA-CVD-256,MI,701-TA-240,,
USA-CVD-257,MI,701-TA-241,,
USA-CVD-258,MI,753-TA-027,,
USA-CVD-259,MI,701-TA-242,,
USA-CVD-260,MI,MEXICO-21,,
USA-CVD-261,MI,NEW ZEALAND-1,,
USA-CVD-262,MI,701-TA-243,,
USA-CVD-263,MI,701-TA-244,,
USA-CVD-264,MI,701-TA-248,,
USA-CVD-265,MI,701-TA-249a,,
USA-CVD-266,MI,701-TA-249b,,
USA-CVD-267,MI,303-TA-016,,
USA-CVD-268,MI,SAUDI ARABIA-1,,
USA-CVD-269,MI,753-TA-020,,
USA-CVD-270,MI,701-TA-251,,
USA-CVD-271,MI,701-TA-252,,
USA-CVD-272,MI,701-TA-253,,
USA-CVD-273,MI,YUGOSLAVIA-1,,
USA-CVD-274,MI,701-TA-254,,
USA-CVD-275,MI,701-TA-255,,
USA-CVD-276,MI,701-TA-256,,
USA-CVD-277,MI,701-TA-257,,
USA-CVD-278,MI,SINGAPORE-3,,
USA-CVD-279,MI,701-TA-258,,
USA-CVD-280,MI,701-TA-259,,
USA-CVD-281,MI,701-TA-260,,
USA-CVD-282,MI,753-TA-028,,
USA-CVD-283,MI,IRAN-1,,
USA-CVD-284,MI,753-TA-017,,
USA-CVD-285,MI,701-TA-261,,
USA-CVD-286,MI,701-TA-262,,
USA-CVD-287,MI,701-TA-263,,
USA-CVD-288,MI,701-TA-264,,
USA-CVD-289,MI,701-TA-261a,,
USA-CVD-290,MI,701-TA-263a,,
USA-CVD-291,MI,701-TA-264a,,
USA-CVD-292,MI,701-TA-265,,
USA-CVD-293,MI,701-TA-266,,
USA-CVD-294,MI,701-TA-267,,
USA-CVD-295,MI,701-TA-268,,
USA-CVD-296,MI,753-TA-032,,
USA-CVD-297,MI,701-TA-269,,
USA-CVD-298,MI,701-TA-270,,
USA-CVD-299,MI,701-TA-271,,
USA-CVD-300,MI,701-TA-272,,
USA-CVD-301,MI,753-TA-015,,
USA-CVD-302,MI,701-TA-273,,
USA-CVD-303,MI,MALAYSIA-3,,
USA-CVD-304,MI,701-TA-274,,
USA-CVD-305,MI,COLOMBIA-4,,
USA-CVD-306,MI,COSTA RICA-2,,
USA-CVD-307,MI,303-TA-017,,
USA-CVD-308,MI,303-TA-018,,
USA-CVD-309,MI,ECUADOR-1,,
USA-CVD-310,MI,701-TA-275,,
USA-CVD-311,MI,701-TA-276,,
USA-CVD-312,MI,701-TA-277,,
USA-CVD-313,MI,701-TA-278,,
USA-CVD-314,MI,701-TA-279,,
USA-CVD-315,MI,IRAN-2,,
USA-CVD-316,MI,701-TA-280,,
USA-CVD-317,MI,701-TA-281,,
USA-CVD-318,MI,701-TA-282,,
USA-CVD-319,MI,701-TA-283,,
USA-CVD-320,MI,701-TA-284,,
USA-CVD-321,MI,701-TA-285,,
USA-CVD-322,MI,701-TA-286,,
USA-CVD-323,MI,753-TA-029,,
USA-CVD-324,MI,753-TA-016,,
USA-CVD-325,MI,701-TA-287,,
USA-CVD-326,MI,701-TA-288,,
USA-CVD-327,MI,701-TA-289,,
USA-CVD-328,MI,IRAN-3,,
USA-CVD-329,MI,753-TA-010,,
USA-CVD-330,MI,SINGAPORE-4,,
USA-CVD-331,MI,753-TA-004,,
USA-CVD-332,MI,753-TA-006,,
USA-CVD-333,MI,753-TA-008,,
USA-CVD-334,MI,753-TA-009,,
USA-CVD-335,MI,303-TA-019,,
USA-CVD-336,MI,303-TA-020,,
USA-CVD-337,MI,MALAYSIA-4,,
USA-CVD-338,MI,701-TA-290,,
USA-CVD-339,MI,701-TA-291,,
USA-CVD-340,MI,701-TA-292,,
USA-CVD-341,MI,MALAYSIA-5,,
USA-CVD-342,MI,701-TA-293,,
USA-CVD-343,MI,701-TA-294,,
USA-CVD-344,MI,701-TA-295,,
USA-CVD-345,MI,701-TA-296,,
USA-CVD-346,MI,753-TA-026,,
USA-CVD-347,MI,701-TA-297,,
USA-CVD-348,MI,701-TA-298,,
USA-CVD-349,MI,SAUDI ARABIA-2,,
USA-CVD-350,MI,UAE-1,,
USA-CVD-351,Nail Committee of the American Wire Producers Association,MALAYSIA-1,,
USA-CVD-352,MI,701-TA-299,,
USA-CVD-353,MI,701-TA-300,,
USA-CVD-354,MI,753-TA-025,,
USA-CVD-355,"Visible Systems Corporation, of Waltham, Massachusetts",SINGAPORE-5,,
USA-CVD-356,"Cullom Machine Tool & Die, Inc., Cleveland, TN",701-TA-301,,
USA-CVD-357,MI,701-TA-302,,
USA-CVD-358,MI,701-TA-303,,
USA-CVD-359,MI,701-TA-304,,
USA-CVD-360,The Committee of Domestic Steel Wire Rope and Specialty Cable Manufacturers,701-TA-305,,
USA-CVD-361,The Committee of Domestic Steel Wire Rope and Specialty Cable Manufacturers,701-TA-306,,
USA-CVD-362,The Committee of Domestic Steel Wire Rope and Specialty Cable Manufacturers,303-TA-021,,
USA-CVD-363,The Committee of Domestic Steel Wire Rope and Specialty Cable Manufacturers,753-TA-035,,
USA-CVD-364,MI,BANGLADESH-1,,
USA-CVD-365,MI,701-TA-307,,
USA-CVD-366,MI,303-TA-021,,
USA-CVD-367,MI,701-TA-308,,
USA-CVD-368,MI,303-TA-022,,
USA-CVD-369,MI,753-TA-034,,
USA-CVD-370,MI,701-TA-309,,
USA-CVD-371,MI,701-TA-310,,
USA-CVD-372,MI,701-TA-311,,
USA-CVD-373,MI,753-TA-030,,
USA-CVD-374,Self-Initiated by U.S. Department of Commerce (Doc),701-TA-312,,
USA-CVD-375,MI,CHINA-2,,
USA-CVD-376,MI,CHINA-3,,
USA-CVD-377,MI,701-TA-313,,
USA-CVD-378,MI,701-TA-314,,
USA-CVD-379,MI,701-TA-315,,
USA-CVD-380,MI,701-TA-316,,
USA-CVD-381,MI,701-TA-317,,
USA-CVD-382,MI,701-TA-318,,
USA-CVD-383,MI,303-TA-023,,
USA-CVD-384,MI,753-TA-031,,
USA-CVD-385,MI,701-TA-319,,
USA-CVD-386,MI,701-TA-320,,
USA-CVD-387,MI,701-TA-321,,
USA-CVD-388,MI,701-TA-322,,
USA-CVD-389,MI,701-TA-323,,
USA-CVD-390,MI,701-TA-324,,
USA-CVD-391,MI,701-TA-325,,
USA-CVD-392,MI,701-TA-326,,
USA-CVD-393,MI,701-TA-327,,
USA-CVD-394,MI,701-TA-328,,
USA-CVD-395,MI,701-TA-329,,
USA-CVD-396,MI,701-TA-330,,
USA-CVD-397,MI,701-TA-331,,
USA-CVD-398,MI,701-TA-332,,
USA-CVD-399,MI,701-TA-333,,
USA-CVD-400,MI,701-TA-334,,
USA-CVD-401,MI,701-TA-335,,
USA-CVD-402,MI,701-TA-336,,
USA-CVD-403,MI,701-TA-337,,
USA-CVD-404,MI,701-TA-338,,
USA-CVD-405,MI,701-TA-339,,
USA-CVD-406,MI,701-TA-340,,
USA-CVD-407,MI,701-TA-341,,
USA-CVD-408,MI,701-TA-342,,
USA-CVD-409,MI,701-TA-343,,
USA-CVD-410,MI,701-TA-344,,
USA-CVD-411,MI,701-TA-345,,
USA-CVD-412,MI,701-TA-346,,
USA-CVD-413,MI,701-TA-347,,
USA-CVD-414,MI,701-TA-348,,
USA-CVD-415,MI,701-TA-349,,
USA-CVD-416,MI,701-TA-350,,
USA-CVD-417,MI,701-TA-351,,
USA-CVD-418,MI,701-TA-352,,
USA-CVD-419,MI,701-TA-353,,
USA-CVD-420,MI,701-TA-354,,
USA-CVD-421,MI,SAFRICA-1,,
USA-CVD-422,MI,701-TA-355,,
USA-CVD-423,MI,701-TA-356,,
USA-CVD-424,MI,701-TA-357,,
USA-CVD-425,MI,701-TA-358,,
USA-CVD-426,MI,303-TA-024,,
USA-CVD-427,Connecticut Steel Corp.,701-TA-359,,
USA-CVD-427,Georgetown Steel Corp.,701-TA-359,,
USA-CVD-427,North Star Steel Texas Inc.,701-TA-359,,
USA-CVD-427,Co-Steel Raritan River Steel Co.,701-TA-359,,
USA-CVD-427,Keystone Steel & Wire Corp.,701-TA-359,,
USA-CVD-427,Northwestern Steel & Wire Co.,701-TA-359,,
USA-CVD-428,Hackney Inc.,701-TA-360,member of the U.S. Fittings Group,
USA-CVD-428,Ladish Co. Inc.,701-TA-360,member of the U.S. Fittings Group,
USA-CVD-428,Mills Iron Works Inc.,701-TA-360,member of the U.S. Fittings Group,
USA-CVD-428,Steel Forgings Inc.,701-TA-360,member of the U.S. Fittings Group,
USA-CVD-428,Tube Forgings of America Inc.,701-TA-360,member of the U.S. Fittings Group,
USA-CVD-429,Hackney Inc.,701-TA-361,member of the U.S. Fittings Group,
USA-CVD-429,Ladish Co. Inc.,701-TA-361,member of the U.S. Fittings Group,
USA-CVD-429,Mills Iron Works Inc.,701-TA-361,member of the U.S. Fittings Group,
USA-CVD-429,Steel Forgings Inc.,701-TA-361,member of the U.S. Fittings Group,
USA-CVD-429,Tube Forgings of America Inc.,701-TA-361,member of the U.S. Fittings Group,
USA-CVD-430,BIC Corporation,303-TA-025,,
USA-CVD-431,Gulf States Tubes,701-TA-362,a division of Quanex Corporation,
USA-CVD-432,Koppel Steel Corporation,701-TA-363,,
USA-CVD-432,U.S. Steel Group,701-TA-363,a unit of USX Corporation,
USA-CVD-432,USS/Kobe Steel Company,701-TA-363,,
USA-CVD-432,North Star Steel Company,701-TA-363,,
USA-CVD-432,IPSCO Steel Inc.,701-TA-363,,
USA-CVD-432,Maverick Tube Corporation,701-TA-363,,
USA-CVD-433,Koppel Steel Corporation,701-TA-364,,
USA-CVD-433,U.S. Steel Group,701-TA-364,a unit of USX Corporation,
USA-CVD-433,USS/Kobe Steel Company,701-TA-364,,
USA-CVD-433,North Star Steel Company,701-TA-364,,
USA-CVD-433,IPSCO Steel Inc.,701-TA-364,,
USA-CVD-433,Maverick Tube Corporation,701-TA-364,,
USA-CVD-434,Borden Inc.,701-TA-365,,
USA-CVD-434,Hershey Foods Corp.,701-TA-365,,
USA-CVD-434,Gooch Foods Inc.,701-TA-365,,
USA-CVD-435,Borden Inc.,701-TA-366,,
USA-CVD-435,Hershey Foods Corp.,701-TA-366,,
USA-CVD-435,Gooch Foods Inc.,701-TA-366,,
USA-CVD-436,Anderson-Tully Company,701-TA-367,member of the Ad Hoc Committee on Laminated Hardwood Trailer Flooring,
USA-CVD-436,Havco Wood Products Inc.,701-TA-367,,
USA-CVD-436,Industrial Hardwood Products Inc.,701-TA-367,,
USA-CVD-436,Lewisohn Sales Company Inc.,701-TA-367,,
USA-CVD-436,Cloud Corporation/Cloud Oak Corporation,701-TA-367,,
USA-CVD-437,Connecticut Steel Corp.,701-TA-368,,
USA-CVD-437,Co-Steel Raritan,701-TA-368,,
USA-CVD-437,GS Industries Inc.,701-TA-368,,
USA-CVD-437,Keystone Steel & Wire Co.,701-TA-368,,
USA-CVD-437,North Star Steel Texas Inc.,701-TA-368,,
USA-CVD-437,Northwestern Steel and Wire Co.,701-TA-368,,
USA-CVD-438,Connecticut Steel Corp.,701-TA-369,,
USA-CVD-438,Co-Steel Raritan,701-TA-369,,
USA-CVD-438,GS Industries Inc.,701-TA-369,,
USA-CVD-438,Keystone Steel & Wire Co.,701-TA-369,,
USA-CVD-438,North Star Steel Texas Inc.,701-TA-369,,
USA-CVD-438,Northwestern Steel and Wire Co.,701-TA-369,,
USA-CVD-439,Connecticut Steel Corp.,701-TA-370,,
USA-CVD-439,Co-Steel Raritan,701-TA-370,,
USA-CVD-439,GS Industries Inc.,701-TA-370,,
USA-CVD-439,Keystone Steel & Wire Co.,701-TA-370,,
USA-CVD-439,North Star Steel Texas Inc.,701-TA-370,,
USA-CVD-439,Northwestern Steel and Wire Co.,701-TA-370,,
USA-CVD-440,Connecticut Steel Corp.,701-TA-371,,
USA-CVD-440,Co-Steel Raritan,701-TA-371,,
USA-CVD-440,GS Industries Inc.,701-TA-371,,
USA-CVD-440,Keystone Steel & Wire Co.,701-TA-371,,
USA-CVD-440,North Star Steel Texas Inc.,701-TA-371,,
USA-CVD-440,Northwestern Steel and Wire Co.,701-TA-371,,
USA-CVD-441,Atlantic Salmon of Maine,701-TA-372,member of the Coalition for Fair Atlantic Salmon Trade,
USA-CVD-441,Cooke Aquaculture U.S. Inc.,701-TA-372,member of the Coalition for Fair Atlantic Salmon Trade,
USA-CVD-441,DE Salmon Inc.,701-TA-372,member of the Coalition for Fair Atlantic Salmon Trade,
USA-CVD-441,Global Aqua-USA LLC,701-TA-372,member of the Coalition for Fair Atlantic Salmon Trade,
USA-CVD-441,Island Aquaculture Corp.,701-TA-372,member of the Coalition for Fair Atlantic Salmon Trade,
USA-CVD-441,Maine Coast Nordic Inc.,701-TA-372,member of the Coalition for Fair Atlantic Salmon Trade,
USA-CVD-441,ScanAm Fish Farms,701-TA-372,member of the Coalition for Fair Atlantic Salmon Trade,
USA-CVD-441,Treats Island Fisheries,701-TA-372,member of the Coalition for Fair Atlantic Salmon Trade,
USA-CVD-441,Trumpet Island Salmon Farm Inc.,701-TA-372,member of the Coalition for Fair Atlantic Salmon Trade,
USA-CVD-442,AL Tech Speciality Steel Corp.,701-TA-373,,
USA-CVD-442,Carpenter Technology Corp.,701-TA-373,,
USA-CVD-442,Republic Engineered Steels,701-TA-373,,
USA-CVD-442,Talley Metals Technology Inc.,701-TA-373,,
USA-CVD-442,United Steelworkers of America AFL-CIO/CLC,701-TA-373,,
USA-CVD-443,Hearthside Baking Company Inc.,701-TA-374,D/B/A Maurice Lenell Cooky Company,
USA-CVD-444,North American Rubber Thread Co. Ltd.,701-TA-375,,
USA-CVD-445,Armco Inc.,701-TA-376,,
USA-CVD-445,Lukens Inc.,701-TA-376,,
USA-CVD-445,United Steel Workers of America AFL-CIO/CLC,701-TA-376,,
USA-CVD-445,Butler Armco Independent Union,701-TA-376,,
USA-CVD-445,Zanesville Armco Independent Organization Inc.,701-TA-376,,
USA-CVD-446,Armco Inc.,701-TA-377,,
USA-CVD-446,J&L Specialty Steel Inc.,701-TA-377,,
USA-CVD-446,Lukens Inc.,701-TA-377,,
USA-CVD-446,United Steel Workers of America AFL-CIO/CLC,701-TA-377,,
USA-CVD-446,Butler Armco Independent Union,701-TA-377,,
USA-CVD-446,Zanesville Armco Independent Organization Inc.,701-TA-377,,
USA-CVD-447,Allegheny Ludlum Corporation,701-TA-378,,
USA-CVD-447,Armco Inc.,701-TA-378,,
USA-CVD-447,J&L Specialty Steel Inc.,701-TA-378,,
USA-CVD-447,Lukens Inc.,701-TA-378,,
USA-CVD-447,United Steel Workers of America AFL-CIO/CLC,701-TA-378,,
USA-CVD-447,Butler Armco Independent Union,701-TA-378,,
USA-CVD-447,Zanesville Armco Independent Organization Inc.,701-TA-378,,
USA-CVD-448,Allegheny Ludlum Corporation,701-TA-379,,
USA-CVD-448,Armco Inc.,701-TA-379,,
USA-CVD-448,J&L Specialty Steel Inc.,701-TA-379,,
USA-CVD-448,Lukens Inc.,701-TA-379,,
USA-CVD-448,United Steel Workers of America AFL-CIO/CLC,701-TA-379,,
USA-CVD-448,Butler Armco Independent Union,701-TA-379,,
USA-CVD-448,Zanesville Armco Independent Organization Inc.,701-TA-379,,
USA-CVD-449,Allegheny Ludlum Corporation,701-TA-380,,
USA-CVD-449,Armco Inc.,701-TA-380,,
USA-CVD-449,Washington Steel Division of Bethlehem Steel Corporation,701-TA-380,,
USA-CVD-449,United Steel Workers of America AFL-CIO/CLC,701-TA-380,,
USA-CVD-449,Butler Armco Independent Union,701-TA-380,,
USA-CVD-449,Zanesville Armco Independent Organization Inc.,701-TA-380,,
USA-CVD-450,Allegheny Ludlum Corporation,701-TA-381,,
USA-CVD-450,Armco Inc.,701-TA-381,,
USA-CVD-450,J&L Specialty Steel Inc.,701-TA-381,,
USA-CVD-450,Lukens Inc.,701-TA-381,,
USA-CVD-450,United Steel Workers of America AFL-CIO/CLC,701-TA-381,,
USA-CVD-450,Butler Armco Independent Union,701-TA-381,,
USA-CVD-450,Zanesville Armco Independent Organization Inc.,701-TA-381,,
USA-CVD-450,Washington Steel Division of Bethlehem Steel Corp.,701-TA-381,,
USA-CVD-451,Allegheny Ludlum Corporation,701-TA-382,,
USA-CVD-451,Armco Inc.,701-TA-382,,
USA-CVD-451,J&L Specialty Steel Inc.,701-TA-382,,
USA-CVD-451,United Steel Workers of America AFL-CIO/CLC,701-TA-382,,
USA-CVD-451,Butler Armco Independent Union,701-TA-382,,
USA-CVD-451,Zanesville Armco Independent Organization Inc.,701-TA-382,,
USA-CVD-451,Washington Steel Division of Bethlehem Steel Corp.,701-TA-382,,
USA-CVD-452,Fulflex Inc.,701-TA-383,,
USA-CVD-452,Elastomer Technologies Group Inc.,701-TA-383,,
USA-CVD-452,RM Engineered Products Inc.,701-TA-383,,
USA-CVD-453,Bethlehem Steel Corporation,701-TA-384,,
USA-CVD-453,US Steel Group,701-TA-384,a unit of USX Corporation,
USA-CVD-453,Ispat Inland Steel,701-TA-384,,
USA-CVD-453,LTV Steel Company Inc.,701-TA-384,,
USA-CVD-453,National Steel Corporation,701-TA-384,,
USA-CVD-453,California Steel Industries,701-TA-384,,
USA-CVD-453,Gallatin Steel Company,701-TA-384,,
USA-CVD-453,Geneva Steel,701-TA-384,,
USA-CVD-453,Gulf States Steel Inc.,701-TA-384,,
USA-CVD-453,IPSCO Steel Inc.,701-TA-384,,
USA-CVD-453,Steel Dynamics,701-TA-384,,
USA-CVD-453,Weirton Steel Corporation,701-TA-384,,
USA-CVD-453,Independent Steelworkers Union,701-TA-384,,
USA-CVD-453,United Steelworkers of America,701-TA-384,,
USA-CVD-454,Ranchers-Cattlemen Action Legal Foundation,701-TA-385,,
USA-CVD-455,Ranchers-Cattlemen Action Legal Foundation,701-TA-386,,
USA-CVD-456,Bethlehem Steel Corporation,701-TA-387,,
USA-CVD-456,U.S. Steel Group,701-TA-387,a unit of USX Corporation,
USA-CVD-456,Gulf States Steel Inc.,701-TA-387,,
USA-CVD-456,IPSCO Steel Inc.,701-TA-387,,
USA-CVD-456,United Steel Workers of America,701-TA-387,,
USA-CVD-457,Bethlehem Steel Corporation,701-TA-388,,
USA-CVD-457,U.S. Steel Group,701-TA-388,a unit of USX Corporation,
USA-CVD-457,Gulf States Steel Inc.,701-TA-388,,
USA-CVD-457,IPSCO Steel Inc.,701-TA-388,,
USA-CVD-457,Tuscaloosa Steel Corporation,701-TA-388,,
USA-CVD-457,United Steelworkers of America,701-TA-388,,
USA-CVD-458,Bethlehem Steel Corporation,701-TA-389,,
USA-CVD-458,U.S. Steel Group,701-TA-389,a unit of USX Corporation,
USA-CVD-458,Gulf States Steel Inc.,701-TA-389,,
USA-CVD-458,IPSCO Steel Inc.,701-TA-389,,
USA-CVD-458,Tuscaloosa Steel Corporation,701-TA-389,,
USA-CVD-458,United Steelworkers of America,701-TA-389,,
USA-CVD-459,Bethlehem Steel Corporation,701-TA-390,,
USA-CVD-459,U.S. Steel Group,701-TA-390,a unit of USX Corporation,
USA-CVD-459,Gulf States Inc.,701-TA-390,,
USA-CVD-459,IPSCO Steel Inc.,701-TA-390,,
USA-CVD-459,United Steelworkers of America,701-TA-390,,
USA-CVD-460,Bethlehem Steel Corporation,701-TA-391,,
USA-CVD-460,U.S. Steel Group,701-TA-391,a unit of USX Corporation,
USA-CVD-460,Gulf States Steel Inc.,701-TA-391,,
USA-CVD-460,IPSCO Steel Inc.,701-TA-391,,
USA-CVD-460,Tuscaloosa Steel Corporation,701-TA-391,,
USA-CVD-460,United Steelworkers of America,701-TA-391,,
USA-CVD-461,U.S. Steel Group,701-TA-392,a unit of USX Corporation,
USA-CVD-461,Bethlehem Steel Corporation,701-TA-392,,
USA-CVD-461,Gulf States Inc.,701-TA-392,,
USA-CVD-461,IPSCO Steel Inc.,701-TA-392,,
USA-CVD-461,Tuscaloosa Steel Corporation,701-TA-392,,
USA-CVD-461,United Steelworkers of America,701-TA-392,,
USA-CVD-462,Bethlehem Steel Corporation,701-TA-393,,
USA-CVD-462,Gulf States Steel Inc.,701-TA-393,,
USA-CVD-462,Ispat Inland Inc.,701-TA-393,,
USA-CVD-462,LTV Steel Company Inc.,701-TA-393,,
USA-CVD-462,National Steel Corporation,701-TA-393,,
USA-CVD-462,Steel Dynamics Inc.,701-TA-393,,
USA-CVD-462,U.S. Steel Group,701-TA-393,,
USA-CVD-462,Weirton Steel Corporation,701-TA-393,,
USA-CVD-462,Independent Steelworkers of America,701-TA-393,,
USA-CVD-462,United Steelworkers of America,701-TA-393,,
USA-CVD-463,Bethlehem Steel Corporation,701-TA-394,,
USA-CVD-463,Gulf States Steel Inc.,701-TA-394,,
USA-CVD-463,Ispat Inland Inc.,701-TA-394,,
USA-CVD-463,LTV Steel Co. Inc.,701-TA-394,,
USA-CVD-463,National Steel Corporation,701-TA-394,,
USA-CVD-463,Steel Dynamics Inc.,701-TA-394,,
USA-CVD-463,U.S. Steel Group,701-TA-394,a unit of USX Corporation,
USA-CVD-463,Weirton Steel Corporation,701-TA-394,,
USA-CVD-463,United Steelworkers of America,701-TA-394,,
USA-CVD-463,Independent Steelworkers Union,701-TA-394,,
USA-CVD-464,Bethlehem Steel Corporation,701-TA-395,,
USA-CVD-464,Gulf States Steel Inc.,701-TA-395,,
USA-CVD-464,Ispat Inland Inc.,701-TA-395,,
USA-CVD-464,LTV Steel Co. Inc.,701-TA-395,,
USA-CVD-464,National Steel Corporation,701-TA-395,,
USA-CVD-464,Steel Dynamics Inc.,701-TA-395,,
USA-CVD-464,U.S. Steel Group,701-TA-395,a unit of USX Corporation,
USA-CVD-464,Weirton Steel Corporation,701-TA-395,,
USA-CVD-464,United Steelworkers of America,701-TA-395,,
USA-CVD-464,Independent Steelworkers Union,701-TA-395,,
USA-CVD-465,Bethlehem Steel Corporation,701-TA-396,,
USA-CVD-465,Gulf States Steel Inc.,701-TA-396,,
USA-CVD-465,Ispat Inland Inc.,701-TA-396,,
USA-CVD-465,LTV Steel Co. Inc.,701-TA-396,,
USA-CVD-465,National Steel Corporation,701-TA-396,,
USA-CVD-465,Steel Dynamics Inc.,701-TA-396,,
USA-CVD-465,U.S. Steel Group,701-TA-396,a unit of USX Corporation,
USA-CVD-465,Weirton Steel Corporation,701-TA-396,,
USA-CVD-465,United Steelworkers of America,701-TA-396,,
USA-CVD-465,Independent Steelworkers Union,701-TA-396,,
USA-CVD-466,Save Domestic Oil Inc.,701-TA-397,,
USA-CVD-467,Save Domestic Oil Inc.,701-TA-398,,
USA-CVD-468,Save Domestic Oil Inc.,701-TA-399,,
USA-CVD-469,Save Domestic Oil Inc.,701-TA-400,,
USA-CVD-470,Northwestern Steel & Wire Co.,701-TA-401,,
USA-CVD-470,Nucor-Yamato Steel Co.,701-TA-401,,
USA-CVD-470,TXI-Chaparral Steel Co.,701-TA-401,,
USA-CVD-470,United Steelworkers of America,701-TA-401,,
USA-CVD-471,American Honey Producers Association,701-TA-402,,
USA-CVD-471,Sioux Honey Association,701-TA-402,,
USA-CVD-472,Magnesium Corporation of America,701-TA-403,,
USA-CVD-472,United Steelworkers of America Local 8319,701-TA-403,,
USA-CVD-472,United Steelworkers of America International,701-TA-403,,
USA-CVD-472,Concerned Employees of Northwest Alloys Inc.,701-TA-403,,
USA-CVD-473,Bethlehem Steel Corporation,701-TA-404,,
USA-CVD-473,Gallatin Steel Company,701-TA-404,,
USA-CVD-473,IPSCO Steel Inc.,701-TA-404,,
USA-CVD-473,LTV Steel Company Inc.,701-TA-404,,
USA-CVD-473,National Steel Corporation,701-TA-404,,
USA-CVD-473,Nucor Corporation,701-TA-404,,
USA-CVD-473,Steel Dynamics Inc.,701-TA-404,,
USA-CVD-473,U.S. Steel Group,701-TA-404,a unit of USX Corporation,
USA-CVD-473,Weirton Steel Corporation,701-TA-404,,
USA-CVD-473,Independent Steelworkers Union,701-TA-404,,
USA-CVD-473,Independent Steelworkers of America,701-TA-404,,
USA-CVD-474,Bethlehem Steel Corporation,701-TA-405,,
USA-CVD-474,Gallatin Steel Company,701-TA-405,,
USA-CVD-474,IPSCO Steel Inc.,701-TA-405,,
USA-CVD-474,LTV Steel Company Inc.,701-TA-405,,
USA-CVD-474,National Steel Corporation,701-TA-405,,
USA-CVD-474,Nucor Corporation,701-TA-405,,
USA-CVD-474,Steel Dynamics Inc.,701-TA-405,,
USA-CVD-474,U.S. Steel Group,701-TA-405,a unit of USX Corporation,
USA-CVD-474,Weirton Steel Corporation,701-TA-405,,
USA-CVD-474,Independent Steelworkers Union,701-TA-405,,
USA-CVD-474,Independent Steelworkers of America,701-TA-405,,
USA-CVD-475,Bethlehem Steel Corporation,701-TA-406,,
USA-CVD-475,Gallatin Steel Company,701-TA-406,,
USA-CVD-475,IPSCO Steel Inc.,701-TA-406,,
USA-CVD-475,LTV Steel Company Inc.,701-TA-406,,
USA-CVD-475,National Steel Corporation,701-TA-406,,
USA-CVD-475,Nucor Corporation,701-TA-406,,
USA-CVD-475,Steel Dynamics Inc.,701-TA-406,,
USA-CVD-475,U.S. Steel Group,701-TA-406,a unit of USX Corporation,
USA-CVD-475,Weirton Steel Corporation,701-TA-406,,
USA-CVD-475,Independent Steelworkers Union,701-TA-406,,
USA-CVD-475,Independent Steelworkers of America,701-TA-406,,
USA-CVD-476,Bethlehem Steel Corporation,701-TA-407,,
USA-CVD-476,Gallatin Steel Company,701-TA-407,,
USA-CVD-476,IPSCO Steel Inc.,701-TA-407,,
USA-CVD-476,LTV Steel Company Inc.,701-TA-407,,
USA-CVD-476,National Steel Corporation,701-TA-407,,
USA-CVD-476,Nucor Corporation,701-TA-407,,
USA-CVD-476,Steel Dynamics Inc.,701-TA-407,,
USA-CVD-476,U.S. Steel Group,701-TA-407,a unit of USX Corporation,
USA-CVD-476,Weirton Steel Corporation,701-TA-407,,
USA-CVD-476,Independent Steelworkers Union,701-TA-407,,
USA-CVD-476,Independent Steelworkers of America,701-TA-407,,
USA-CVD-477,Bethlehem Steel Corporation,701-TA-408,,
USA-CVD-477,Gallatin Steel Company,701-TA-408,,
USA-CVD-477,IPSCO Steel Inc.,701-TA-408,,
USA-CVD-477,LTV Steel Company Inc.,701-TA-408,,
USA-CVD-477,National Steel Corporation,701-TA-408,,
USA-CVD-477,Nucor Corporation,701-TA-408,,
USA-CVD-477,Steel Dynamics Inc.,701-TA-408,,
USA-CVD-477,U.S. Steel Group a unit of USX Corporation,701-TA-408,,
USA-CVD-477,Weirton Steel Corporation,701-TA-408,,
USA-CVD-477,Independent Steelworkers Union,701-TA-408,,
USA-CVD-477,Independent Steelworkers of America,701-TA-408,,
USA-CVD-478,USEC Inc. and its wholly-owned subsidiary United States Enrichment Corporation,701-TA-409,,
USA-CVD-478,Paper Allied-Industrial Chemical and Energy Workers International Union AFL-CIO CLC,701-TA-409,Local 5-550 and Local 5-689,
USA-CVD-479,USEC Inc. and its wholly-owned subsidiary United States Enrichment Corporation,701-TA-410,,
USA-CVD-479,Paper Allied-Industrial Chemical and Energy Workers International Union AFL-CIO CLC,701-TA-410,Local 5-550 and Local 5-689,
USA-CVD-480,USEC Inc. and its wholly-owned subsidiary United States Enrichment Corporation,701-TA-411,,
USA-CVD-480,Paper Allied-Industrial Chemical and Energy Workers International Union AFL-CIO CLC,701-TA-411,Local 5-550 and Local 5-689,
USA-CVD-481,USEC Inc. and its wholly-owned subsidiary United States Enrichment Corporation,701-TA-412,,
USA-CVD-481,Paper Allied-Industrial Chemical and Energy Workers International Union AFL-CIO CLC,701-TA-412,Local 5-550 and Local 5-689,
USA-CVD-482,Carpenter Technology Corp.,701-TA-413,,
USA-CVD-482,Crucible Specialty Metals,701-TA-413,,
USA-CVD-482,Electralloy Corp.,701-TA-413,,
USA-CVD-482,Empire Specialty Steel Inc.,701-TA-413,,
USA-CVD-482,Slater Steels Corp.,701-TA-413,,
USA-CVD-482,United Steelworkers of America AFL-CIO/CLC,701-TA-413,,
USA-CVD-483,Coalition for Fair Lumber Imports Executive Committee,701-TA-414,"is comprised of Hood Industries, International Paper Company, Moose River Lumber Company, New South Incorporated, Plum Creek Timber Company, Polatch Corporation, Seneca Sawmill Company, Shearer Lumber Products, Shuqualak Lumber Company, Sierra Pacific Industries, Swift Lumber Incorporated, Temple-Inland Forest Products, and Tolleson Lumber Company, Incorporated.",
USA-CVD-483,United Brotherhood of Carpenters and Joiners,701-TA-414,,
USA-CVD-483,Paper Allied-Industrial Chemical and Energy Workers International Union,701-TA-414,,
USA-CVD-483,Moose River Lumber Co.,701-TA-414,,
USA-CVD-483,Shearer Lumber Products,701-TA-414,,
USA-CVD-483,Shuqualak Lumber Co.,701-TA-414,,
USA-CVD-483,Tolleson Lumber Co. Inc.,701-TA-414,,
USA-CVD-484,DuPont Teijin Films,701-TA-415,,
USA-CVD-484,Mitsubishi Polyester Film,701-TA-415,,
USA-CVD-484,Toray Plastics (America) Inc.,701-TA-415,,
USA-CVD-485,IQF Red Raspberries Fair Trade Committee and its members,701-TA-416,an ad hoc association of growers and processors of IQF red raspberries,
USA-CVD-486,Co-Steel Raritan Inc.,701-TA-417,,
USA-CVD-486,GS Industries,701-TA-417,,
USA-CVD-486,Keystone Consolidated Industries Inc.,701-TA-417,,
USA-CVD-486,North Star Steel Texas Inc.,701-TA-417,,
USA-CVD-487,Co-Steel Raritan Inc.,701-TA-418,,
USA-CVD-487,GS Industries,701-TA-418,,
USA-CVD-487,Keystone Consolidated Industries Inc.,701-TA-418,,
USA-CVD-487,North Star Steel Texas Inc.,701-TA-418,,
USA-CVD-488,Co-Steel Raritan Inc.,701-TA-419,,
USA-CVD-488,GS Industries,701-TA-419,,
USA-CVD-488,Keystone Consolidated Industries Inc.,701-TA-419,,
USA-CVD-488,North Star Steel Texas Inc.,701-TA-419,,
USA-CVD-489,Co-Steel Raritan Inc.,701-TA-420,,
USA-CVD-489,GS Industries,701-TA-420,,
USA-CVD-489,Keystone Consolidated Industries Inc.,701-TA-420,,
USA-CVD-489,North Star Steel Texas Inc.,701-TA-420,,
USA-CVD-490,Co-Steel Raritan Inc.,701-TA-421,,
USA-CVD-490,GS Industries,701-TA-421,,
USA-CVD-490,Keystone Consolidated Industries Inc.,701-TA-421,,
USA-CVD-490,North Star Steel Texas Inc.,701-TA-421,,
USA-CVD-491,Bethlehem Steel Corp.,701-TA-422,,
USA-CVD-491,United States Steel LLC.,701-TA-422,,
USA-CVD-491,LTV Steel Co. Inc.,701-TA-422,,
USA-CVD-491,Steel Dynamics Inc.,701-TA-422,,
USA-CVD-491,National Steel Corp.,701-TA-422,,
USA-CVD-491,Nucor Corp.,701-TA-422,,
USA-CVD-491,WCI Steel Inc.,701-TA-422,,
USA-CVD-491,Weirton Steel Corp.,701-TA-422,,
USA-CVD-492,Bethlehem Steel Corp.,701-TA-423,,
USA-CVD-492,United States Steel LLC.,701-TA-423,,
USA-CVD-492,LTV Steel Co. Inc.,701-TA-423,,
USA-CVD-492,Steel Dynamics Inc.,701-TA-423,,
USA-CVD-492,National Steel Corp.,701-TA-423,,
USA-CVD-492,Nucor Corp.,701-TA-423,,
USA-CVD-492,WCI Steel Inc.,701-TA-423,,
USA-CVD-492,Weirton Steel Corp.,701-TA-423,,
USA-CVD-493,Bethlehem Steel Corp.,701-TA-424,,
USA-CVD-493,United States Steel LLC.,701-TA-424,,
USA-CVD-493,LTV Steel Co. Inc.,701-TA-424,,
USA-CVD-493,Steel Dynamics Inc.,701-TA-424,,
USA-CVD-493,National Steel Corp.,701-TA-424,,
USA-CVD-493,Nucor Corp.,701-TA-424,,
USA-CVD-493,WCI Steel Inc.,701-TA-424,,
USA-CVD-493,Weirton Steel Corp.,701-TA-424,,
USA-CVD-494,Bethlehem Steel Corp.,701-TA-425,,
USA-CVD-494,United States Steel LLC.,701-TA-425,,
USA-CVD-494,LTV Steel Co. Inc.,701-TA-425,,
USA-CVD-494,Steel Dynamics Inc.,701-TA-425,,
USA-CVD-494,National Steel Corp.,701-TA-425,,
USA-CVD-494,Nucor Corp.,701-TA-425,,
USA-CVD-494,WCI Steel Inc.,701-TA-425,,
USA-CVD-494,Weirton Steel Corp.,701-TA-425,,
USA-CVD-495,Nation Ford Chemical Company,701-TA-426,,
USA-CVD-496,Film and Television Action Committee,701-TA-427,,
USA-CVD-496,Screen Actors Guild,701-TA-427,,
USA-CVD-496,Studio Utility Employees Local 724 of the Laborers International Union,701-TA-427,,
USA-CVD-496,International Brotherhood of Teamsters Local 355,701-TA-427,,
USA-CVD-496,International Brotherhood of Teamsters Local 391,701-TA-427,,
USA-CVD-496,International Brotherhood of Teamsters Local 399,701-TA-427,,
USA-CVD-496,International Brotherhood of Teamsters Local 509,701-TA-427,,
USA-CVD-496,International Brotherhood of Teamsters Local 592,701-TA-427,,
USA-CVD-496,Maryland Production Alliance,701-TA-427,,
USA-CVD-497,IPSCO Tubulars Inc.,701-TA-428,,
USA-CVD-497,Koppel Steel Corporation,701-TA-428,a division of NS Group,
USA-CVD-497,Lone Star Steel Company,701-TA-428,,
USA-CVD-497,Maverick Tube Corporation,701-TA-428,,
USA-CVD-497,Newport Steel Corporation,701-TA-428,a division of NS Group,
USA-CVD-497,United States Steel Corporation of America,701-TA-428,,
USA-CVD-498,Oregon Trawl Commission,701-TA-429,,
USA-CVD-498,Shrimp Producers Marketing Cooperative,701-TA-429,,
USA-CVD-498,Fishermen's Marketing Association,701-TA-429,,
USA-CVD-498,Coos Bay Trawlers Association,701-TA-429,,
USA-CVD-498,Bay Ocean Seafood Co.,701-TA-429,,
USA-CVD-499,United States Durum Growers Association,701-TA-430a,,
USA-CVD-499,Durum Growers Trade Action Committee,701-TA-430a,,
USA-CVD-500,North Dakota Wheat Commission,701-TA-430b,,
USA-CVD-501,Micron Technology Inc.,701-TA-431,,
USA-CVD-502,American Spring Wire Corp.,701-TA-432,,
USA-CVD-502,Insteel Wire Products Company,701-TA-432,,
USA-CVD-502,Sumiden Wire Products Corp.,701-TA-432,,
USA-CVD-503,Sensient Technologies Corporation,701-TA-433,,
USA-CVD-504,Ciba Specialty Chemicals Corporation,701-TA-434,,
USA-CVD-505,Ciba Specialty Chemicals Corporation,701-TA-435,,
USA-CVD-506,Apollo Colors Inc.,701-TA-436,,
USA-CVD-506,General Press Colors Ltd.,701-TA-436,,
USA-CVD-506,Magruder Color Company Inc.,701-TA-436,,
USA-CVD-506,Sun Chemical Corporation,701-TA-436,,
USA-CVD-507,Nation Ford Chemical Company,701-TA-437,,
USA-CVD-507,Sun Chemical Corporation,701-TA-437,,
USA-CVD-508,Illinois Pork Producers Association,701-TA-438,and 119 individual producers of live swine,
USA-CVD-508,Indiana Pork Advocacy Coalition,701-TA-438,,
USA-CVD-508,IowaPork Producers Association,701-TA-438,,
USA-CVD-508,Minnesota Pork Producers Association,701-TA-438,,
USA-CVD-508,Missouri Pork Association,701-TA-438,,
USA-CVD-508,Nebraska Pork Producers Association Inc.,701-TA-438,,
USA-CVD-508,North Carolina Pork Council Inc.,701-TA-438,,
USA-CVD-508,Ohio Pork Producers Council,701-TA-438,,
USA-CVD-509,United States PET Resin Producers Coalition,701-TA-439,,
USA-CVD-510,United States PET Resin Producers Coalition,701-TA-440,,
USA-CVD-511,Globe Metallurgical Inc.,701-TA-441,,
USA-CVD-511,International Union of Electronic Electrical Salaried Machine and Furniture Workers I.U.E.-C.W.A. AFL-CIO C.L.C. Local 693,701-TA-441,,
USA-CVD-511,United Steelworkers of America AFL-CIO Local 9436,701-TA-441,,
USA-CVD-512,MeadWestvaco Corp.,701-TA-442,member of the Association of American School Suppliers,
USA-CVD-512,Norcom Inc.,701-TA-442,member of the Association of American School Suppliers,
USA-CVD-512,Top Flight Inc.,701-TA-442,member of the Association of American School Suppliers,
USA-CVD-513,MeadWestvaco Corp.,701-TA-443,member of the Association of American School Suppliers,
USA-CVD-513,Norcom Inc.,701-TA-443,member of the Association of American School Suppliers,
USA-CVD-513,Top Flight Inc.,701-TA-443,member of the Association of American School Suppliers,
USA-CVD-514,NewPage Corporation,701-TA-444,,
USA-CVD-515,NewPage Corporation,701-TA-445,,
USA-CVD-516,NewPage Corporation,701-TA-446,,
USA-CVD-517,Allied Tube & Conduit,701-TA-447,,
USA-CVD-517,IPSCO Tubulars Inc.,701-TA-447,,
USA-CVD-517,Northwest Pipe Company,701-TA-447,,
USA-CVD-517,Sharon Tube Company,701-TA-447,,
USA-CVD-517,Western Tube & Conduit Corporation,701-TA-447,,
USA-CVD-517,Wheatland Tube Company,701-TA-447,,
USA-CVD-517,United Steelworkers,701-TA-447,,
USA-CVD-518,Titan Tire Corporation,701-TA-448,"a subsidiary of Titan International, Inc.; Bridgestone Americas Holding, Inc. and its subsidiary Bridgestone Firestone North America Tire, LLC are interested parties.",
USA-CVD-518,United Steel Paper and Forestry Rubber Manufacturing Energy Allied Industrial and Service Workers International Union ALF-CIO-CLC,701-TA-448,,
USA-CVD-519,Allied Tube & Conduit,701-TA-449,,
USA-CVD-519,Atlas Tube,701-TA-449,,
USA-CVD-519,Bull Moose Tube Company,701-TA-449,,
USA-CVD-519,California Steel and Tube,701-TA-449,,
USA-CVD-519,EXLTUBE,701-TA-449,,
USA-CVD-519,Hannibal Industries,701-TA-449,,
USA-CVD-519,Levitt Tube Company LLC,701-TA-449,,
USA-CVD-519,Maruichi American Corporation,701-TA-449,,
USA-CVD-519,Searing Industries,701-TA-449,,
USA-CVD-519,Southland Tube,701-TA-449,,
USA-CVD-519,Vest Inc.,701-TA-449,,
USA-CVD-519,Welded Tube,701-TA-449,,
USA-CVD-519,Western Tube and Conduit,701-TA-449,,
USA-CVD-520,Bancroft Bag Inc.,701-TA-450,member of the Laminated Woven Sacks Committee,
USA-CVD-520,Coating Excellence International LLC,701-TA-450,member of the Laminated Woven Sacks Committee,
USA-CVD-520,Hood Packaging Corporation,701-TA-450,member of the Laminated Woven Sacks Committee,
USA-CVD-520,Mid-America Packaging LLC,701-TA-450,member of the Laminated Woven Sacks Committee,
USA-CVD-520,Polytex Fibers Corporation,701-TA-450,member of the Laminated Woven Sacks Committee,
USA-CVD-521,Appleton Papers Inc.,701-TA-451,,
USA-CVD-522,Magnum Magnetics Corporation,701-TA-452,,
USA-CVD-523,General Chemical LLC,701-TA-453,,
USA-CVD-524,Bristol Metals LLC,701-TA-454,,
USA-CVD-524,Felker Brothers Corp.,701-TA-454,,
USA-CVD-524,Marcegaglia U.S.A. Inc.,701-TA-454,,
USA-CVD-524,Outokumpu Stainless Pipe Inc.,701-TA-454,,
USA-CVD-524,United Steelworkers of America,701-TA-454,,
USA-CVD-525,United States Steel Corporation,701-TA-455,,
USA-CVD-525,Maverick Tube Corporation,701-TA-455,,
USA-CVD-525,Tex-Tube Company,701-TA-455,,
USA-CVD-525,United Steel Paper and Forestry Rubber Manufacturing Energy Allied Industrial and Service Workers International Union and AFL-CIO-CLC,701-TA-455,,
USA-CVD-526,Archer Daniels Midland Company,701-TA-456,,
USA-CVD-526,Cargill Incorporated,701-TA-456,,
USA-CVD-526,Tate & Lyle Americas Inc.,701-TA-456,,
USA-CVD-527,Agri-Fab Inc.,701-TA-457,,
USA-CVD-528,Nashville Wire Products Inc.,701-TA-458,,
USA-CVD-528,SSW Holding Company Inc.,701-TA-458,,
USA-CVD-528,United Steel Paper and Forestry Rubber Manufacturing Energy Allied-Industrial and Service Workers International Union,701-TA-458,,
USA-CVD-528,International Association of Machinists and Aerospace Workers District Lodge 6,701-TA-458,,
USA-CVD-529,D.D. Bean & Sons Co.,701-TA-459,,
USA-CVD-530,Korff Holdings LLC,701-TA-460,doing business as Quaker City Castings,
USA-CVD-531,Korff Holdings LLC,701-TA-461,doing business as Quaker City Castings,
USA-CVD-532,Hilex Poly Co.,701-TA-462,,
USA-CVD-532,Superbag Corporation,701-TA-462,,
USA-CVD-533,Maverick Tube Corporation,701-TA-463,,
USA-CVD-533,United States Steel Corporation,701-TA-463,,
USA-CVD-533,V&M Star LP,701-TA-463,,
USA-CVD-533,V&M Tubular Corporation of America,701-TA-463,,
USA-CVD-533,TMK IPSCO,701-TA-463,,
USA-CVD-533,Evraz Rocky Mountain Steel,701-TA-463,,
USA-CVD-533,Wheatland Tube Corp.,701-TA-463,,
USA-CVD-533,United Steel Paper and Forestry Rubber Manufacturing Energy Allied Industrial and Service Workers International Union AFL-CIO-CLC,701-TA-463,,
USA-CVD-534,American Spring Wire Corp.,701-TA-464,,
USA-CVD-534,Insteel Wire Products Co.,701-TA-464,,
USA-CVD-534,Sumiden Wire Products Corp.,701-TA-464,,
USA-CVD-535,Alabama Metal Industries,701-TA-465,,
USA-CVD-535,Fisher & Ludlow,701-TA-465,,
USA-CVD-536,AWP Industries Inc.,701-TA-466,,
USA-CVD-536,ITC Manufacturing Inc.,701-TA-466,,
USA-CVD-536,J&L Wire Cloth Inc.,701-TA-466,,
USA-CVD-536,Nashville Wire Products Mfg. Co. Inc.,701-TA-466,,
USA-CVD-536,Wireway Husky Corp.,701-TA-466,,
USA-CVD-537,Berwick Offray LLC,701-TA-467,including its wholly-owned subsidiary Lion Ribbon Company Inc.,
USA-CVD-538,Resco Products Inc.,701-TA-468,,
USA-CVD-539,U.S. Steel Corp.,701-TA-469,,
USA-CVD-539,V&M Star L.P.,701-TA-469,,
USA-CVD-539,TMK IPSCO,701-TA-469,,
USA-CVD-539,The United Steel/Paper and Forestry/Rubber/Manufacturing/Energy/Allied Industrial and Service Worker International Union,701-TA-469,,
USA-CVD-540,Appleton Coating LLC,701-TA-470,,
USA-CVD-540,NewPage Corp.,701-TA-470,,
USA-CVD-540,Sappi Fine Paper North America,701-TA-470,aka Warren Company,
USA-CVD-540,United Steel Paper and Forestry Rubber Manufacturing Energy Allied Industrial and Service Workers International Union,701-TA-470,,
USA-CVD-541,Appleton Coating LLC,701-TA-471,,
USA-CVD-541,NewPage Corp.,701-TA-471,,
USA-CVD-541,Sappi Fine Paper North America,701-TA-471,aka Warren Company,
USA-CVD-541,United Steel Paper and Forestry Rubber Manufacturing Energy Allied Industrial and Service Workers International Union,701-TA-471,,
USA-CVD-542,Nucor Fastener Division,701-TA-472,,
USA-CVD-543,ICL Performance Products LP,701-TA-473,,
USA-CVD-543,Prayon Inc.,701-TA-473,,
USA-CVD-544,VAM Drilling USA Inc.,701-TA-474,,
USA-CVD-544,Rotary Drilling Tools,701-TA-474,,
USA-CVD-544,Texas Steel Conversions Inc.,701-TA-474,,
USA-CVD-544,TMK IPSCO,701-TA-474,,
USA-CVD-544,United Steel Paper and Forestry Rubber Manufacturing Energy Allied Industrial and Service Workers International Union AFL-CIO-CLC,701-TA-474,,
USA-CVD-545,Aerolite Extrusion Company,701-TA-475,represented by the Aluminum Extrusions Fair Trade Committee,
USA-CVD-545,Alexandria Extrusion Company,701-TA-475,represented by the Aluminum Extrusions Fair Trade Committee,
USA-CVD-545,Benada Aluminum of Florida Inc.,701-TA-475,represented by the Aluminum Extrusions Fair Trade Committee,
USA-CVD-545,William L. Bonnell Company Inc.,701-TA-475,represented by the Aluminum Extrusions Fair Trade Committee,
USA-CVD-545,Frontier Aluminum Corporation,701-TA-475,represented by the Aluminum Extrusions Fair Trade Committee,
USA-CVD-545,Futura Industries Corporation,701-TA-475,represented by the Aluminum Extrusions Fair Trade Committee,
USA-CVD-545,Hydro Aluminum North America Inc.,701-TA-475,represented by the Aluminum Extrusions Fair Trade Committee,
USA-CVD-545,Kaiser Aluminum Corporation,701-TA-475,represented by the Aluminum Extrusions Fair Trade Committee,
USA-CVD-545,Profile Extrusion Company,701-TA-475,represented by the Aluminum Extrusions Fair Trade Committee,
USA-CVD-545,Sapa Extrusions Inc.,701-TA-475,represented by the Aluminum Extrusions Fair Trade Committee,
USA-CVD-545,Western Extrusions Corporation,701-TA-475,represented by the Aluminum Extrusions Fair Trade Committee,
USA-CVD-545,United Steel Paper and Forestry Rubber Manufacturing Energy Allied Industrial and Service Workers International Union,701-TA-475,,
USA-CVD-546,Anderson Hardwood Floors LLC,701-TA-476,represented by the Coalition for American Hardwood Parity,
USA-CVD-546,Award Hardwood Floors,701-TA-476,represented by the Coalition for American Hardwood Parity,
USA-CVD-546,Baker's Creek Wood Floors Inc.,701-TA-476,represented by the Coalition for American Hardwood Parity,
USA-CVD-546,From the Forest,701-TA-476,represented by the Coalition for American Hardwood Parity,
USA-CVD-546,Howell Hardwood Flooring,701-TA-476,represented by the Coalition for American Hardwood Parity,
USA-CVD-546,Mannington Mills Inc.,701-TA-476,represented by the Coalition for American Hardwood Parity,
USA-CVD-546,Nydree Flooring,701-TA-476,represented by the Coalition for American Hardwood Parity,
USA-CVD-546,Shaw Industries Group Inc.,701-TA-476,represented by the Coalition for American Hardwood Parity,
USA-CVD-547,Whirlpool Corporation,701-TA-477,,
USA-CVD-548,Accuride Corp.,701-TA-478,,
USA-CVD-548,Hayes Lemmerz International Inc.,701-TA-478,,
USA-CVD-549,Davis Wire Corp.,701-TA-479,,
USA-CVD-549,Johnstown Wire Technologies Inc.,701-TA-479,,
USA-CVD-549,Mid-South Wire Co. Inc.,701-TA-479,,
USA-CVD-549,National Standard LLC,701-TA-479,,
USA-CVD-549,Oklahoma Steel and Wire Co. Inc.,701-TA-479,,
USA-CVD-550,Norris Cylinder Company,701-TA-480,,
USA-CVD-551,Solar World Industries,701-TA-481,,
USA-CVD-552,Allied Tube and Conduit,701-TA-482,,
USA-CVD-552,JMC Steel Group,701-TA-482,,
USA-CVD-552,Wheatland Tube,701-TA-482,,
USA-CVD-552,United States Steel Corporation,701-TA-482,,
USA-CVD-553,Allied Tube and Conduit,701-TA-483,,
USA-CVD-553,JMC Steel Group,701-TA-483,,
USA-CVD-553,Wheatland Tube,701-TA-483,,
USA-CVD-553,United States Steel Corporation,701-TA-483,,
USA-CVD-554,Allied Tube and Conduit,701-TA-484,,
USA-CVD-554,JMC Steel Group,701-TA-484,,
USA-CVD-554,Wheatland Tube,701-TA-484,,
USA-CVD-554,United States Steel Corporation,701-TA-484,,
USA-CVD-555,Allied Tube and Conduit,701-TA-485,,
USA-CVD-555,JMC Steel Group,701-TA-485,,
USA-CVD-555,Wheatland Tube,701-TA-485,,
USA-CVD-555,United States Steel Corporation,701-TA-485,,
USA-CVD-556,Broadwind Towers Inc.,701-TA-486,,
USA-CVD-556,DMI Industries,701-TA-486,,
USA-CVD-556,Katana Summit LLC,701-TA-486,,
USA-CVD-556,Trinity Structural Towers Inc.,701-TA-486,,
USA-CVD-557,M&B Metal Products Company Inc.,701-TA-487,,
USA-CVD-557,Innovative Fabrication LLC/Indy Hanger,701-TA-487,,
USA-CVD-557,US Hanger Company LLC,701-TA-487,,
USA-CVD-558,Whirlpool Corporation,701-TA-488,,
USA-CVD-559,Elkay Manufacturing Company,701-TA-489,,
USA-CVD-560,Columbia Forest Products,701-TA-490,represented by The Coalition for Fair Trade of Hardwood Plywood,
USA-CVD-560,Commonwealth Plywood Co. Ltd.,701-TA-490,represented by The Coalition for Fair Trade of Hardwood Plywood,
USA-CVD-560,Murphy Plywood,701-TA-490,represented by The Coalition for Fair Trade of Hardwood Plywood,
USA-CVD-560,Roseburg Forest Products Co.,701-TA-490,represented by The Coalition for Fair Trade of Hardwood Plywood,
USA-CVD-560,States Industries LLC,701-TA-490,represented by The Coalition for Fair Trade of Hardwood Plywood,
USA-CVD-560,Timber Products Company,701-TA-490,represented by The Coalition for Fair Trade of Hardwood Plywood,
USA-CVD-561,Coalition of Gulf Shrimp Industries,701-TA-491,,
USA-CVD-562,Coalition of Gulf Shrimp Industries,701-TA-492,,
USA-CVD-563,Coalition of Gulf Shrimp Industries,701-TA-493,,
USA-CVD-564,Coalition of Gulf Shrimp Industries,701-TA-494,,
USA-CVD-565,Coalition of Gulf Shrimp Industries,701-TA-495,,
USA-CVD-566,Coalition of Gulf Shrimp Industries,701-TA-496,,
USA-CVD-567,Coalition of Gulf Shrimp Industries,701-TA-497,,
USA-CVD-568,All America Threaded Products Inc.,701-TA-498,,
USA-CVD-568,Bay Standard Manufacturing Inc.,701-TA-498,,
USA-CVD-568,Vulcan Threaded Products Inc.,701-TA-498,,
USA-CVD-569,United States Steel Corporation,701-TA-499,,
USA-CVD-569,Maverick Tube Corporation,701-TA-499,,
USA-CVD-569,Boomerang Tube LLC,701-TA-499,,
USA-CVD-569,EnergeX,701-TA-499,a division of JMC Steel Group,
USA-CVD-569,Northwest Pipe Company,701-TA-499,,
USA-CVD-569,Tejas Tubular Products Inc.,701-TA-499,,
USA-CVD-569,TMK IPSCO,701-TA-499,,
USA-CVD-569,Vallourec Star L.P.,701-TA-499,,
USA-CVD-569,Welded Tube USA Inc.,701-TA-499,,
USA-CVD-570,United States Steel Corporation,701-TA-500,,
USA-CVD-570,Maverick Tube Corporation,701-TA-500,,
USA-CVD-570,Boomerang Tube LLC,701-TA-500,,
USA-CVD-570,EnergeX,701-TA-500,a division of JMC Steel Group,
USA-CVD-570,Northwest Pipe Company,701-TA-500,,
USA-CVD-570,Tejas Tubular Products Inc.,701-TA-500,,
USA-CVD-570,TMK IPSCO,701-TA-500,,
USA-CVD-570,Vallourec Star L.P.,701-TA-500,,
USA-CVD-570,Welded Tube USA Inc.,701-TA-500,,
USA-CVD-571,Clearon Corp.,701-TA-501,,
USA-CVD-571,Occidental Chemical Corp,701-TA-501,,
USA-CVD-572,Rebar Trade Action Coalition,701-TA-502,,
USA-CVD-572,Nucor Corporation,701-TA-502,member of the Rebar Trade Action Coalition,
USA-CVD-572,Gerdau Ameristeel U.S. Inc.,701-TA-502,member of the Rebar Trade Action Coalition,
USA-CVD-572,Commercial Metals Company,701-TA-502,member of the Rebar Trade Action Coalition,
USA-CVD-572,Cascade Steel Rolling Mills Inc.,701-TA-502,member of the Rebar Trade Action Coalition,
USA-CVD-572,Byer Steel Corporation,701-TA-502,member of the Rebar Trade Action Coalition,
USA-CVD-573,Ajinomoto North America Inc.,701-TA-503,,
USA-CVD-574,Ajinomoto North America Inc.,701-TA-504,,
USA-CVD-575,AK Steel Corporation,701-TA-505,,
USA-CVD-575,Allegheny Ludlum LLC,701-TA-505,,
USA-CVD-575,United Steelworkers,701-TA-505,,
USA-CVD-576,AK Steel Corporation,701-TA-506,,
USA-CVD-577,AK Steel Corporation,701-TA-507,,
USA-CVD-578,AK Steel Corporation,701-TA-508,,
USA-CVD-579,Mexichem Fluor Inc.,701-TA-509,,
USA-CVD-580,Arch Chemicals Inc.,701-TA-510,,
USA-CVD-581,SolarWorld America Industries Inc.,701-TA-511,,
USA-CVD-582,Nucor Corporation,701-TA-512,,
USA-CVD-583,American Sugar Coalition,701-TA-513,,
USA-CVD-583,American Sugar Cane League,701-TA-513,,
USA-CVD-583,American Sugarbeet Growers Association,701-TA-513,,
USA-CVD-583,American Sugar Refining Inc.,701-TA-513,,
USA-CVD-583,Florida Sugar Cane League,701-TA-513,,
USA-CVD-583,Hawaiian Commercial and Sugar Company,701-TA-513,,
USA-CVD-583,Rio Grande Valley Sugar Growers Inc.,701-TA-513,,
USA-CVD-583,Sugar Cane Growers Cooperative of Florida,701-TA-513,,
USA-CVD-583,United States Beet Sugar Association,701-TA-513,,
USA-CVD-584,Stoughton Trailers LLC,701-TA-514,,
USA-CVD-585,Mid Continent Nail Corporation,701-TA-515,,
USA-CVD-586,Mid Continent Nail Corporation,701-TA-516,,
USA-CVD-587,Mid Continent Nail Corporation,701-TA-517,,
USA-CVD-588,Mid Continent Nail Corporation,701-TA-518,,
USA-CVD-589,Mid Continent Nail Corporation,701-TA-519,,
USA-CVD-590,Mid Continent Nail Corporation,701-TA-520,,
USA-CVD-591,Mid Continent Nail Corporation,701-TA-521,,
USA-CVD-592,"United Steel, Paper and Forestry, Rubber, Manufacturing, Energy, Allied Industrial and Service Workers International Union",701-TA-522,,
USA-CVD-593,Edsal Manufacturing Co. Inc.,701-TA-523,,
USA-CVD-594,American Cast Iron Pipe Company,701-TA-524,,
USA-CVD-594,Energex,701-TA-524,a division of JMC Steel Group,
USA-CVD-594,Maverick Tube Corporation,701-TA-524,,
USA-CVD-594,Northwest Pipe Company,701-TA-524,,
USA-CVD-594,Stupp Corporation,701-TA-524,,
USA-CVD-594,Tex-Tube Company,701-TA-524,,
USA-CVD-594,TMK IPSCO,701-TA-524,,
USA-CVD-594,Welspun Tubular LLC USA,701-TA-524,,
USA-CVD-595,American Cast Iron Pipe Company,701-TA-525,,
USA-CVD-595,Energex,701-TA-525,a division of JMC Steel Group,
USA-CVD-595,Maverick Tube Corporation,701-TA-525,,
USA-CVD-595,Northwest Pipe Company,701-TA-525,,
USA-CVD-595,Stupp Corporation,701-TA-525,,
USA-CVD-595,Tex-Tube Company,701-TA-525,,
USA-CVD-595,TMK IPSCO,701-TA-525,,
USA-CVD-595,Welspun Tubular LLC USA,701-TA-525,,
USA-CVD-596,Cornerstone Chemical Company,701-TA-526,,
USA-CVD-597,Cornerstone Chemical Company,701-TA-527,,
USA-CVD-598,United Steel Paper and Forestry Rubber Manufacturing Energy Allied Industrial and Service Workers International Union (Pittsburg PA),701-TA-528,,
USA-CVD-598,Domtar Corporation (Ft. Mill SC),701-TA-528,,
USA-CVD-598,Finch Paper LLC (Glen Falls NY),701-TA-528,,
USA-CVD-598,P.H. Glatfelter Company (York PA),701-TA-528,,
USA-CVD-598,Packaging Corporation of America (Lake Forest IL),701-TA-528,,
USA-CVD-599,United Steel Paper and Forestry Rubber Manufacturing Energy Allied Industrial and Service Workers International Union (Pittsburg PA),701-TA-529,,
USA-CVD-599,Domtar Corporation (Ft. Mill SC),701-TA-529,,
USA-CVD-599,Finch Paper LLC (Glen Falls NY),701-TA-529,,
USA-CVD-599,P.H. Glatfelter Company (York PA),701-TA-529,,
USA-CVD-599,Packaging Corporation of America (Lake Forest IL),701-TA-529,,
USA-CVD-600,Madison Paper Industries (Madison ME),701-TA-530,,
USA-CVD-600,Verso Corporation (Memphis TN),701-TA-530,,
USA-CVD-601,DAK Americas LLC (Charlotte NC),701-TA-531,,
USA-CVD-601,M&G Chemicals (Houston TX),701-TA-531,,
USA-CVD-601,Nan Ya Plastics Corporation America (Lake City SC),701-TA-531,,
USA-CVD-602,DAK Americas LLC (Charlotte NC),701-TA-532,,
USA-CVD-602,M&G Chemicals (Houston TX),701-TA-532,,
USA-CVD-602,Nan Ya Plastics Corporation America (Lake City SC),701-TA-532,,
USA-CVD-603,DAK Americas LLC (Charlotte NC),701-TA-533,,
USA-CVD-603,M&G Chemicals (Houston TX),701-TA-533,,
USA-CVD-603,Nan Ya Plastics Corporation America (Lake City SC),701-TA-533,,
USA-CVD-604,United States Steel Corporation (Pittsburgh Pennsylvania),701-TA-534,,
USA-CVD-604,Nucor Corporation (Charlotte North Carolina),701-TA-534,,
USA-CVD-604,Steel Dynamics Inc. (Fort Wayne Indiana),701-TA-534,,
USA-CVD-604,California Steel Industries (Fontana California),701-TA-534,,
USA-CVD-604,ArcelorMittal USA LLC (Chicago Illinois),701-TA-534,,
USA-CVD-604,AK Steel Corporation (West Chester Oregon),701-TA-534,,
USA-CVD-605,United States Steel Corporation (Pittsburgh Pennsylvania),701-TA-535,,
USA-CVD-605,Nucor Corporation (Charlotte North Carolina),701-TA-535,,
USA-CVD-605,Steel Dynamics Inc. (Fort Wayne Indiana),701-TA-535,,
USA-CVD-605,California Steel Industries (Fontana California),701-TA-535,,
USA-CVD-605,ArcelorMittal USA LLC (Chicago Illinois),701-TA-535,,
USA-CVD-605,AK Steel Corporation (West Chester Oregon),701-TA-535,,
USA-CVD-606,United States Steel Corporation (Pittsburgh Pennsylvania),701-TA-536,,
USA-CVD-606,Nucor Corporation (Charlotte North Carolina),701-TA-536,,
USA-CVD-606,Steel Dynamics Inc. (Fort Wayne Indiana),701-TA-536,,
USA-CVD-606,California Steel Industries (Fontana California),701-TA-536,,
USA-CVD-606,ArcelorMittal USA LLC (Chicago Illinois),701-TA-536,,
USA-CVD-606,AK Steel Corporation (West Chester Oregon),701-TA-536,,
USA-CVD-607,United States Steel Corporation (Pittsburgh Pennsylvania),701-TA-537,,
USA-CVD-607,Nucor Corporation (Charlotte North Carolina),701-TA-537,,
USA-CVD-607,Steel Dynamics Inc. (Fort Wayne Indiana),701-TA-537,,
USA-CVD-607,California Steel Industries (Fontana California),701-TA-537,,
USA-CVD-607,ArcelorMittal USA LLC (Chicago Illinois),701-TA-537,,
USA-CVD-607,AK Steel Corporation (West Chester Oregon),701-TA-537,,
USA-CVD-608,United States Steel Corporation (Pittsburgh Pennsylvania),701-TA-538,,
USA-CVD-608,Nucor Corporation (Charlotte North Carolina),701-TA-538,,
USA-CVD-608,Steel Dynamics Inc. (Fort Wayne Indiana),701-TA-538,,
USA-CVD-608,California Steel Industries (Fontana California),701-TA-538,,
USA-CVD-608,ArcelorMittal USA LLC (Chicago Illinois),701-TA-538,,
USA-CVD-608,AK Steel Corporation (West Chester Oregon),701-TA-538,,
USA-CVD-609,Atlas Tube (Chicago Illinois),701-TA-539,a division of JMC Steel Group,
USA-CVD-609,Bull Moose Tube Company (Chesterfield Missouri),701-TA-539,,
USA-CVD-609,EXLTUBE (North Kansas City Missouri),701-TA-539,,
USA-CVD-609,Hannibal Industries Inc. (Los Angeles California),701-TA-539,,
USA-CVD-609,Independence Tube Corporation (Chicago Illinois),701-TA-539,,
USA-CVD-609,Maruichi American Corporation (Santa Fe Springs California),701-TA-539,,
USA-CVD-609,Searing Industries (Rancho Cucamonga California),701-TA-539,,
USA-CVD-609,Southland Tube (Birmingham Alabama),701-TA-539,,
USA-CVD-610,AK Steel Corporation (West Chester Ohio),701-TA-540,,
USA-CVD-610,ArcelorMittal USA LLC (Chicago Illinois),701-TA-540,,
USA-CVD-610,Nucor Corporation (Charlotte North Carolina),701-TA-540,,
USA-CVD-610,Steel Dynamics Inc. (Fort Wayne Indiana),701-TA-540,,
USA-CVD-610,United States Steel Corporation (Pittsburgh Pennsylvania),701-TA-540,,
USA-CVD-611,AK Steel Corporation (West Chester Ohio),701-TA-541,,
USA-CVD-611,ArcelorMittal USA LLC (Chicago Illinois),701-TA-541,,
USA-CVD-611,Nucor Corporation (Charlotte North Carolina),701-TA-541,,
USA-CVD-611,Steel Dynamics Inc. (Fort Wayne Indiana),701-TA-541,,
USA-CVD-611,United States Steel Corporation (Pittsburgh Pennsylvania),701-TA-541,,
USA-CVD-612,AK Steel Corporation (West Chester Ohio),701-TA-542,,
USA-CVD-612,ArcelorMittal USA LLC (Chicago Illinois),701-TA-542,,
USA-CVD-612,Nucor Corporation (Charlotte North Carolina),701-TA-542,,
USA-CVD-612,Steel Dynamics Inc. (Fort Wayne Indiana),701-TA-542,,
USA-CVD-612,United States Steel Corporation (Pittsburgh Pennsylvania),701-TA-542,,
USA-CVD-613,AK Steel Corporation (West Chester Ohio),701-TA-543,,
USA-CVD-613,ArcelorMittal USA LLC (Chicago Illinois),701-TA-543,,
USA-CVD-613,Nucor Corporation (Charlotte North Carolina),701-TA-543,,
USA-CVD-613,Steel Dynamics Inc. (Fort Wayne Indiana),701-TA-543,,
USA-CVD-613,United States Steel Corporation (Pittsburgh Pennsylvania),701-TA-543,,
USA-CVD-614,AK Steel Corporation (West Chester Ohio),701-TA-544,,
USA-CVD-614,ArcelorMittal USA LLC (Chicago Illinois),701-TA-544,,
USA-CVD-614,Nucor Corporation (Charlotte North Carolina),701-TA-544,,
USA-CVD-614,Steel Dynamics Inc. (Fort Wayne Indiana),701-TA-544,,
USA-CVD-614,United States Steel Corporation (Pittsburgh Pennsylvania),701-TA-544,,
USA-CVD-615,AK Steel Corporation (West Chester Ohio),701-TA-545,,
USA-CVD-615,ArcelorMittal USA LLC (Chicago Illinois),701-TA-545,,
USA-CVD-615,Nucor Corporation (Charlotte North Carolina),701-TA-545,,
USA-CVD-615,SSAB Enterprises LLC (Lisle Illinois),701-TA-545,,
USA-CVD-615,Steel Dynamics Inc. (Fort Wayne Indiana),701-TA-545,,
USA-CVD-615,United States Steel Corporation (Pittsburgh Pennsylvania),701-TA-545,,
USA-CVD-616,AK Steel Corporation (West Chester Ohio),701-TA-546,,
USA-CVD-616,ArcelorMittal USA LLC (Chicago Illinois),701-TA-546,,
USA-CVD-616,Nucor Corporation (Charlotte North Carolina),701-TA-546,,
USA-CVD-616,SSAB Enterprises LLC (Lisle Illinois),701-TA-546,,
USA-CVD-616,Steel Dynamics Inc. (Fort Wayne Indiana),701-TA-546,,
USA-CVD-616,United States Steel Corporation (Pittsburgh Pennsylvania),701-TA-546,,
USA-CVD-617,AK Steel Corporation (West Chester Ohio),701-TA-547,,
USA-CVD-617,ArcelorMittal USA LLC (Chicago Illinois),701-TA-547,,
USA-CVD-617,Nucor Corporation (Charlotte North Carolina),701-TA-547,,
USA-CVD-617,SSAB Enterprises LLC (Lisle Illinois),701-TA-547,,
USA-CVD-617,Steel Dynamics Inc. (Fort Wayne Indiana),701-TA-547,,
USA-CVD-617,United States Steel Corporation (Pittsburgh Pennsylvania),701-TA-547,,
USA-CVD-618,Bristol Metals LLC (Bristol Tennessee),701-TA-548,,
USA-CVD-618,Felker Brothers Corp. (Marshfield Wisconsin),701-TA-548,,
USA-CVD-618,Marcegaglia USA (Munhall Pennsylvania),701-TA-548,,
USA-CVD-618,Outokumpu Stainless USA LLC Inc. (Wildwood Florida),701-TA-548,,
USA-CVD-619,Bull Moose Tube Company (Chesterfield Missouri),701-TA-549,,
USA-CVD-619,EXLTUBE (N. Kansas City Missouri),701-TA-549,,
USA-CVD-619,Wheatland Tube (Chicago Illinois),701-TA-549,a division of JMC Steel Group,
USA-CVD-619,Western Tube and Conduit (Long Beach California),701-TA-549,,
USA-CVD-620,TB Wood’s Incorporated (Chambersburg Pennsylvania),701-TA-550,,
USA-CVD-621,Titan Tire Corporation (Des Moines Iowa),701-TA-551,,
USA-CVD-621,"United Steel, Paper and Forestry, Rubber, Manufacturing, Energy, Allied Industrial and Service Workers International Union, AFL–CIO, CLC (Pittsburgh Pennsylvania)",701-TA-551,,
USA-CVD-622,Titan Tire Corporation (Des Moines Iowa),701-TA-552,,
USA-CVD-622,"United Steel, Paper and Forestry, Rubber, Manufacturing, Energy, Allied Industrial and Service Workers International Union, AFL–CIO, CLC (Pittsburgh Pennsylvania)",701-TA-552,,
USA-CVD-623,Titan Tire Corporation (Des Moines Iowa),701-TA-553,,
USA-CVD-623,"United Steel, Paper and Forestry, Rubber, Manufacturing, Energy, Allied Industrial and Service Workers International Union, AFL–CIO, CLC (Pittsburgh Pennsylvania)",701-TA-553,,
USA-CVD-624,Tensar Corporation (Morrow Georgia),701-TA-554,,
USA-CVD-625,Auburn Manufacturing Inc. (Mechanic Falls Maine),701-TA-555,,
USA-CVD-626,"United Steel, Paper and Forestry, Rubber, Manufacturing, Energy, Allied Industrial and Service Workers International Union (Pittsburg PA)",701-TA-556,,
USA-CVD-627,AK Steel Corp. (West Chester Ohio),701-TA-557,,
USA-CVD-627,Allegheny Ludlum LLC (Pittsburgh Pennsylvania),701-TA-557,,
USA-CVD-627,North American Stainless Inc. (Ghent Kentucky),701-TA-557,,
USA-CVD-627,Outokumpu Stainless USA LLC (Bannockburn Illinois),701-TA-557,,
USA-CVD-628,Compass Chemical International LLC (Smyrna Georgia),701-TA-558,,
USA-CVD-629,ArcelorMittal USA LLC (Chicago Illinois),701-TA-559,,
USA-CVD-629,Nucor Corporation (Charlotte North Carolina),701-TA-559,,
USA-CVD-629,SSAB Enterprises LLC (Lisle Illinois),701-TA-559,,
USA-CVD-630,ArcelorMittal USA LLC (Chicago Illinois),701-TA-560,,
USA-CVD-630,Nucor Corporation (Charlotte North Carolina),701-TA-560,,
USA-CVD-630,SSAB Enterprises LLC (Lisle Illinois),701-TA-560,,
USA-CVD-631,ArcelorMittal USA LLC (Chicago Illinois),701-TA-561,,
USA-CVD-631,Nucor Corporation (Charlotte North Carolina),701-TA-561,,
USA-CVD-631,SSAB Enterprises LLC (Lisle Illinois),701-TA-561,,
USA-CVD-632,"Pasadena Commodities International, Nitrogen LLC (Pasadena Texas)",701-TA-562,,
USA-CVD-633,Weldbend Corporation (Argo Illinois),701-TA-563,,
USA-CVD-633,"Boltex Mfg. Co., L.P.  (Houston Texas)",701-TA-563,,
USA-CVD-634,Rebar Trade Action Coalition,701-TA-564,,
USA-CVD-634,Bayou Steel Group (LaPlace Louisiana),701-TA-564,Rebar Trade Action Coalition Individual Members,
USA-CVD-634,"Byer Steel Group, Inc. (Cincinnati Ohio)",701-TA-564,Rebar Trade Action Coalition Individual Members,
USA-CVD-634,Commercial Metals Company (Irving Texas),701-TA-564,Rebar Trade Action Coalition Individual Members,
USA-CVD-634,Gerdau Ameristeel U.S. Inc. (Tampa Florida),701-TA-564,Rebar Trade Action Coalition Individual Members,
USA-CVD-634,Nucor Corporation (Charlotte North Carolina),701-TA-564,Rebar Trade Action Coalition Individual Members,
USA-CVD-634,"Steel Dynamics, Inc. (Pittsboro Indiana)",701-TA-564,Rebar Trade Action Coalition Individual Members,
USA-CVD-635,Coalition for Fair Trade in Hardwood Plywood,701-TA-565,,
USA-CVD-635,Columbia Forest Products (Greensboro North Carolina),701-TA-565,Coalition for Fair Trade in Hardwood Plywood Individual Members,
USA-CVD-635,Commonwealth Plywood Inc. (Whitehall New York),701-TA-565,Coalition for Fair Trade in Hardwood Plywood Individual Members,
USA-CVD-635,Roseburg Forest Products Co. (Roseburg Oregon),701-TA-565,Coalition for Fair Trade in Hardwood Plywood Individual Members,
USA-CVD-635,States Industries Inc. (Eugene Oregon),701-TA-565,Coalition for Fair Trade in Hardwood Plywood Individual Members,
USA-CVD-635,Timber Products Com. (Springfield Oregon),701-TA-565,Coalition for Fair Trade in Hardwood Plywood Individual Members,
USA-CVD-636,Committee Overseeing Action for Lumber International Trade Investigations or Negotiations (COALITION),701-TA-566,"Coalition Comprises of:  U.S. Lumber Coalition, Inc., Collum’s Lumber Products, L.L.C., Hankins, Inc., Potlach Corp., Rex Lumber Company, Seneca Sawmill Company, Sierra Pacific Industries, Stimson Lumber Company, Swanson Group, Weyerhaeuser Company, Carpenters Industrial Council, Giustina Land and Timber Company, Sullivan Forestry Consultants, Inc",
USA-CVD-637,"Globe Specialty Metals, Inc. (Beverly Ohio)",701-TA-567,,
USA-CVD-638,"Globe Specialty Metals, Inc. (Beverly Ohio)",701-TA-568,,
USA-CVD-639,"Globe Specialty Metals, Inc. (Beverly Ohio)",701-TA-569,,
USA-CVD-640,Aluminum Trade Enforcement Working Group,701-TA-570,,
USA-CVD-641,National Biodiesel Board Fair Trade Coalition,701-TA-571,"an ad hoc association comprised of domestic producers of biodiesel, as well as one trade association",
USA-CVD-642,National Biodiesel Board Fair Trade Coalition,701-TA-572,"an ad hoc association comprised of domestic producers of biodiesel, as well as one trade association",
USA-CVD-643,Gerdau Ameristeel US Inc.,701-TA-573,,
USA-CVD-643,Nucor Corporation,701-TA-573,,
USA-CVD-643,"Keystone Consolidated Industries, Inc.",701-TA-573,,
USA-CVD-643,Charter Steel,701-TA-573,,
USA-CVD-644,Gerdau Ameristeel US Inc.,701-TA-574,,
USA-CVD-644,Nucor Corporation,701-TA-574,,
USA-CVD-644,"Keystone Consolidated Industries, Inc.",701-TA-574,,
USA-CVD-644,Charter Steel,701-TA-574,,
USA-CVD-645,Waterloo Industries Inc.,701-TA-575,,
USA-CVD-646,ArcelorMittal Tubular Products,701-TA-576,,
USA-CVD-646,"Michigan Seamless Tube, LLC",701-TA-576,,
USA-CVD-646,PTC Alliance Corp.,701-TA-576,,
USA-CVD-646,"Webco Industries, Inc.",701-TA-576,,
USA-CVD-646,"Zekelman Industries, Inc.",701-TA-576,,
USA-CVD-647,ArcelorMittal Tubular Products,701-TA-577,,
USA-CVD-647,"Michigan Seamless Tube, LLC",701-TA-577,,
USA-CVD-647,PTC Alliance Corp.,701-TA-577,,
USA-CVD-647,"Webco Industries, Inc.",701-TA-577,,
USA-CVD-647,"Zekelman Industries, Inc.",701-TA-577,,
USA-CVD-648,The Boeing Company,701-TA-578,,
USA-CVD-649,DAK Americas LLC,701-TA-579,,
USA-CVD-649,"Nan Ya Plastics Corporation, America",701-TA-579,,
USA-CVD-649,Auriga Polymers Inc,701-TA-579,,
USA-CVD-650,DAK Americas LLC,701-TA-580,,
USA-CVD-650,"Nan Ya Plastics Corporation, America",701-TA-580,,
USA-CVD-650,Auriga Polymers Inc,701-TA-580,,
USA-CVD-651,Archer Daniels Midland Company,701-TA-581,,
USA-CVD-651,Cargill Incorporated,701-TA-581,,
USA-CVD-651,Tate & Lyle Ingredients America LLC,701-TA-581,,
USA-CVD-652,"Bell-Carter Foods, Inc.",701-TA-582,Coalition for Fair Trade in Ripe Olives,
USA-CVD-652,Musco Family Olive Co.,701-TA-582,Coalition for Fair Trade in Ripe Olives,
USA-CVD-653,Cast Iron Soil Pipe Institute,701-TA-583,,
USA-CVD-654,North Pacific Paper Company,701-TA-584,,
USA-CVD-655,"Core Pipe Products, Inc.",701-TA-585,Coalition of American Flange Producers,
USA-CVD-655,Maass Flange Corporation,701-TA-585,Coalition of American Flange Producers,
USA-CVD-656,"Core Pipe Products, Inc.",701-TA-586,Coalition of American Flange Producers,
USA-CVD-656,Maass Flange Corporation,701-TA-586,Coalition of American Flange Producers,
USA-CVD-657,Titanium Metals Corporation,701-TA-587,,
USA-CVD-658,The Chemours Company FC LLC,701-TA-588,,
USA-CVD-659,Bonney Forge Corporation,701-TA-589,,
USA-CVD-659,"United Steel, Paper and Forestry, Rubber, Manufacturing, Energy, Allied Industrial and Service Workers International Union",701-TA-589,,
USA-CVD-660,"PMP Fermentation Products, Inc.",701-TA-590,,
USA-CVD-661,Self-Initiated by U.S. Department of Commerce (Doc),701-TA-591,,
USA-CVD-662,"Berwick Offray, LLC",701-TA-592,,
USA-CVD-663,"American Cast Iron Pipe Company (Birmingham, Alabama)",701-TA-593,,
USA-CVD-663,"Berg Steel Pipe Corp. (Panama City, Florida)",701-TA-593,,
USA-CVD-663,"Berg Spiral Pipe Corp. (Mobile, Alabama)",701-TA-593,,
USA-CVD-663,"Dura-Bond Industries, Inc. (Export, Pennsylvania)",701-TA-593,,
USA-CVD-663,"Skyline Steel (Newington, Virginia)",701-TA-593,,
USA-CVD-663,"Stupp Corporation (Baton Rouge, Louisiana)",701-TA-593,,
USA-CVD-664,"American Cast Iron Pipe Company (Birmingham, Alabama)",701-TA-594,,
USA-CVD-664,"Berg Steel Pipe Corp. (Panama City, Florida)",701-TA-594,,
USA-CVD-664,"Berg Spiral Pipe Corp. (Mobile, Alabama)",701-TA-594,,
USA-CVD-664,"Dura-Bond Industries, Inc. (Export, Pennsylvania)",701-TA-594,,
USA-CVD-664,"Skyline Steel (Newington, Virginia)",701-TA-594,,
USA-CVD-664,"Stupp Corporation (Baton Rouge, Louisiana)",701-TA-594,,
USA-CVD-665,"American Cast Iron Pipe Company (Birmingham, Alabama)",701-TA-595,,
USA-CVD-665,"Berg Steel Pipe Corp. (Panama City, Florida)",701-TA-595,,
USA-CVD-665,"Berg Spiral Pipe Corp. (Mobile, Alabama)",701-TA-595,,
USA-CVD-665,"Dura-Bond Industries, Inc. (Export, Pennsylvania)",701-TA-595,,
USA-CVD-665,"Skyline Steel (Newington, Virginia)",701-TA-595,,
USA-CVD-665,"Stupp Corporation (Baton Rouge, Louisiana)",701-TA-595,,
USA-CVD-666,"American Cast Iron Pipe Company (Birmingham, Alabama)",701-TA-596,,
USA-CVD-666,"Berg Steel Pipe Corp. (Panama City, Florida)",701-TA-596,,
USA-CVD-666,"Berg Spiral Pipe Corp. (Mobile, Alabama)",701-TA-596,,
USA-CVD-666,"Dura-Bond Industries, Inc. (Export, Pennsylvania)",701-TA-596,,
USA-CVD-666,"Skyline Steel (Newington, Virginia)",701-TA-596,,
USA-CVD-666,"Stupp Corporation (Baton Rouge, Louisiana)",701-TA-596,,
USA-CVD-667,"Cast Iron Soil Pipe Institute, Mundelein, Illinois",701-TA-597,,
USA-CVD-668,"Alliance Rubber Co., Hot Springs, Arkansas",701-TA-598,,
USA-CVD-669,"Alliance Rubber Co., Hot Springs, Arkansas",701-TA-599,,
USA-CVD-670,"Alliance Rubber Co., Hot Springs, Arkansas",701-TA-600,,
USA-CVD-671,Commission and Commerce by Polytex Fibers Corporation (“Polytex”),701-TA-601,combined as Laminated Woven Sacks Fair Trade Coalition,
USA-CVD-671,"ProAmpac, LLC (“ProAmpac”)",701-TA-601,combined as Laminated Woven Sacks Fair Trade Coalition,
USA-CVD-672,"Commission and Commerce by Accuride Corporation, Evansville, Indiana",701-TA-602,,
USA-CVD-672,"Maxion Wheels Akron LLC, Akron, Ohio",701-TA-602,,
USA-CVD-673,"GEO Specialty Chemicals (“GEO”), Inc., Lafayette",701-TA-603,,
USA-CVD-673,"Indiana Chattem Chemicals Inc. (“Chattem”), Chattanooga, Tennessee",701-TA-603,,
USA-CVD-674,"GEO Specialty Chemicals (“GEO”), Inc., Lafayette",701-TA-604,,
USA-CVD-674,"Indiana Chattem Chemicals Inc. (“Chattem”), Chattanooga, Tennessee",701-TA-604,,
USA-CVD-675,"GEO Specialty Chemicals (“GEO”), Inc., Lafayette",701-TA-605,,
USA-CVD-675,"Indiana Chattem Chemicals Inc. (“Chattem”), Chattanooga, Tennessee",701-TA-605,,
USA-CVD-676,"Cambria Company LLC, Eden Prairie, Minnesota",701-TA-606,,
USA-CVD-677,"Worthington Industries Inc., Columbus, Ohio",701-TA-607,,
USA-CVD-677,"Manchester Tank and Equipment, Franklin, Tennessee",701-TA-607,,
USA-CVD-678,"Bulldog Rack Company, Weirton, West Virginia",701-TA-608,combined as Coalition for Fair Rack Imports,
USA-CVD-678,"Hannibal Industries, Inc., Los Angeles, California",701-TA-608,combined as Coalition for Fair Rack Imports,
USA-CVD-678,"Husky Rack and Wire, Denver, North Carolina",701-TA-608,combined as Coalition for Fair Rack Imports,
USA-CVD-678,"Ridg-U-Rak, Inc., North East, Pennsylvania",701-TA-608,combined as Coalition for Fair Rack Imports,
USA-CVD-678,"SpaceRAK, A Division of Heartland Steel Products, Inc., Marysville, Michigan",701-TA-608,combined as Coalition for Fair Rack Imports,
USA-CVD-678,"Speedrack Products Group, Ltd., Sparta, Michigan",701-TA-608,combined as Coalition for Fair Rack Imports,
USA-CVD-678,"Steel King Industries, Inc., Stevens Point, Wisconsin",701-TA-608,combined as Coalition for Fair Rack Imports,
USA-CVD-678,"Tri-Boro Shelving & Partition Corp., Farmville, Virginia",701-TA-608,combined as Coalition for Fair Rack Imports,
USA-CVD-678,"UNARCO Material Handling, Inc., Springfield, Tennessee",701-TA-608,combined as Coalition for Fair Rack Imports,
USA-CVD-679,"Dexstar Wheel, Elkhart, Indiana",701-TA-609,,
USA-CVD-680,"American Keg Company, LLC, Pottstown, Pennsylvania",701-TA-610,,
USA-CVD-681,"Encore Wire Corporation, McKinney, Texas",701-TA-611,,
USA-CVD-681,"Southwire Company, LLC, Carrollton, Georgia",701-TA-611,,
USA-CVD-682,"Unifi Manufacturing, Inc., Greensboro, North Carolina",701-TA-612,,
USA-CVD-682,"Nan Ya Plastics Corp. America, Lake City, South Carolina",701-TA-612,,
USA-CVD-683,"Unifi Manufacturing, Inc., Greensboro, North Carolina",701-TA-613,,
USA-CVD-683,"Nan Ya Plastics Corp. America, Lake City, South Carolina",701-TA-613,,
USA-CVD-684,"US Magnesium LLC, Salt Lake City, Utah",701-TA-614,,
USA-CVD-685,"American Institute of Steel Construction, LLC, Chicago, IL",701-TA-615,,
USA-CVD-686,"American Institute of Steel Construction, LLC, Chicago, IL",701-TA-616,,
USA-CVD-687,"American Institute of Steel Construction, LLC, Chicago, IL",701-TA-617,,
USA-CVD-688,"Vulcan Steel Products Inc., Pelham, Alabama",701-TA-618,,
USA-CVD-689,"Vulcan Steel Products Inc., Pelham, Alabama",701-TA-619,,
USA-CVD-690,American Kitchen Cabinet Alliance,701-TA-620,The AKCA is comprised of more than 50 member companies based across the United States.,
USA-CVD-691,"American Wonder Porcelain, Lebanon, TN",701-TA-621,combined as Coalition for Fair Trade in Ceramic Tile,
USA-CVD-691,"Florida Tile, Inc., Lexington, KY",701-TA-621,combined as Coalition for Fair Trade in Ceramic Tile,
USA-CVD-691,"Crossville, Inc., Crossville, TN",701-TA-621,combined as Coalition for Fair Trade in Ceramic Tile,
USA-CVD-691,"Florim USA, Clarksville, TN",701-TA-621,combined as Coalition for Fair Trade in Ceramic Tile,
USA-CVD-691,"Dal-Tile Corporation, Dallas, TX",701-TA-621,combined as Coalition for Fair Trade in Ceramic Tile,
USA-CVD-691,"Landmark Ceramics, Mount Pleasant, TN",701-TA-621,combined as Coalition for Fair Trade in Ceramic Tile,
USA-CVD-691,"Del Conca USA, Inc., Loudon, TN",701-TA-621,combined as Coalition for Fair Trade in Ceramic Tile,
USA-CVD-691,"StonePeak Ceramics, Chicago, Illinois",701-TA-621,combined as Coalition for Fair Trade in Ceramic Tile,
USA-CVD-692,"Graceland Fruit, Inc.",701-TA-622,combined as Dried Tart Cherry Trade Committee,
USA-CVD-692,Payson Fruit Growers Coop,701-TA-622,combined as Dried Tart Cherry Trade Committee,
USA-CVD-692,"Shoreline Fruit, LLC",701-TA-622,combined as Dried Tart Cherry Trade Committee,
USA-CVD-692,"Smeltzer Orchard, Co",701-TA-622,combined as Dried Tart Cherry Trade Committee,
USA-CVD-693,"Hirsh Industries LLC, West Des Moines, IA",701-TA-623,,
USA-CVD-694,"Cambria Company LLC, Eden Prairie, Minnesota",701-TA-624,,
USA-CVD-695,"Cambria Company LLC, Eden Prairie, Minnesota",701-TA-625,,
USA-CVD-696,"Kyocera Senco Industrial Tools, Inc., Cincinnati, Ohio",701-TA-626,,
USA-CVD-697,"Wind Tower Trade Coalition (Arcosa Wind Towers, Inc. (Dallas, TX)",701-TA-627,,
USA-CVD-697,"Broadwind Towers, Inc. (Manitowoc, WI)",701-TA-627,,
USA-CVD-698,"Wind Tower Trade Coalition (Arcosa Wind Towers, Inc. (Dallas, TX)",701-TA-628,,
USA-CVD-698,"Broadwind Towers, Inc. (Manitowoc, WI)",701-TA-628,,
USA-CVD-699,"Wind Tower Trade Coalition (Arcosa Wind Towers, Inc. (Dallas, TX)",701-TA-629,,
USA-CVD-699,"Broadwind Towers, Inc. (Manitowoc, WI)",701-TA-629,,
USA-CVD-700,"Anchor Glass Container Corporation, Tampa, Florida and Chicago, Illinois",701-TA-630,American Glass Packaging Coalition,
USA-CVD-701,"Bonney Forge Corporation (“Bonney”), Mount Union, Pennsylvania",701-TA-631,,
USA-CVD-701,"the United Steel, Paper and Forestry, Rubber, Manufacturing, Energy, Allied Industrial and Service Workers International Union (“USW”), Pittsburgh, Pennsylvania",701-TA-631,,
USA-CVD-702,"Ellwood City Forge Company, Ellwood City, Pennsylvania",701-TA-632,,
USA-CVD-702,"Ellwood Quality Steels Company, Ellwood City, Pennsylvania",701-TA-632,,
USA-CVD-702,"Ellwood National Steel Company, Ellwood City, Pennsylvania",701-TA-632,,
USA-CVD-702,"A. Finkl & Sons, Chicago, Illinois",701-TA-632,,
USA-CVD-702,"Forging Industry Association, Cleveland, Ohio",701-TA-632,,
USA-CVD-702,"Ellwood Group, Cleveland, Ellwood City, Pennsylvania",701-TA-632,,
USA-CVD-702,"Finkl Steel, Cleveland, Chicago, IL",701-TA-632,,
USA-CVD-703,"Ellwood City Forge Company, Ellwood City, Pennsylvania",701-TA-633,,
USA-CVD-703,"Ellwood Quality Steels Company, Ellwood City, Pennsylvania",701-TA-633,,
USA-CVD-703,"Ellwood National Steel Company, Ellwood City, Pennsylvania",701-TA-633,,
USA-CVD-703,"A. Finkl & Sons, Chicago, Illinois",701-TA-633,,
USA-CVD-703,"Forging Industry Association, Cleveland, Ohio",701-TA-633,,
USA-CVD-703,"Ellwood Group, Cleveland, Ellwood City, Pennsylvania",701-TA-633,,
USA-CVD-703,"Finkl Steel, Cleveland, Chicago, IL",701-TA-633,,
USA-CVD-704,"Ellwood City Forge Company, Ellwood City, Pennsylvania",701-TA-634,,
USA-CVD-704,"Ellwood Quality Steels Company, Ellwood City, Pennsylvania",701-TA-634,,
USA-CVD-704,"Ellwood National Steel Company, Ellwood City, Pennsylvania",701-TA-634,,
USA-CVD-704,"A. Finkl & Sons, Chicago, Illinois",701-TA-634,,
USA-CVD-704,"Forging Industry Association, Cleveland, Ohio",701-TA-634,,
USA-CVD-704,"Ellwood Group, Cleveland, Ellwood City, Pennsylvania",701-TA-634,,
USA-CVD-704,"Finkl Steel, Cleveland, Chicago, IL",701-TA-634,,
USA-CVD-705,"Ellwood City Forge Company, Ellwood City, Pennsylvania",701-TA-635,,
USA-CVD-705,"Ellwood Quality Steels Company, Ellwood City, Pennsylvania",701-TA-635,,
USA-CVD-705,"Ellwood National Steel Company, Ellwood City, Pennsylvania",701-TA-635,,
USA-CVD-705,"A. Finkl & Sons, Chicago, Illinois",701-TA-635,,
USA-CVD-705,"Forging Industry Association, Cleveland, Ohio",701-TA-635,,
USA-CVD-705,"Ellwood Group, Cleveland, Ellwood City, Pennsylvania",701-TA-635,,
USA-CVD-705,"Finkl Steel, Cleveland, Chicago, IL",701-TA-635,,
USA-CVD-706,"Bright Wood Corporation, Madras, OR",701-TA-636,combined as Coalition of American Millwork Producers,
USA-CVD-706,"Cascade Wood Products, Inc., White City, OR",701-TA-636,combined as Coalition of American Millwork Producers,
USA-CVD-706,"Endura Products, Inc., Colfax, NC",701-TA-636,combined as Coalition of American Millwork Producers,
USA-CVD-706,"Sierra Pacific Industries, Red Bluff, CA",701-TA-636,combined as Coalition of American Millwork Producers,
USA-CVD-706,"Sunset Moulding, Live Oak, CA",701-TA-636,combined as Coalition of American Millwork Producers,
USA-CVD-706,"Woodgrain Millwork Inc., Fruitland, ID",701-TA-636,combined as Coalition of American Millwork Producers,
USA-CVD-706,"Yuba River Moulding, Yuba City, CA",701-TA-636,combined as Coalition of American Millwork Producers,
USA-CVD-707,"Kohler Co., Kohler, Wisconsin",701-TA-637,combined as Coalition of American Vertical Engine Producers,
USA-CVD-707,"Briggs & Stratton Corporation, Wauwatosa, Wisconsin",701-TA-637,combined as Coalition of American Vertical Engine Producers,
USA-CVD-708,"Wincom Incorporated (“Wincom”), Blue Ash, Ohio",701-TA-638,,
USA-CVD-709,"Aleris Rolled Products, Inc., Beachwood, Ohio",701-TA-639,combined as Aluminum Association Common Alloy Aluminum Sheet Working Group,
USA-CVD-709,"Arconic, Inc., Bettendorf, Iowa",701-TA-639,combined as Aluminum Association Common Alloy Aluminum Sheet Working Group,
USA-CVD-709,"Constellium Rolled Products Ravenswood, LLC, Ravenswood, West Virginia",701-TA-639,combined as Aluminum Association Common Alloy Aluminum Sheet Working Group,
USA-CVD-709,"JW Aluminum Company, Daniel Island, South Carolina",701-TA-639,combined as Aluminum Association Common Alloy Aluminum Sheet Working Group,
USA-CVD-709,"Novelis Corporation, Atlanta, Georgia",701-TA-639,combined as Aluminum Association Common Alloy Aluminum Sheet Working Group,
USA-CVD-709,"Texarkana Aluminum, Inc., Texarkana, Texas",701-TA-639,combined as Aluminum Association Common Alloy Aluminum Sheet Working Group,
USA-CVD-710,"Aleris Rolled Products, Inc., Beachwood, Ohio",701-TA-640,combined as Aluminum Association Common Alloy Aluminum Sheet Working Group,
USA-CVD-710,"Arconic, Inc., Bettendorf, Iowa",701-TA-640,combined as Aluminum Association Common Alloy Aluminum Sheet Working Group,
USA-CVD-710,"Constellium Rolled Products Ravenswood, LLC, Ravenswood, West Virginia",701-TA-640,combined as Aluminum Association Common Alloy Aluminum Sheet Working Group,
USA-CVD-710,"JW Aluminum Company, Daniel Island, South Carolina",701-TA-640,combined as Aluminum Association Common Alloy Aluminum Sheet Working Group,
USA-CVD-710,"Novelis Corporation, Atlanta, Georgia",701-TA-640,combined as Aluminum Association Common Alloy Aluminum Sheet Working Group,
USA-CVD-710,"Texarkana Aluminum, Inc., Texarkana, Texas",701-TA-640,combined as Aluminum Association Common Alloy Aluminum Sheet Working Group,
USA-CVD-711,"Aleris Rolled Products, Inc., Beachwood, Ohio",701-TA-641,combined as Aluminum Association Common Alloy Aluminum Sheet Working Group,
USA-CVD-711,"Arconic, Inc., Bettendorf, Iowa",701-TA-641,combined as Aluminum Association Common Alloy Aluminum Sheet Working Group,
USA-CVD-711,"Constellium Rolled Products Ravenswood, LLC, Ravenswood, West Virginia",701-TA-641,combined as Aluminum Association Common Alloy Aluminum Sheet Working Group,
USA-CVD-711,"JW Aluminum Company, Daniel Island, South Carolina",701-TA-641,combined as Aluminum Association Common Alloy Aluminum Sheet Working Group,
USA-CVD-711,"Novelis Corporation, Atlanta, Georgia",701-TA-641,combined as Aluminum Association Common Alloy Aluminum Sheet Working Group,
USA-CVD-711,"Texarkana Aluminum, Inc., Texarkana, Texas",701-TA-641,combined as Aluminum Association Common Alloy Aluminum Sheet Working Group,
USA-CVD-712,"Aleris Rolled Products, Inc., Beachwood, Ohio",701-TA-642,combined as Aluminum Association Common Alloy Aluminum Sheet Working Group,
USA-CVD-712,"Arconic, Inc., Bettendorf, Iowa",701-TA-642,combined as Aluminum Association Common Alloy Aluminum Sheet Working Group,
USA-CVD-712,"Constellium Rolled Products Ravenswood, LLC, Ravenswood, West Virginia",701-TA-642,combined as Aluminum Association Common Alloy Aluminum Sheet Working Group,
USA-CVD-712,"JW Aluminum Company, Daniel Island, South Carolina",701-TA-642,combined as Aluminum Association Common Alloy Aluminum Sheet Working Group,
USA-CVD-712,"Novelis Corporation, Atlanta, Georgia",701-TA-642,combined as Aluminum Association Common Alloy Aluminum Sheet Working Group,
USA-CVD-712,"Texarkana Aluminum, Inc., Texarkana, Texas",701-TA-642,combined as Aluminum Association Common Alloy Aluminum Sheet Working Group,
USA-CVD-713,"Briggs & Stratton Corporation, Wauwatosa, Wisconsin",701-TA-643,,
USA-CVD-714,"Worthington Industries, Columbus, Ohio",701-TA-644,,
USA-CVD-715,"Brooklyn Bedding (Phoenix, Arizona)",701-TA-645,,
USA-CVD-715,"Corsicana Mattress Company (Dallas, Texas)",701-TA-645,,
USA-CVD-715,"Elite Comfort Solutions (Newnan, Georgia)",701-TA-645,,
USA-CVD-715,"FXI, Inc. (Media, Pennsylvania)",701-TA-645,,
USA-CVD-715,"Innocor, Inc. (Media, Pennsylvania)",701-TA-645,,
USA-CVD-715,"Kolcraft Enterprises, Inc. (Chicago, Illinois)",701-TA-645,,
USA-CVD-715,"Leggett & Platt, Incorporated (Carthage, Missouri)",701-TA-645,,
USA-CVD-715,"the International Brotherhood of Teamsters (Washington, DC)",701-TA-645,,
USA-CVD-715,"United Steel, Paper and Forestry, Rubber, Manufacturing, Energy, Allied Industrial and Service Workers International Union, AFL-CIO (Washington, DC)",701-TA-645,,
USA-CVD-716,"Insteel Wire Products Company, Mount Airy, North Carolina",701-TA-646,,
USA-CVD-716,"Sumiden Wire Products Corporation, Dickson, Tennessee",701-TA-646,,
USA-CVD-716,"Wire Mesh Corp., Houston Texas",701-TA-646,,
USA-CVD-717,"United Steel, Paper and Forestry, Rubber, Manufacturing, Energy, Allied Industrial and Service Workers International Union, AFL-CIO, CLC (“USW”), Pittsburgh, Pennsylvania",701-TA-647,,
USA-CVD-718,"MTD Products Inc., Valley City, Ohio",701-TA-648,,
USA-CVD-719,"Bedford Industries Inc., Worthington, Minnesota.",701-TA-649,,
USA-CVD-720,"The Mosaic Company, Plymouth, Minnesota",701-TA-650,,
USA-CVD-721,"The Mosaic Company, Plymouth, Minnesota",701-TA-651,,
USA-CVD-722,"Globe Specialty Metals, Inc., Beverly, Ohio",701-TA-652,,
USA-CVD-722,"Mississippi Silicon LLC, Burnsville, Mississippi",701-TA-652,,
USA-CVD-723,"Insteel Industries Inc., Mount Airy, North Carolina",701-TA-653,,
USA-CVD-723,"Mid South Wire Company, Nashville, Tennessee",701-TA-653,,
USA-CVD-723,"National Wire LLC, Conroe, Texas",701-TA-653,,
USA-CVD-723,"Oklahoma Steel & Wire Co., Madill, Oklahoma",701-TA-653,,
USA-CVD-723,"Wire Mesh Corp., Houston, Texas",701-TA-653,,
USA-CVD-724,"Vallourec Star, LP, Houston, Texas",701-TA-654,,
USA-CVD-725,"Vallourec Star, LP, Houston, Texas",701-TA-655,,
USA-CVD-726,"List Industries, Inc., Deerfield Beach, Florida",701-TA-656,,
USA-CVD-726,"Lyon LLC, Montgomery, Illinois",701-TA-656,,
USA-CVD-726,"Penco Products, Inc., Greenville, North Carolina",701-TA-656,,
USA-CVD-726,"Tennsco Corp., Dickson, Tennessee",701-TA-656,,
USA-CVD-727,"Cheetah Chassis Corporation, Fairless Hills, Pennsylvania",701-TA-657,combined as Coalition of American Chassis Manufacturers,
USA-CVD-727,"Hercules Enterprises, LLC, Hillsborough, New Jersey",701-TA-657,combined as Coalition of American Chassis Manufacturers,
USA-CVD-727,"Pitts Enterprises, Inc., Pittsview, Alabama",701-TA-657,combined as Coalition of American Chassis Manufacturers,
USA-CVD-727,"Pratt Industries, Inc., Bridgman, Michigan",701-TA-657,combined as Coalition of American Chassis Manufacturers,
USA-CVD-727,"Stoughton Trailers, LLC, Stoughton, Wisconsin",701-TA-657,combined as Coalition of American Chassis Manufacturers,
USA-CVD-728,"Aluminum Association Trade Enforcement Working Group, Arlington, Virginia",701-TA-658,,
USA-CVD-728,"Gränges Americas Inc., Franklin, Tennessee",701-TA-658,,
USA-CVD-728,"JW Aluminum Company, Daniel Island, South Carolina",701-TA-658,,
USA-CVD-728,"Novelis Corporation, Atlanta, Georgia",701-TA-658,,
USA-CVD-729,"Aluminum Association Trade Enforcement Working Group, Arlington, Virginia",701-TA-659,,
USA-CVD-729,"Gränges Americas Inc., Franklin, Tennessee",701-TA-659,,
USA-CVD-729,"JW Aluminum Company, Daniel Island, South Carolina",701-TA-659,,
USA-CVD-729,"Novelis Corporation, Atlanta, Georgia",701-TA-659,,
USA-CVD-730,"Arcosa Wind Towers Inc., Dallas, Texas",701-TA-660,combined as Wind Tower Trade Coalition,
USA-CVD-730,"Broadwind Towers, Inc., Manitowoc, Wisconsin",701-TA-660,combined as Wind Tower Trade Coalition,
USA-CVD-731,"Arcosa Wind Towers Inc., Dallas, Texas",701-TA-661,combined as Wind Tower Trade Coalition,
USA-CVD-731,"Broadwind Towers, Inc., Manitowoc, Wisconsin",701-TA-661,combined as Wind Tower Trade Coalition,