CASE_ID,F_FIRM,F_CVD_MEASURE_FIRM,COUNTRY,NOTES
CHN-CVD-1,AK Steel Corporation,11.7,USA,AVD
CHN-CVD-1,ATI Allegheny Ludlum Corporation,12,USA,AVD
CHN-CVD-2,Pilgrim's Pride Corporation,53.4,USA,AVD
CHN-CVD-2,Tyson Foods Inc.,50.3,USA,AVD
CHN-CVD-2,Keystone Foods LLC,50.3,USA,AVD
CHN-CVD-2,Sanderson Farms Inc.,51.8,USA,AVD
CHN-CVD-2,Lamex Foods Inc.,51.8,USA,AVD
CHN-CVD-2,Mountaire Farms,51.8,USA,AVD
CHN-CVD-2,Wayne Farms LLC,51.8,USA,AVD
CHN-CVD-2,Koch Foods LLC,51.8,USA,AVD
CHN-CVD-2,O.K. Foods Inc.,51.8,USA,AVD
CHN-CVD-2,Interra International Inc.,51.8,USA,AVD
CHN-CVD-2,Mar-Jac Poultry Inc.,51.8,USA,AVD
CHN-CVD-2,Peco Foods Inc.,51.8,USA,AVD
CHN-CVD-2,House of Raeford Farms Inc.,51.8,USA,AVD
CHN-CVD-2,Foster Poultry Farms,51.8,USA,AVD
CHN-CVD-2,Fieldale Farms Corporation,51.8,USA,AVD
CHN-CVD-2,Water Valley Poultry LLC,51.8,USA,AVD
CHN-CVD-2,Kralis Brothers Foods LLC,51.8,USA,AVD
CHN-CVD-2,Case Farms LLC,51.8,USA,AVD
CHN-CVD-2,Perdue Farms Inc.,51.8,USA,AVD
CHN-CVD-2,Butterfield Foods Company Inc.,51.8,USA,AVD
CHN-CVD-2,Amick Farms LLC,51.8,USA,AVD
CHN-CVD-2,Claxton Poultry Farms,51.8,USA,AVD
CHN-CVD-2,Gold'n Plump Farms Limited Partnership LLP,51.8,USA,AVD
CHN-CVD-2,Allen Family Foods Inc.,51.8,USA,AVD
CHN-CVD-2,Metafoods LLC,51.8,USA,AVD
CHN-CVD-2,B&B Poultry Co. Inc.,51.8,USA,AVD
CHN-CVD-2,Harrison Poultry Inc.,51.8,USA,AVD
CHN-CVD-2,Simmons Prepared Foods,51.8,USA,AVD
CHN-CVD-2,Tip Top Poultry Inc.,51.8,USA,AVD
CHN-CVD-2,Boston Agrex Inc.,51.8,USA,AVD
CHN-CVD-2,Townsends Inc.,51.8,USA,AVD
CHN-CVD-2,George's Inc.,51.8,USA,AVD
CHN-CVD-2,Gerber Poultry Inc.,51.8,USA,AVD
CHN-CVD-2,Export Packers Co. Ltd,51.8,USA,AVD
CHN-CVD-2,Petaluma Acquisition LLC,51.8,USA,AVD
CHN-CVD-3,General Motors,12.9,USA,AVD (preliminary measure is the same)
CHN-CVD-3,Chrysler,6.2,USA,AVD (preliminary measure is the same)
CHN-CVD-3,Mercedes-Benz,.,USA,
CHN-CVD-3,BMW,.,USA,
CHN-CVD-3,Honda,.,USA,
CHN-CVD-3,Ford,.,USA,
CHN-CVD-3,All others,12.9,USA,AVD (preliminary measure is the same)
CHN-CVD-4,ROQUETTEFRERES,7.5,EU,
CHN-CVD-4,AVEBEU.A.,12.4,EU,
CHN-CVD-4,Avebe Kartoffelstarke fabrik Prignitz/WendlandGmbH,12.4,EU,
CHN-CVD-4,All others,12.4,EU,
CHN-CVD-5,MI,MI,USA,
CHN-CVD-6,Germany Schmid Group,1.2,EU,
CHN-CVD-6,Joint Solar Silicon (JSS),1.2,EU,
CHN-CVD-6,Italy MEMC Electronic Materials SpA,1.2,EU,
CHN-CVD-6,MEMC Electronic Materials,1.2,EU,
CHN-CVD-6,SILFAB S.p.A.,1.2,EU,
CHN-CVD-6,Estelux S.r.l.,1.2,EU,
CHN-CVD-6,PrimeSolar S.r.l.,1.2,EU,
CHN-CVD-6,Spain Siliken Spain,1.2,EU,
CHN-CVD-7,.,.,EU,
CHN-CVD-8,Poet Research Center Inc.,11.2,USA,
CHN-CVD-8,Poet Biorefining - Fostoria LLC,11.2,USA,
CHN-CVD-8,Northern Lights Ethanol LLC,11.2,USA,
CHN-CVD-8,Great Plains Ethanol LLC,11.2,USA,
CHN-CVD-8,James Valley Ethanol LLC,11.2,USA,
CHN-CVD-8,Sioux River Ethanol LLC,11.2,USA,
CHN-CVD-8,Poet Biorefining  - Leipsic LLC,11.2,USA,
CHN-CVD-8,Poet Biorefining - Marion LLC,11.2,USA,
CHN-CVD-8,Prairie Ethanol LLC,11.2,USA,
CHN-CVD-8,Poet Biorefining - Alexandria LLC,11.2,USA,
CHN-CVD-8,Poet Biorefining - North Manchester LLC,11.2,USA,
CHN-CVD-8,Poet Biorefining - Portland LLC,11.2,USA,
CHN-CVD-8,Ethanol2000 LLP,11.2,USA,
CHN-CVD-8,Northstar Ethanol LLC,11.2,USA,
CHN-CVD-8,Pro-Corn LLC,11.2,USA,
CHN-CVD-8,Agra Resources LLC,11.2,USA,
CHN-CVD-8,Northeast Missouri Grain LLC,11.2,USA,
CHN-CVD-8,Missouri Ethanol LLC,11.2,USA,
CHN-CVD-8,Michigan Ethanol LLC,11.2,USA,
CHN-CVD-8,TCE LLC,11.2,USA,
CHN-CVD-8,Horizon Ethanol LLC,11.2,USA,
CHN-CVD-8,Iowa Ethanol LLC,11.2,USA,
CHN-CVD-8,Frontier Ethanol LLC,11.2,USA,
CHN-CVD-8,Pinnacle Ethanol LLC,11.2,USA,
CHN-CVD-8,Otter Creek Ethanol LLC,11.2,USA,
CHN-CVD-8,Voyager Ethanol LLC,11.2,USA,
CHN-CVD-8,Poet Biorefining - Coverdale LLC,11.2,USA,
CHN-CVD-8,Big River Resources LLC,11.5,USA,
CHN-CVD-8,Marquis Energy LLC,11.6,USA,
CHN-CVD-8,Marquis Energy - Wisconsin LLC,11.6,USA,
CHN-CVD-8,Absolute Energy LLC,11.4,USA,
CHN-CVD-8,Ace Ethanol LLC,11.4,USA,
CHN-CVD-8,Archer-Daniels-Midland Company,11.4,USA,
CHN-CVD-8,Elkhorn Valley Ethanol LLC,11.4,USA,
CHN-CVD-8,Flint Hills Resources LP,11.4,USA,
CHN-CVD-8,Golden Grain Energy LLC,11.4,USA,
CHN-CVD-8,Illinois River Energy LLC,11.4,USA,
CHN-CVD-8,Louis Dreyfus Commodities Grand Junction LLC,11.4,USA,
CHN-CVD-8,Patriot Renewable Fuels LLC,11.4,USA,
CHN-CVD-8,The Andersons Albion Ethanol LLC,11.4,USA,
CHN-CVD-8,The Andersons Clymers Ethanol LLC,11.4,USA,
CHN-CVD-8,The Andersons Denison Ethanol LLC,11.4,USA,
CHN-CVD-8,The Andersons Marathon Ethanol LLC,11.4,USA,
CHN-CVD-8,Valero Renewable Fuels Company LLC,11.4,USA,
CHN-CVD-8,All others,12,USA,
CHN-CVD-9,Aarti Industries Ltd.,21.2,IND,
CHN-CVD-9,All others,166.8,IND,
CHN-CVD-10,.,.,.,
CHN-CVD-11,MI,MI,MI,
CHN-CVD-12,All Firms,6.9,Australia,
CHN-CVD-13,The Dow Chemical Company,MI,USA,
CHN-CVD-13,OXEA Corporation,MI,USA,
CHN-CVD-13,All others,MI,USA,
CHN-CVD-14,MI,MI,USA,
CHN-CVD-15,MI,MI,Australia,